id,split,x,raw_logit,y,true_probability
C00001,calibration,-0.0093936092014628002,-0.62254466208351067,0,0.42280420771233207
C00002,calibration,0.3131362666483975,0.15152703995615402,1,0.51893182496276924
C00003,calibration,-1.0520189466646392,-3.1248454719951342,0,0.17329927500364783
C00004,calibration,1.2957550779689049,2.5098121871253714,1,0.77814797393198254
C00005,calibration,-0.022273215799969649,-0.65345571791992718,1,0.41903699782037251
C00006,calibration,0.50250738339555434,0.60601772014933031,0,0.57517789239617423
C00007,calibration,-1.3314830062435479,-3.795559214984515,1,0.13035998542649141
C00008,calibration,-0.22893406687490592,-1.1494417604997742,0,0.36014822151948866
C00009,calibration,0.12740119016734811,-0.29423714359836456,1,0.46328655161354504
C00010,calibration,-0.77575093594184441,-2.4618022462604263,0,0.22602374702392836
C00011,calibration,-0.086773872720719292,-0.80825729452972628,1,0.40032079342742954
C00012,calibration,-0.37350180949226958,-1.4964043427814469,1,0.32121316480482148
C00013,calibration,-1.8025553052486634,-4.9261327325967912,0,0.078488266608169099
C00014,calibration,1.4348140628352481,2.8435537508045954,1,0.80561682329124906
C00015,calibration,0.72841520001278892,1.1481964800306934,1,0.6397082838528263
C00016,calibration,1.5680551220491734,3.1633322929180161,1,0.82944035553362294
C00017,calibration,-2.0560325834526636,-5.5344782002863919,0,0.059120402211026074
C00018,calibration,1.6669426634823761,3.400662392357702,0,0.84557798609074608
C00019,calibration,-0.28482011483321834,-1.283568275599724,0,0.34484334403591699
C00020,calibration,-0.43760310268214131,-1.6502474464371391,0,0.30467711938234265
C00021,calibration,0.66137867719146248,0.98730882525951003,1,0.62096693991949925
C00022,calibration,-1.9742133862143882,-5.3381121269145311,0,0.064824168423042075
C00023,calibration,-0.36659222451701273,-1.4798213388408306,0,0.32302367820853106
C00024,calibration,-0.34766453895077187,-1.4343948934818525,0,0.32801042254306867
C00025,calibration,0.32087155423213232,0.17009173015711754,0,0.52124866053872765
C00026,calibration,0.88015813828185474,1.512379531876451,1,0.68052591971697485
C00027,calibration,-1.2823492320129213,-3.6776381568310113,0,0.13719101795986355
C00028,calibration,-0.36527795508887401,-1.4766670922132976,0,0.32336865877659599
C00029,calibration,-1.1762617547560499,-3.4230282114145196,0,0.15296743241724492
C00030,calibration,1.1886858263418543,2.2528459832204502,1,0.755178170914374
C00031,calibration,0.83281468074498688,1.3987552337879685,0,0.66804976737993838
C00032,calibration,1.8335943590547084,3.8006264617313001,1,0.86992697308030342
C00033,calibration,0.68174181747352181,1.0361803619364522,1,0.62670107841556877
C00034,calibration,-0.69952741864867096,-2.2788658047568102,0,0.24242449601661173
C00035,calibration,0.053222792889607219,-0.47226529706494269,0,0.4412396176608761
C00036,calibration,-0.17413751986357465,-1.017930047672579,1,0.37543617942711849
C00037,calibration,-0.27364754563474875,-1.2567541095233969,1,0.34787862672725434
C00038,calibration,1.8419896512976948,3.8207751631144675,1,0.87106268436206336
C00039,calibration,-0.98581576289082251,-2.9659578309379739,0,0.18497789328896569
C00040,calibration,0.56789976801616893,0.76295944323880549,0,0.59422994416361485
C00041,calibration,-2.3856072851883003,-6.3254574844519205,0,0.040592649692903923
C00042,calibration,-0.11058816203913764,-0.86541158889393033,1,0.3934803982748506
C00043,calibration,0.74579141831404416,1.1898994039537061,0,0.64450002951999585
C00044,calibration,-0.79120995215460432,-2.4989038851710501,0,0.2227950246053107
C00045,calibration,-0.077687835104522984,-0.78645080425085512,0,0.40294109252954352
C00046,calibration,-0.80449254580127194,-2.5307821099230527,1,0.22004724827427952
C00047,calibration,0.30790537701288651,0.13897290483092761,0,0.51736462676671902
C00048,calibration,-0.056282043025209283,-0.73507690326050223,1,0.40913595207260844
C00049,calibration,-0.5228374631676459,-1.85480991160235,1,0.28345148916258045
C00050,calibration,1.3398445108200174,2.6156268259680417,0,0.78714703072065006
C00051,calibration,0.66883302497029729,1.0051992599287134,0,0.62307005912529223
C00052,calibration,0.14729858164856241,-0.2464834040434502,0,0.46922851241098174
C00053,calibration,-0.1393573059161245,-0.9344575341986987,0,0.38527236664962605
C00054,calibration,0.54169047897269806,0.70005714953447529,1,0.58662450820679757
C00055,calibration,0.79285209632206244,1.3028450311729496,1,0.65733095167470168
C00056,calibration,0.33902922714072131,0.21367014513773119,1,0.52668339320899815
C00057,calibration,-0.9240076045018103,-2.8176182508043448,0,0.19642195650221847
C00058,calibration,0.89142984843882234,1.5394316362531733,1,0.6834594162844414
C00059,calibration,-0.013535349756400222,-0.63248483941536049,1,0.42159177092157157
C00060,calibration,1.3525362974245967,2.6460871138190321,1,0.78968762940476622
C00061,calibration,-0.10847901199723865,-0.86034962879337273,0,0.3940845882771899
C00062,calibration,1.165336838311172,2.1968084119468125,1,0.7499609824651654
C00063,calibration,0.80494197256148692,1.3318607341475683,1,0.66059130224027429
C00064,calibration,-2.277798858989132,-6.066717261573916,0,0.045941390928025537
C00065,calibration,-0.37775600092021472,-1.5066144022085153,0,0.32010110569028499
C00066,calibration,1.1486373115540074,2.1567295477296176,0,0.7461844072598246
C00067,calibration,-2.2545783958773775,-6.0109881501057059,0,0.047178285462117796
C00068,calibration,-0.16657219338638807,-0.99977326412733136,0,0.37756731105387353
C00069,calibration,1.3547131400758554,2.6513115361820527,1,0.79012113995721123
C00070,calibration,-0.11944678070273333,-0.88667227368655999,1,0.3909463223628547
C00071,calibration,0.19677023477932745,-0.12775143652961413,0,0.48403649779833896
C00072,calibration,0.35978980509318864,0.26349553222365274,0,0.53288938223532667
C00073,calibration,0.41932130473099266,0.40637113135438241,0,0.55062235179351393
C00074,calibration,-1.40525497368795,-3.9726119368510799,0,0.12064822163742682
C00075,calibration,1.4795144336370767,2.950834640728984,1,0.81387939595312186
C00076,calibration,-0.53108366517331473,-1.8746007964159555,0,0.28144597196427562
C00077,calibration,-0.28732292527408687,-1.2895750206578085,0,0.34416511941410105
C00078,calibration,-0.72269374088189997,-2.3344649781165598,1,0.2373555891344275
C00079,calibration,0.22502687594173107,-0.059935497739845411,1,0.49250862341999391
C00080,calibration,-0.564597905626812,-1.9550349735043486,0,0.27338464617253672
C00081,calibration,-0.19306021634754908,-1.0633445192341178,0,0.37012694455128753
C00082,calibration,0.81371639503511539,1.3529193480842769,1,0.66294807584365467
C00083,calibration,2.479928612440474,5.351828669857138,1,0.93559035488800213
C00084,calibration,0.38536994070694958,0.32488785769667894,0,0.54052191358777835
C00085,calibration,1.4607122274757864,2.9057093459418875,1,0.81043738218386496
C00086,calibration,0.56085475091689596,0.74605140220055033,1,0.59218989166906433
C00087,calibration,-1.2414718367733273,-3.5795324082559854,0,0.14310138992853436
C00088,calibration,-1.7258808989627257,-4.7421141575105414,0,0.085406532432292293
C00089,calibration,1.3748472281612458,2.6996333475869898,1,0.79409965499174773
C00090,calibration,0.13854436106478016,-0.26749353344452759,1,0.46661306283182086
C00091,calibration,-0.61996053215496638,-2.0879052771719193,0,0.26038804996812254
C00092,calibration,0.4771373709930774,0.54512969038338566,1,0.56772246203959453
C00093,calibration,-0.43626965749027369,-1.6470471779766567,1,0.30501621208321239
C00094,calibration,-0.17420014110486626,-1.018080338651679,0,0.37541855918801365
C00095,calibration,1.0186846652956711,1.8448431967096104,0,0.71553526600525574
C00096,calibration,-0.24418908299966516,-1.1860537991991964,0,0.35594064476695303
C00097,calibration,0.61433145692780577,0.87439549662673388,1,0.60759110807434102
C00098,calibration,-0.57511433327422623,-1.9802743998581427,0,0.27088497894757096
C00099,calibration,-0.75878884233590782,-2.4210932216061787,0,0.22960434875975719
C00100,calibration,0.064801869580850088,-0.44447551300595978,0,0.444668108724181
C00101,calibration,-0.77287168757658187,-2.4548920501837963,0,0.22662874365061397
C00102,calibration,-0.24610636516620793,-1.1906552763988989,0,0.35541338256014371
C00103,calibration,1.638469524084847,3.3323268578036327,0,0.84106363605636103
C00104,calibration,-1.9324058500611696,-5.2377740401468067,0,0.067932731221662587
C00105,calibration,-0.11789342642423765,-0.88294422341817036,1,0.39139025045873382
C00106,calibration,0.67017326263780352,1.0084158303307285,0,0.6234476961250276
C00107,calibration,2.3458607646503995,5.0300658351609586,1,0.92518898682207629
C00108,calibration,-0.20609024911241461,-1.094616597869795,1,0.36648912938951006
C00109,calibration,-0.76888432252717864,-2.4453223740652286,0,0.22746847018642435
C00110,calibration,0.016316000953611298,-0.56084159771133291,1,0.43035061463565077
C00111,calibration,-0.044459405576463912,-0.70670257338351339,0,0.41256997938618273
C00112,calibration,0.072214451236579533,-0.42668531703220913,1,0.44686571696155514
C00113,calibration,1.4726721417335533,2.9344131401605278,1,0.81263242709534522
C00114,calibration,0.24454665054853439,-0.013088038683517489,0,0.49836400100291706
C00115,calibration,1.2502723987144604,2.4006537569147048,1,0.76858292825517605
C00116,calibration,0.028078936498342505,-0.53261055240397792,0,0.43381436821205793
C00117,calibration,-0.43793312192804401,-1.6510394926273055,0,0.30459322878687228
C00118,calibration,-0.73308219447388356,-2.3593972667373206,0,0.23510638708510687
C00119,calibration,-0.93233197835999282,-2.8375967480639828,0,0.19485002975252894
C00120,calibration,0.26444796723876163,0.034675121373027862,1,0.50433428160166516
C00121,calibration,1.1009902669003091,2.0423766405607418,1,0.73520400521075369
C00122,calibration,-1.0399436543463667,-3.0958647704312803,0,0.17538509661864182
C00123,calibration,1.4220363783365428,2.8128873080077028,1,0.80320440847846264
C00124,calibration,-1.2192405671553743,-3.5261773611728984,0,0.14640392624231999
C00125,calibration,-0.22701550603896684,-1.1448372144935204,1,0.36067893135975304
C00126,calibration,-0.45486734595450357,-1.6916816302908084,1,0.30030606863780018
C00127,calibration,-0.010408986566634205,-0.62498156775992209,0,0.42250688349810361
C00128,calibration,2.1141660664914692,4.4739985595795266,1,0.90352320497743133
C00129,calibration,1.3908463362510737,2.7380312070025767,1,0.79722106294564354
C00130,calibration,-0.049402860956475045,-0.71856686629554012,0,0.41113303763052966
C00131,calibration,0.073667560525364481,-0.42319785473912519,1,0.447296766584032
C00132,calibration,0.69276777199492467,1.0626426527878192,1,0.6297912376091428
C00133,calibration,-0.055439889720014894,-0.7330557353280357,1,0.40938027681933242
C00134,calibration,-0.36259203539913332,-1.4702208849579199,1,0.32407427936345501
C00135,calibration,-0.41823493823341779,-1.6037638517602026,1,0.30962310066897797
C00136,calibration,0.37909758275116684,0.30983419860280037,0,0.53865200394965296
C00137,calibration,0.63534699030117048,0.92483277672280917,1,0.61358725384614554
C00138,calibration,-0.028398628537548289,-0.66815670849011588,0,0.41724862889537834
C00139,calibration,0.9120324128560453,1.5888777908545086,0,0.68878365193220537
C00140,calibration,-1.5062536139247953,-4.2150086734195087,0,0.10836957616808315
C00141,calibration,-1.1305044876066637,-3.313210770255993,0,0.16021821007622516
C00142,calibration,-0.29081920617422502,-1.29796609481814,0,0.34321874184657086
C00143,calibration,0.044751463225259372,-0.49259648825937752,1,0.43873483611454273
C00144,calibration,-1.0790041650269573,-3.1896099960646973,1,0.16870894092270142
C00145,calibration,0.2129052300497431,-0.089027447880616561,1,0.48887340620673619
C00146,calibration,0.22541027199253502,-0.059015347217915903,1,0.49262361680978628
C00147,calibration,0.59181674289263575,0.82036018294232582,0,0.60113106061853006
C00148,calibration,-1.1557539267161832,-3.3738094241188397,0,0.15618333444695506
C00149,calibration,0.84620875776262272,1.4309010186302942,1,0.67160440260432441
C00150,calibration,-0.45971206033997725,-1.7033089448159453,1,0.2990859093890586
C00151,calibration,-0.54597514318893359,-1.9103403436534405,0,0.27784624827242488
C00152,calibration,-0.14177595693753844,-0.9402622966500922,0,0.38458520302890348
C00153,calibration,0.3005163826285967,0.1212393183086321,0,0.51515027562516269
C00154,calibration,-0.55655371122483432,-1.9357289069396022,0,0.27530636650600837
C00155,calibration,0.077493401272444765,-0.41401583694613253,1,0.44843203937809495
C00156,calibration,0.072953164128824438,-0.42491240609082137,1,0.44708483844854874
C00157,calibration,-0.81175152679558726,-2.5482036643094093,1,0.21855589470248538
C00158,calibration,0.079010142149489052,-0.41037565884122629,1,0.44888226369408202
C00159,calibration,-0.47714821716199468,-1.7451557211887874,0,0.29471818609591477
C00160,calibration,-0.31215074482063521,-1.3491617875695243,0,0.33747186214340935
C00161,calibration,0.59481783658092779,0.82756280779422664,1,0.60199424102593169
C00162,calibration,-2.1331207140977089,-5.7194897138345011,0,0.054179773629368919
C00163,calibration,0.76663385870154943,1.2399212608837185,1,0.65020959452952531
C00164,calibration,0.36803417249621051,0.28328201399090525,1,0.53535116972221797
C00165,calibration,-0.58964765983724998,-2.0151543836093997,0,0.2674542658309893
C00166,calibration,-0.046603975384506953,-0.71184954092281671,1,0.41194642082024879
C00167,calibration,0.21802635143570198,-0.076736756554315222,1,0.49040908199364647
C00168,calibration,-0.17473021879461023,-1.0193525251070645,0,0.37526942021215326
C00169,calibration,-0.85456516048665709,-2.6509563851679769,0,0.20990830885721534
C00170,calibration,-0.28315878479027451,-1.2795810834966588,0,0.34529388925232463
C00171,calibration,-1.305271821885525,-3.7326523725252603,0,0.1339673859804181
C00172,calibration,-0.67875638993018961,-2.2290153358324551,0,0.24703147535004308
C00173,calibration,0.10969961440278865,-0.33672092543330723,0,0.45800902453645048
C00174,calibration,0.95132278267403947,1.6831746784176946,1,0.69879942263061878
C00175,calibration,-0.93315346133256316,-2.8395683071981517,0,0.19469542372774845
C00176,calibration,-1.3074477852055035,-3.7378746844932085,0,0.13366472877763358
C00177,calibration,-0.37586974893260355,-1.5020873974382485,0,0.32059392664027736
C00178,calibration,-1.0013999789603529,-3.0033599495048469,0,0.18217509519930836
C00179,calibration,-1.2337731056518957,-3.5610554535645496,0,0.14423798275599162
C00180,calibration,1.0211092560797961,1.8506622145915106,1,0.71612710912738187
C00181,calibration,-0.33265188691256731,-1.3983645285901614,0,0.33199355529299779
C00182,calibration,0.19679866047613148,-0.12768321485728445,0,0.48404501681943768
C00183,calibration,-1.7638730155370668,-4.8332952372889597,0,0.08191200960151615
C00184,calibration,0.93138159060518455,1.6353158174524429,0,0.69373895309371014
C00185,calibration,-1.2958088670888708,-3.7099412810132897,0,0.13529034247659222
C00186,calibration,-0.97707051183792626,-2.9449692284110229,0,0.18656525856166303
C00187,calibration,-1.0853636143771703,-3.204872674505209,0,0.16764137852167943
C00188,calibration,0.86088605061811174,1.466126521483468,1,0.67547712378237579
C00189,calibration,-0.68680075642664773,-2.2483218154239544,1,0.24524029380754572
C00190,calibration,-1.1326196825700219,-3.3182872381680526,0,0.15987698939050318
C00191,calibration,-0.24537368793809983,-1.1888968510514395,0,0.35561483112835635
C00192,calibration,0.12251839031465253,-0.30595586324483393,1,0.4618299268683918
C00193,calibration,-0.66204490287077966,-2.1889077668898711,0,0.25078051127514783
C00194,calibration,0.72563150318712266,1.1415156076490942,1,0.63893801603274025
C00195,calibration,-0.071435395857469011,-0.77144495005792557,0,0.40474745045548599
C00196,calibration,0.76678616445977699,1.2402867947034646,1,0.65025116136014494
C00197,calibration,0.24311085486290082,-0.016533948329037984,1,0.49793326822938716
C00198,calibration,0.34221773618166318,0.22132256683599161,0,0.52763712311004252
C00199,calibration,0.5405075271779517,0.69721806522708396,0,0.5862802323596793
C00200,calibration,-0.77077419962803295,-2.4498580791072788,0,0.22707019458183822
C00201,calibration,1.1860782444229458,2.2465877866150699,1,0.75459918855544261
C00202,calibration,0.53002494741868666,0.67205987380484788,0,0.58322582596867389
C00203,calibration,-0.1301798996003628,-0.9124317590408707,1,0.38788390542301504
C00204,calibration,-1.0276981840871886,-3.0664756418092525,0,0.17752044775983794
C00205,calibration,-1.1355959622362097,-3.3254303093669035,1,0.15939785635064244
C00206,calibration,1.5077434343059068,3.018584242334176,1,0.81895627554779138
C00207,calibration,-2.3094831689643169,-6.1427596055143603,1,0.044303369191509789
C00208,calibration,-1.19595835616446,-3.4703000547947038,0,0.149930019516643
C00209,calibration,-1.3756104816572146,-3.901465155977315,0,0.12447349998410551
C00210,calibration,0.28835192128194359,0.092044611076664617,0,0.5115035460299503
C00211,calibration,-0.27015751404744803,-1.2483780337138752,0,0.34882932547713608
C00212,calibration,-1.1130513382559875,-3.2713232118143698,0,0.16305625337380625
C00213,calibration,0.14019571427271996,-0.2635302857454721,0,0.4671062923735595
C00214,calibration,-1.4186032485600923,-4.0046477965442211,0,0.11895914344799487
C00215,calibration,1.5333240822289915,3.0799777973495792,1,0.82346311140909767
C00216,calibration,0.30873686152027718,0.14096846764866522,0,0.51761376692034855
C00217,calibration,-1.0840547986741644,-3.2017315168179947,0,0.16786064796714983
C00218,calibration,-0.29156952337303366,-1.2997668560952809,1,0.34301580703033818
C00219,calibration,-1.4549374459098967,-4.0918498701837516,0,0.11446479196646032
C00220,calibration,-0.39622608071064008,-1.5509425937055361,0,0.31529674503744948
C00221,calibration,-0.8211129866603456,-2.5706711679848295,0,0.21664335796718009
C00222,calibration,-2.011148492847028,-5.4267563828328669,0,0.062188539816690591
C00223,calibration,-1.1847374006052624,-3.44336976145263,0,0.15165426765480997
C00224,calibration,-0.75929900806633344,-2.4223176193592,0,0.22949607715809298
C00225,calibration,-0.78561285328528963,-2.4854708478846952,0,0.22396020453424167
C00226,calibration,0.62063053563868564,0.88951328553284548,1,0.60939185801573537
C00227,calibration,-0.22588034780622043,-1.142112834734929,1,0.36099309780788258
C00228,calibration,1.0470004255406651,1.9128010212975961,1,0.72240054890865923
C00229,calibration,-0.15516623409999325,-0.97239896183998376,0,0.38078928061463302
C00230,calibration,-0.53078696770866651,-1.8738887225007996,0,0.28151798039352438
C00231,calibration,-0.26463810912758862,-1.2351314619062126,0,0.35033529016629583
C00232,calibration,-0.18185358806205609,-1.0364486113489346,1,0.37326754406694745
C00233,calibration,0.81929922687539924,1.366318144500958,1,0.66444340449489514
C00234,calibration,1.8029985536375788,3.7271965287301891,1,0.86571580403778714
C00235,calibration,0.50660470298620586,0.61585128716689408,0,0.57637885367693886
C00236,calibration,0.69132443671762467,1.0591786481222991,1,0.62938732323238911
C00237,calibration,1.0941650507625644,2.0259961218301545,0,0.73360646454287937
C00238,calibration,-0.25560218963879139,-1.2134452551330992,1,0.35280717286993896
C00239,calibration,-1.6832696674134977,-4.639847201792394,0,0.0894862840218726
C00240,calibration,-0.36212228835872196,-1.4690934920609326,0,0.32419776939295264
C00241,calibration,0.67524546076652259,1.0205891058396541,0,0.62487552201002716
C00242,calibration,1.2471903655840721,2.3932568774017731,1,0.76792445855343494
C00243,calibration,0.31361439599033175,0.15267455037679623,1,0.51907505656370723
C00244,calibration,0.32243202330458942,0.17383685593101461,0,0.52171593705866348
C00245,calibration,-0.25847729277008252,-1.220345502648198,0,0.35201979201407735
C00246,calibration,-1.0825360867852571,-3.1980866082846173,1,0.16811536878234745
C00247,calibration,-1.2113162971508378,-3.5071591131620106,0,0.14759627989752502
C00248,calibration,-0.95544377477128473,-2.8930650594510832,0,0.1905357867613644
C00249,calibration,0.36302969508704641,0.27127126820891134,0,0.53385701873197733
C00250,calibration,0.13497762107044944,-0.27605370943092133,0,0.46554796562175077
C00251,calibration,-1.3881497364426134,-3.9315593674622722,0,0.12284291322863448
C00252,calibration,1.1498335863023939,2.159600607125745,1,0.7464561907807078
C00253,calibration,1.2543922280104398,2.4105413472250552,1,0.76946107971950728
C00254,calibration,-1.6171803535047276,-4.4812328484113459,0,0.096161951966361431
C00255,calibration,-0.71719462438210291,-2.3212670985170467,0,0.23855218501531247
C00256,calibration,-1.0524793701381325,-3.1259504883315179,0,0.17322013330434136
C00257,calibration,0.79313692179590156,1.3035286123101635,1,0.65740793482475779
C00258,calibration,-0.84596951155466382,-2.6303268277311931,0,0.21162410084549044
C00259,calibration,-0.86837880061052419,-2.6841091214652582,0,0.20717238983566943
C00260,calibration,-0.10896488130617238,-0.86151571513481362,1,0.39394537670691249
C00261,calibration,-0.68366408585691485,-2.2407938060565957,0,0.24593766953664961
C00262,calibration,-1.2331151202260984,-3.5594762885426361,0,0.14433547097941835
C00263,calibration,-0.10206089639349429,-0.84494615134438633,0,0.39592511656148172
C00264,calibration,-0.030469615940707302,-0.67312707825769746,1,0.41664447525380932
C00265,calibration,-1.7188376459540051,-4.7252103502896121,0,0.086069047273343954
C00266,calibration,-0.40395299843058663,-1.5694871962334078,0,0.31329843366385696
C00267,calibration,-0.25823651250567897,-1.2197676300136295,0,0.35208570174254067
C00268,calibration,-0.50901171774229981,-1.8216281225815196,0,0.28683328401689628
C00269,calibration,-0.32857305705147238,-1.3885753369235336,1,0.33307993977022121
C00270,calibration,2.2292449389628017,4.7501878535107247,1,0.91490826758194777
C00271,calibration,-0.30519973594824595,-1.3324793662757903,1,0.33933934931618875
C00272,calibration,0.60800257837514982,0.85920618810035954,1,0.60577888697418936
C00273,calibration,0.52438761103071163,0.65853026647370794,0,0.58158056170268735
C00274,calibration,-0.91037431003977631,-2.7848983440954633,1,0.19901704831905753
C00275,calibration,0.035224271599317486,-0.51546174816163803,1,0.4359215911926938
C00276,calibration,2.2602898178487316,4.8246955628369559,1,0.91776405032936004
C00277,calibration,-1.876324594877032,-5.1031790277048765,1,0.07231977295476201
C00278,calibration,-0.19140510939591898,-1.0593722625502056,0,0.37059009590423625
C00279,calibration,-1.1497308396539114,-3.3593540151693873,0,0.15713824314209004
C00280,calibration,0.010473302364475244,-0.57486407432525943,0,0.42863266279676926
C00281,calibration,-0.87827302759026005,-2.7078552662166242,1,0.20522899362075431
C00282,calibration,0.17332189293690065,-0.18402745695143846,0,0.47701278408183373
C00283,calibration,-0.47919296156752272,-1.7500631077620543,0,0.29420841996255065
C00284,calibration,0.13114816147130243,-0.28524441246887416,0,0.46440476516318352
C00285,calibration,-0.066977608714888892,-0.76074626091573327,1,0.40603690568964695
C00286,calibration,0.77686366975386356,1.2644728074092724,1,0.6529963868560853
C00287,calibration,-0.39436327522881925,-1.5464718605491661,0,0.31577952562674139
C00288,calibration,-0.72550806983829252,-2.341219367611902,0,0.23674479874033658
C00289,calibration,-0.30013330713493747,-1.3203199371238499,1,0.34070367774570454
C00290,calibration,0.16842435765815342,-0.19578154162043176,0,0.47554683126351366
C00291,calibration,0.93539493741370372,1.6449478497928887,1,0.69476123320518424
C00292,calibration,0.55262847136276272,0.72630833127063055,1,0.58980375360516213
C00293,calibration,-0.28792403207916906,-1.2910176769900057,0,0.34400232278036169
C00294,calibration,-1.5106681734576455,-4.2256036162983488,0,0.10785876570082954
C00295,calibration,1.3932621794623352,2.7438292307096042,1,0.79768931236366114
C00296,calibration,1.0277086065701717,1.8665006557684118,1,0.7177342410382942
C00297,calibration,-0.88429320783113807,-2.7223036987947316,1,0.20405316035162632
C00298,calibration,1.1979238365136242,2.2750172076326978,1,0.75722192205631822
C00299,calibration,-1.0426903519711512,-3.1024568447307628,0,0.17490891662010133
C00300,calibration,1.9654930230914018,4.1171832554193646,1,0.8868128804334332
C00301,calibration,1.1679862909723011,2.2031670983335223,0,0.75055669741067887
C00302,calibration,1.3716414075059991,2.6919393780143976,1,0.79346994055230091
C00303,calibration,-0.25981248237139598,-1.2235499576913504,1,0.35165440764944988
C00304,calibration,-1.0248153892075273,-3.0595569340980657,1,0.17802610101286795
C00305,calibration,0.46161071473251497,0.50786571535803582,0,0.56314427330507733
C00306,calibration,0.83796503073135098,1.4111160737552422,0,0.66941890646808744
C00307,calibration,-0.072394910091271344,-0.77374778421905122,0,0.40447007350008612
C00308,calibration,-1.9834955126850715,-5.3603892304441709,0,0.06415219136074389
C00309,calibration,-0.09415152420934457,-0.825963658102427,0,0.39819735046265248
C00310,calibration,-2.3810638592517464,-6.3145532622041909,0,0.040805514184619009
C00311,calibration,0.60817885840979713,0.85962926018351304,1,0.60582940294069754
C00312,calibration,0.80090518356858198,1.3221724405645965,0,0.65950435054304002
C00313,calibration,0.023952527683425574,-0.54251393355977862,0,0.43259853758498235
C00314,calibration,1.4743611884195555,2.938466852206933,0,0.81294084261398003
C00315,calibration,-0.46907133223307601,-1.7257711973593826,1,0.29673681416907416
C00316,calibration,-0.87807250159669104,-2.7073740038320584,1,0.20526824577148187
C00317,calibration,1.8590886468023762,3.8618127523257022,1,0.87334970807132328
C00318,calibration,-2.1126396033108552,-5.6703350479460521,0,0.055453110432809136
C00319,calibration,-0.57094900152329775,-1.9702776036559144,0,0.2718733239009789
C00320,calibration,0.52017146241936996,0.64841150980648787,1,0.58034888350128622
C00321,calibration,-0.42976110688253655,-1.6314266565180877,1,0.30667435820033512
C00322,calibration,-0.15335366356011321,-0.96804879254427167,0,0.38130227403674832
C00323,calibration,0.7065480717513718,1.0957153722032924,0,0.63363841513361763
C00324,calibration,-0.63579543371552238,-2.1259090409172536,0,0.25674524696574841
C00325,calibration,-0.1431676476295855,-0.94360235431100525,1,0.38419001782840789
C00326,calibration,-0.8700886963867297,-2.6882128713281515,0,0.2068355677896887
C00327,calibration,-0.18225035274986071,-1.0374008465996656,1,0.37315616836318932
C00328,calibration,1.4043539905888687,2.7704495774132845,1,0.79982881350129287
C00329,calibration,0.78699368472767472,1.2887848433464191,1,0.65574569746666922
C00330,calibration,1.4897929218444987,2.9755030124267967,1,0.81574054609233726
C00331,calibration,-0.13809200798905591,-0.93142081917373409,1,0.38563203333745755
C00332,calibration,0.58023239017045414,0.79255773640909,1,0.59779329080523491
C00333,calibration,-0.19167670029642614,-1.0600240807114227,1,0.37051407981516965
C00334,calibration,-0.38956145566155631,-1.534947493587735,1,0.31702583874876261
C00335,calibration,-0.31462155186980639,-1.3550917244875353,0,0.33680926063041733
C00336,calibration,1.1453908928233965,2.1489381427761511,1,0.74544588019630897
C00337,calibration,0.4446544326197443,0.46717063828738625,0,0.55813225168612046
C00338,calibration,0.080106013908594009,-0.40774556661937433,0,0.44920761079978089
C00339,calibration,1.0722288882643163,1.9733493318343589,0,0.72843060647144475
C00340,calibration,-0.0092300802960719377,-0.62215219271057265,0,0.42285209770940752
C00341,calibration,-0.28657936295746467,-1.2877904710979151,0,0.34436654764800012
C00342,calibration,0.85355186075404155,1.4485244658096996,1,0.67354489840086951
C00343,calibration,1.7102032204985602,3.5044877291965446,1,0.85223559542113358
C00344,calibration,-2.0372580341926962,-5.4894192820624701,0,0.060386126052986204
C00345,calibration,0.53009538249062993,0.67222891797751172,0,0.58324637090027098
C00346,calibration,-1.5444685027942313,-4.306724406706155,0,0.10401745563453287
C00347,calibration,0.33731866516519815,0.20956479639647552,1,0.52617165827839607
C00348,calibration,-0.032396172943728367,-0.67775081506494805,1,0.41608267985846581
C00349,calibration,0.42135954388250108,0.41126290531800247,0,0.55122748042733627
C00350,calibration,1.0275630511612717,1.8661513227870516,1,0.71769885369377706
C00351,calibration,0.67246248420160981,1.0139099620838636,1,0.62409238011066237
C00352,calibration,1.5883995702272686,3.2121589685454444,1,0.83286636265400804
C00353,calibration,-0.91193208416334193,-2.7886370019920208,0,0.19871922762090105
C00354,calibration,0.30828698868624055,0.13988877284697732,1,0.51747897127651454
C00355,calibration,0.52870509602925064,0.66889223047020152,1,0.58284079028003866
C00356,calibration,1.5979862978075563,3.2351671147381347,1,0.83446160317393447
C00357,calibration,-0.46981593563837359,-1.7275582455320966,0,0.29655038379157184
C00358,calibration,0.66689147625580281,1.0005395430139266,0,0.62252272641272599
C00359,calibration,0.051421925792437047,-0.4765873780981511,0,0.44070688699003918
C00360,calibration,0.44974396365377711,0.47938551276906505,1,0.55963793251945049
C00361,calibration,0.75645285942582796,1.215486862621987,1,0.64742587657245887
C00362,calibration,1.1532358937673273,2.1677661450415853,1,0.74722811516279497
C00363,calibration,0.15501275940297249,-0.22796937743286599,1,0.47153464085273089
C00364,calibration,-0.10548874590196351,-0.85317299016471237,1,0.3949417389200946
C00365,calibration,0.34630775695861227,0.23113861670066949,1,0.52886021218225465
C00366,calibration,-0.82585706525760894,-2.5820569566182612,0,0.21567878107201149
C00367,calibration,1.4317339345903894,2.8361614430169344,1,0.80503735775455088
C00368,calibration,-0.44821444932797055,-1.6757146783871293,0,0.30198624493642118
C00369,calibration,-0.67533098581047879,-2.220794365945149,0,0.24779684879237229
C00370,calibration,0.29301102449951144,0.10322645879882741,0,0.51290044365864818
C00371,calibration,-0.50211447674648513,-1.8050747441915642,0,0.28852934585927575
C00372,calibration,-0.99412973880107536,-2.985911373122581,0,0.18347850943670702
C00373,calibration,-0.41505889370685611,-1.5961413448964548,0,0.31043837193555529
C00374,calibration,0.27708502897346765,0.065004069536322318,0,0.50812479346398987
C00375,calibration,1.5150521143597335,3.0361250744633601,1,0.82025300215119568
C00376,calibration,1.1152452138280002,2.0765885131872004,0,0.7385207476777198
C00377,calibration,0.18416096617585115,-0.15801368117795722,0,0.48025855775781523
C00378,calibration,0.72665748381990425,1.1439779611677703,1,0.63922199525417478
C00379,calibration,2.0073568037569656,4.2176563290167177,1,0.89175827319965184
C00380,calibration,0.62434128665303201,0.89841908796727676,0,0.61045127952106404
C00381,calibration,0.1686907643476101,-0.19514216556573577,1,0.47562656273312198
C00382,calibration,-0.41209116790287237,-1.5890188029668937,1,0.3112012345390982
C00383,calibration,-0.034924361687328938,-0.68381846804958946,0,0.41534577596935529
C00384,calibration,-0.060386740861410319,-0.74492817806738476,1,0.40794574523906529
C00385,calibration,0.70462665139109382,1.0911039633386252,1,0.63310300238218076
C00386,calibration,0.90160438997107151,1.5638505359305714,0,0.68609490485510749
C00387,calibration,-2.8688684526027828,-7.485284286246678,0,0.023143130507947963
C00388,calibration,-0.071547267209506854,-0.77171344130281638,0,0.40471510748050293
C00389,calibration,2.456360969457382,5.2952663266977167,1,0.93386496187231993
C00390,calibration,1.211664364776881,2.3079944754645143,0,0.76024027119570636
C00391,calibration,1.728577786058795,3.5485866865411073,1,0.85499077809361279
C00392,calibration,-1.0320080767682043,-3.0768193842436902,0,0.17676657767971485
C00393,calibration,1.0319929619141719,1.8767831085940125,1,0.71877464441181182
C00394,calibration,-0.16594537657765404,-0.99826890378636968,1,0.3777440973659334
C00395,calibration,0.30963376078098565,0.14312102587436559,1,0.5178824976682207
C00396,calibration,0.75856755658168673,1.2205621357960479,0,0.64800491480164935
C00397,calibration,-0.44777306855726751,-1.674655364537442,0,0.30209790332045539
C00398,calibration,-0.71349522916111363,-2.3123885499866725,0,0.23935949283372959
C00399,calibration,0.46250236383518917,0.51000567320445389,1,0.5634074840082911
C00400,calibration,-0.13788035847609012,-0.93091286034261622,1,0.38569220788008868
E00001,evaluation,1.59427109973998,3.226250639375952,1,0.83384484393415537
E00002,evaluation,-0.079868689966051148,-0.79168485591852278,0,0.40231164982499701
E00003,evaluation,0.29139144713611514,0.099339473126676348,0,0.51241488186738948
E00004,evaluation,1.2508868509793405,2.402128442350417,1,0.76871404842565016
E00005,evaluation,-0.46878883415383027,-1.7250932019691927,1,0.29680756246456402
E00006,evaluation,0.18804194858193413,-0.14869932340335812,0,0.48142114224878091
E00007,evaluation,0.7307999343263446,1.1539198423832269,1,0.64036758465715937
E00008,evaluation,-1.329665174193994,-3.7911964180655855,0,0.13060748187679938
E00009,evaluation,-1.7435192816200054,-4.784446275888012,0,0.083767646699712012
E00010,evaluation,1.4165352134570499,2.7996845122969196,1,0.80215885579846868
E00011,evaluation,3.0429800196603516,6.7031520471848438,1,0.96615640685948367
E00012,evaluation,0.80339930598439158,1.3281583343625396,1,0.66017612060023878
E00013,evaluation,-0.21670482357518484,-1.1200915765804436,1,0.36353686525779094
E00014,evaluation,-2.1013887676080119,-5.6433330422592283,0,0.056164525797025043
E00015,evaluation,-1.9901060408374078,-5.3762544980097786,0,0.063677585704018339
E00016,evaluation,0.66467516949917127,0.99522040679801094,0,0.62189755599143737
E00017,evaluation,1.2672147448661422,2.441315387678741,1,0.7721792706152113
E00018,evaluation,0.4880720698455433,0.5713729676293039,0,0.57093978633375153
E00019,evaluation,-1.3011908525598086,-3.7228580461435405,0,0.13453657461358606
E00020,evaluation,-0.65624019011149126,-2.1749764562675789,1,0.25209155643206393
E00021,evaluation,-2.4875104595513546,-6.5700251029232506,0,0.036088941053173569
E00022,evaluation,2.0466644300345895,4.3119946320830147,1,0.8962278750011643
E00023,evaluation,-1.0949511814556305,-3.2278828354935132,0,0.1660421184253616
E00024,evaluation,0.15520642952055982,-0.22750456915065642,1,0.4715925539592149
E00025,evaluation,-1.9513262751617957,-5.2831830603883088,0,0.066509156130147795
E00026,evaluation,-0.68589667425899969,-2.2461520182215993,0,0.2454411613155644
E00027,evaluation,-2.2064161639349984,-5.895398793443996,0,0.04984535719315792
E00028,evaluation,0.76475723365313641,1.2354173607675274,0,0.6496972444958522
E00029,evaluation,-1.7911710855106124,-4.898810605225469,0,0.079482049132167026
E00030,evaluation,-0.69826253727811649,-2.2758300894674797,0,0.24270336692411104
E00031,evaluation,2.2764834328000605,4.8635602387201455,1,0.9192188152709837
E00032,evaluation,-1.431691942545513,-4.0360606621092314,0,0.11732281249168407
E00033,evaluation,-0.21325279563767302,-1.1118067095304152,0,0.36449587321244303
E00034,evaluation,-0.28881849710132934,-1.2931643930431904,1,0.34376014431072716
E00035,evaluation,0.28740692772905546,0.089776626549733063,0,0.51122019436112309
E00036,evaluation,0.085495706182230541,-0.3948103051626467,1,0.45080835313025447
E00037,evaluation,0.18543820822755994,-0.15494830025385614,1,0.48064114454747153
E00038,evaluation,-2.3191160695472761,-6.1658785669134621,0,0.043816504106256794
E00039,evaluation,-1.7194844681259214,-4.7267627235022109,0,0.08600801114278793
E00040,evaluation,0.32430173121874672,0.1783241549249921,1,0.52227576385710839
E00041,evaluation,-1.0236739662461669,-3.0568175189908007,0,0.17822662256651489
E00042,evaluation,-0.030490398965869161,-0.67317695751808593,1,0.41663841364299187
E00043,evaluation,0.8392716301859916,1.4142519124463795,1,0.66976579046694462
E00044,evaluation,-0.8072676665048576,-2.537442399611658,0,0.21947624018297512
E00045,evaluation,0.73993008611839362,1.1758322066841447,0,0.64288686031676268
E00046,evaluation,0.67927495400345728,1.0302598896082973,1,0.62600828119085872
E00047,evaluation,-0.99775741856067957,-2.9946178045456309,0,0.18282723455373395
E00048,evaluation,-0.12206383710582915,-0.89295320905398989,1,0.39019881071822904
E00049,evaluation,1.9864109545599882,4.1673862909439716,1,0.88930810660785242
E00050,evaluation,-0.33205138974228254,-1.3969233353814781,1,0.33215338410783624
E00051,evaluation,-1.0133839260400457,-3.0321214224961097,0,0.18004233233502281
E00052,evaluation,-2.1085590821638482,-5.6605417971932352,0,0.055710145179558038
E00053,evaluation,0.38368990068709458,0.32085576164902696,1,0.54002117124594418
E00054,evaluation,-0.50079496079869967,-1.8019079059168792,1,0.28885449920557865
E00055,evaluation,1.3063843313851613,2.5353223953243869,1,0.78034212064996755
E00056,evaluation,-1.4741018901940393,-4.1378445364656944,1,0.11215430962515942
E00057,evaluation,1.0740179684702749,1.9776431243286594,1,0.72885509598365816
E00058,evaluation,1.1007948451164653,2.0419076282795166,1,0.73515834925397217
E00059,evaluation,-1.306400013208139,-3.7353600316995337,0,0.13381039232337164
E00060,evaluation,-0.1782232389322749,-1.0277357734374597,1,0.37428724122014223
E00061,evaluation,1.3396517278521998,2.6151641468452791,1,0.78710826799291045
E00062,evaluation,2.4905634751266303,5.3773523403039132,1,0.93635513464717113
E00063,evaluation,0.093152945670875634,-0.37643293038989845,0,0.45308430275544087
E00064,evaluation,-0.45266836626483214,-1.6864040790355972,1,0.30086082633725358
E00065,evaluation,0.45507814919243567,0.49218755806184566,1,0.56121481442368781
E00066,evaluation,-1.2271678054491582,-3.5452027330779794,0,0.14521912182324737
E00067,evaluation,0.68181668352075553,1.0363600404498134,0,0.62672209578623406
E00068,evaluation,-0.17567065141430363,-1.0216095633943287,1,0.3750048848726073
E00069,evaluation,0.6960465242765016,1.0705116582636038,1,0.63070811418504913
E00070,evaluation,0.31300239189532053,0.15120574054876923,1,0.51889171999405981
E00071,evaluation,0.76781772295974859,1.2427625351033966,1,0.65053263109409931
E00072,evaluation,-1.7866318573010445,-4.8879164575225058,0,0.079881496383523362
E00073,evaluation,2.2832851448609768,4.8798843476663443,1,0.91982282332047749
E00074,evaluation,-0.45913045530465757,-1.7019130927311781,0,0.29923223860054898
E00075,evaluation,-0.42300624532002423,-1.615214988768058,0,0.30840055833571106
E00076,evaluation,-1.5271240478124917,-4.26509771474998,0,0.10597326281657317
E00077,evaluation,-0.89760353418752825,-2.7542484820500679,0,0.20147125638454821
E00078,evaluation,-1.0504426674100622,-3.1210624017841493,0,0.17357043636325215
E00079,evaluation,0.30810031015650013,0.13944074437560028,1,0.51742303593839234
E00080,evaluation,0.16194828126024075,-0.21132412497542219,1,0.47360903324342379
E00081,evaluation,1.2301559730597913,2.3523743353434989,0,0.76426155394487005
E00082,evaluation,1.5175124291812876,3.0420298300350899,1,0.82068788337083687
E00083,evaluation,-0.087272172177815091,-0.80945321322675623,0,0.40017725344088589
E00084,evaluation,-0.32694409231014138,-1.3846658215443393,0,0.33351430672525623
E00085,evaluation,-1.0781295493254965,-3.1875109183811916,0,0.16885618597688451
E00086,evaluation,-0.71487845999855282,-2.3157083039965265,0,0.23905741555122451
E00087,evaluation,0.76460566936241314,1.2350536064697915,0,0.64965584981494495
E00088,evaluation,0.31605750758569112,0.15853801820565872,1,0.51980688185808044
E00089,evaluation,-1.2367242592956993,-3.5681382223096785,0,0.14380140818014567
E00090,evaluation,0.45770085688001116,0.49848205651202682,1,0.56198968326477372
E00091,evaluation,1.54750872637176,3.1140209432922235,1,0.82592395650934902
E00092,evaluation,1.7287777870057262,3.5490666888137423,0,0.855020531270828
E00093,evaluation,0.91497969005585489,1.5959512561340516,1,0.68954128189039354
E00094,evaluation,0.1688556487070545,-0.19474644310306921,0,0.47567591073645554
E00095,evaluation,-0.55489156239949344,-1.9317397497587843,0,0.27570448870177378
E00096,evaluation,0.098523452726984553,-0.36354371345523706,0,0.45468174722012666
E00097,evaluation,1.197521114817611,2.2740506755622665,1,0.75713306889152743
E00098,evaluation,-0.83811950629034959,-2.6114868150968391,0,0.21319999776475337
E00099,evaluation,-0.72659079604193577,-2.3438179105006456,0,0.23651010498687999
E00100,evaluation,1.5012671606297214,3.0030411855113313,1,0.81780115769968975
E00101,evaluation,0.27984001836307276,0.071616044071374674,0,0.50895104909899147
E00102,evaluation,0.25771974825582,0.018527395813968006,1,0.50231590791492109
E00103,evaluation,-0.7930975502781199,-2.5034341206674875,0,0.22240304899150465
E00104,evaluation,1.1255461955856325,2.101310869405518,0,0.74090074077155921
E00105,evaluation,-0.61415488215243252,-2.0739717171658381,0,0.26173199309219902
E00106,evaluation,-0.20847940280280711,-1.100350566726737,0,0.36582374286540309
E00107,evaluation,0.69858439243602433,1.0766025418464582,1,0.63141716164997486
E00108,evaluation,0.75995634803490697,1.2238952352837766,1,0.64838495188054512
E00109,evaluation,-0.086423992954356141,-0.80741758309045475,0,0.40042158991126792
E00110,evaluation,-1.1501737901250257,-3.3604170963000617,1,0.15706785564776604
E00111,evaluation,-0.73603422084760428,-2.36648213003425,1,0.2344699446175289
E00112,evaluation,1.8078434342946981,3.7388242423072753,1,0.86639024033122813
E00113,evaluation,0.19185416180189424,-0.13955001167545383,0,0.48256332224682469
E00114,evaluation,0.79474098112901503,1.3073783547096358,0,0.65784132814680585
E00115,evaluation,-0.26934531586029115,-1.2464287580646987,0,0.34905074455702795
E00116,evaluation,-1.394773628748033,-3.9474567089952792,0,0.12198898830373238
E00117,evaluation,2.2964590193237391,4.9115016463769736,1,0.92098098157157637
E00118,evaluation,-0.49395036386489871,-1.7854808732757568,1,0.29054462141871057
E00119,evaluation,-2.1479864809031399,-5.7551675541675351,0,0.053272866828966071
E00120,evaluation,-0.41722203961221827,-1.6013328950693237,0,0.30988297733467968
E00121,evaluation,0.097029716293358367,-0.36712868089593992,0,0.45423734381165626
E00122,evaluation,-0.9646525831291648,-2.9151661995099953,0,0.18883726216582958
E00123,evaluation,-0.65892243266511052,-2.1814138383962653,0,0.25148518427353267
E00124,evaluation,0.42379666161884233,0.41711198788522152,0,0.5519508321210207
E00125,evaluation,-0.91045735447865217,-2.785097650748765,0,0.19900116313219354
E00126,evaluation,-0.68389727631958119,-2.2413534631669947,1,0.24588577836794451
E00127,evaluation,1.4863213878087953,2.9671713307411087,1,0.81511356349298092
E00128,evaluation,-0.77556423231958205,-2.4613541575669968,0,0.22606294307847938
E00129,evaluation,0.32092859124719547,0.17022861899326913,1,0.52126574071536302
E00130,evaluation,-0.55204352659046274,-1.9249044638171107,0,0.27638748592868517
E00131,evaluation,0.27018655549428977,0.048447733186295472,0,0.50605567053105749
E00132,evaluation,-0.80211813070382854,-2.5250835136891885,0,0.22053665326647262
E00133,evaluation,-2.2233561658080063,-5.9360547979392146,0,0.048891369344026575
E00134,evaluation,-1.6202677343078262,-4.4886425623387822,0,0.095840426371840454
E00135,evaluation,-1.2592801732416554,-3.6222724157799728,0,0.14050086079691879
E00136,evaluation,-0.68874490895340001,-2.25298778148816,0,0.24480872120014741
E00137,evaluation,-0.050506755040682888,-0.72121621209763886,0,0.41081236858952352
E00138,evaluation,-1.1805576583887454,-3.4333383801329891,0,0.15230069066587684
E00139,evaluation,0.21783003113590726,-0.077207925273822586,1,0.49035020770739918
E00140,evaluation,0.43291666512954113,0.4389999963108987,1,0.55465573165375981
E00141,evaluation,1.1787135363996117,2.228912487359068,1,0.75295895926136014
E00142,evaluation,-0.35624983292296269,-1.4549995990151103,1,0.32574361881215191
E00143,evaluation,-3.0308931189696326,-7.8741434855271173,0,0.019132071786621418
E00144,evaluation,0.2827515744302323,0.078603778632557519,0,0.5098242077908216
E00145,evaluation,1.2530646333942468,2.407355120146192,1,0.7691783548423935
E00146,evaluation,-0.31039018028469645,-1.3449364326832716,0,0.3379443863684316
E00147,evaluation,-2.1248232561350897,-5.6995758147242146,0,0.054692281589443982
E00148,evaluation,-0.071321324221027438,-0.77117117813046576,1,0.4047804304034377
E00149,evaluation,-0.29260259492131729,-1.3022462278111615,0,0.34273649082361052
E00150,evaluation,1.9605210125957697,4.1052504302298471,1,0.88621261345616642
E00151,evaluation,-0.63889757243884626,-2.1333541738532311,0,0.25603552380517675
E00152,evaluation,0.50539490661429753,0.61294777587431415,1,0.57602434466788843
E00153,evaluation,0.39329380842919365,0.34390514023006469,1,0.54288253312069878
E00154,evaluation,-1.5722484832898902,-4.3733963598957359,0,0.10095137279145293
E00155,evaluation,-0.44608920412226449,-1.6706140898934345,0,0.30252409418930765
E00156,evaluation,0.55028311379018291,0.72067947309643887,0,0.58912267220827408
E00157,evaluation,0.40654041557869225,0.37569699738886142,0,0.54682451397100396
E00158,evaluation,-1.5201296618856421,-4.2483111885255411,0,0.10677109905570148
E00159,evaluation,-0.55857859188080217,-1.9405886205139251,0,0.27482184381997277
E00160,evaluation,0.46335535349767804,0.51205284839442722,0,0.56365924920154387
E00161,evaluation,-0.038937150195458702,-0.69344916046910088,1,0.41417692654137772
E00162,evaluation,-0.77251697069867387,-2.4540407296768172,1,0.22670335701954117
E00163,evaluation,0.88590396374916613,1.5261695129979986,1,0.68202309282029994
E00164,evaluation,0.6931054317315325,1.063453036155678,0,0.62988570479673867
E00165,evaluation,-0.3731804339040527,-1.4956330413697265,0,0.32129725605664688
E00166,evaluation,-0.32184824959310782,-1.3724357990234588,0,0.33487494777785759
E00167,evaluation,-0.81770263700594126,-2.5624863288142588,1,0.21733868379680119
E00168,evaluation,0.81308881848521808,1.3514131643645233,0,0.66277977838590152
E00169,evaluation,2.1761141676210043,4.6226740022904105,1,0.90981162229664592
E00170,evaluation,-1.3760932865539621,-3.9026238877295092,0,0.12441037451491602
E00171,evaluation,1.2117993383208086,2.3083184119699403,0,0.76026979271475559
E00172,evaluation,-0.84196730516736362,-2.6207215324016726,0,0.2124264811445494
E00173,evaluation,-0.26781453493407947,-1.2427548838417906,0,0.34946823862502902
E00174,evaluation,0.69340425898940561,1.0641702215745736,1,0.62996929951442859
E00175,evaluation,-0.12476761887525832,-0.89944228530061987,1,0.389427068929388
E00176,evaluation,0.024459701194280408,-0.54129671713372696,1,0.43274793088087815
E00177,evaluation,-2.7929812192336616,-7.3031549261607873,0,0.02529378330334163
E00178,evaluation,-0.60601040245137627,-2.0544249658833031,0,0.26362487927276873
E00179,evaluation,1.2287262559635186,2.3489430143124443,1,0.76395231041225198
E00180,evaluation,1.4104169611884814,2.785000706852355,0,0.80099111034106574
E00181,evaluation,1.1763006421184621,2.2231215410843088,0,0.75241997279631057
E00182,evaluation,1.3393753661634538,2.6145008787922888,1,0.78705269117174315
E00183,evaluation,-0.30040390914605658,-1.3209693819505357,0,0.34063074085041528
E00184,evaluation,-0.24125125083720747,-1.1790030020092979,0,0.35674924129550251
E00185,evaluation,0.12907263808314029,-0.29022566860046328,0,0.46378531906105014
E00186,evaluation,-0.071038481461807648,-0.77049235550833828,1,0.40486220851028992
E00187,evaluation,-1.3065019221681597,-3.7356046132035834,0,0.13379621882754791
E00188,evaluation,0.1654512874624596,-0.20291691009009694,0,0.47465712209120736
E00189,evaluation,-0.92764036666300254,-2.8263368799912061,0,0.19573479114476947
E00190,evaluation,0.8164082489357799,1.3593797974458717,1,0.66366948249840751
E00191,evaluation,0.60738277723955714,0.85771866537493702,0,0.60560125474112325
E00192,evaluation,-0.63995755131776633,-2.1358981231626393,0,0.25579331157082402
E00193,evaluation,-0.85575809781322909,-2.6538194347517496,0,0.2096709936272407
E00194,evaluation,-0.058543207995901604,-0.74050369919016379,1,0.40848016722805902
E00195,evaluation,0.4277944428277754,0.42670666278666103,1,0.55313692112403301
E00196,evaluation,-0.28771531285002822,-1.2905167508400677,0,0.34405884566937012
E00197,evaluation,1.1879548359627474,2.2510916063105935,0,0.75501595641581343
E00198,evaluation,-0.17666243396397122,-1.0239898415135309,0,0.37472598609946139
E00199,evaluation,1.3299110229080651,2.5917864549793559,0,0.78514300864603737
E00200,evaluation,-0.47751240166108383,-1.7460297639866011,0,0.29462735525036665
E00201,evaluation,-0.71019570125438403,-2.3044696830105216,1,0.2400811168990977
E00202,evaluation,0.3172471824603888,0.1613932379049331,0,0.52016321411485411
E00203,evaluation,0.079535330812745803,-0.4091152060494101,1,0.44903817851476513
E00204,evaluation,2.0237671286945793,4.2570411088669902,0,0.89364447773040834
E00205,evaluation,-1.2446046850710917,-3.5870512441706199,0,0.14264101562448114
E00206,evaluation,-0.23481168325682447,-1.1635480398163787,0,0.35852449394419245
E00207,evaluation,-0.83043488475180727,-2.5930437234043375,0,0.21475096387966422
E00208,evaluation,1.3757175789155538,2.7017221893973291,1,0.79427037098893805
E00209,evaluation,0.71254220230738086,1.1101012855377141,0,0.63530658293412212
E00210,evaluation,-1.717107635540785,-4.7210583252978839,0,0.086232489228870876
E00211,evaluation,-0.46523773984497541,-1.7165705756279408,0,0.29769772262304517
E00212,evaluation,0.83054928092337432,1.3933182742160981,1,0.66744664411230847
E00213,evaluation,0.44130111481545087,0.45912267555708197,1,0.55713962396208017
E00214,evaluation,-0.020472422393175805,-0.64913381374362189,0,0.41956316263633925
E00215,evaluation,0.88727962656483117,1.5294711037555948,1,0.68238098921874146
E00216,evaluation,-1.1086303878019252,-3.2607129307246208,0,0.16378153489417099
E00217,evaluation,0.2448919626958162,-0.012259289530041073,1,0.49846759360677584
E00218,evaluation,-0.15727253531827484,-0.97745408476385953,1,0.38019348975588957
E00219,evaluation,0.90969511042458884,1.5832682650190129,0,0.68818210277598046
E00220,evaluation,1.9778742660136297,4.1468982384327111,0,0.88829566402692828
E00221,evaluation,0.14430827724950887,-0.2536601346011787,0,0.46833491848744602
E00222,evaluation,-0.058449656405961115,-0.74027917537430665,0,0.40850729269145902
E00223,evaluation,1.3177365613687577,2.5625677472850183,1,0.78266824086949727
E00224,evaluation,-0.97202549099220348,-2.9328611783812883,0,0.18748575316836227
E00225,evaluation,-0.41209981271106572,-1.5890395505065578,0,0.31119901087374968
E00226,evaluation,0.24330034839507614,-0.016079163851817291,1,0.49799011534423188
E00227,evaluation,-0.16267201163087255,-0.99041282791409402,0,0.37866783882521771
E00228,evaluation,0.78637913973145246,1.287309935355486,1,0.65557920306934814
E00229,evaluation,0.68369832220419113,1.0408759732900585,0,0.62725017653473281
E00230,evaluation,1.0272638167716845,1.8654331602520426,1,0.71762609555349066
E00231,evaluation,-0.80285574070445487,-2.5268537776906914,0,0.22038453650286119
E00232,evaluation,1.0338901777232263,1.8813364265357428,1,0.71923461361937546
E00233,evaluation,-0.99745851251316697,-2.9939004300316006,1,0.18288082904196187
E00234,evaluation,-1.0516534001744979,-3.1239681604187952,0,0.17336212874941656
E00235,evaluation,-0.34058596939364494,-1.4174063265447479,0,0.3298854569988523
E00236,evaluation,0.68101959640035947,1.0344470313608629,1,0.62649830255938432
E00237,evaluation,1.3345230621629707,2.6028553491911293,1,0.78607516028696334
E00238,evaluation,-1.7225088934401869,-4.7340213442564476,0,0.085723137093598495
E00239,evaluation,1.0296777195067481,1.8712265268161952,0,0.71821270601101173
E00240,evaluation,-0.57497274845105151,-1.9799345962825234,0,0.27091853692848827
E00241,evaluation,-1.0955509154032181,-3.2293221969677237,1,0.16594248664848096
E00242,evaluation,1.0129318675638881,1.8310364821533311,1,0.71412803700948457
E00243,evaluation,-0.8661542432383974,-2.6787701837721536,0,0.20761119816122936
E00244,evaluation,-0.64756268532363115,-2.1541504447767146,0,0.25405990259595568
E00245,evaluation,0.42425491845560476,0.41821180429345139,1,0.55208682114248242
E00246,evaluation,-1.4851587154135555,-4.164380916992533,0,0.11083990325221052
E00247,evaluation,0.57931106982067104,0.79034656756961053,1,0.59752743927109908
E00248,evaluation,-0.48749348098142853,-1.7699843543554286,0,0.29214434630145858
E00249,evaluation,0.74702082355499799,1.1928499765319951,1,0.64483797462909209
E00250,evaluation,0.92351720483179023,1.6164412915962965,1,0.69173020515110606
E00251,evaluation,-2.0414432742185289,-5.4994638581244688,0,0.060101791599378153
E00252,evaluation,-0.35788300927121791,-1.4589192222509229,0,0.32531332323654299
E00253,evaluation,1.9412412999776512,4.058979119946363,1,0.88385869024894459
E00254,evaluation,0.53120671129648245,0.6748961071115579,1,0.58357049175639875
E00255,evaluation,1.6061877381960914,3.2548505716706191,1,0.83581662339607898
E00256,evaluation,-0.1142139370064665,-0.87411344881551956,0,0.39244251594109014
E00257,evaluation,-0.024695018073685054,-0.65926804337684408,0,0.41832967398260879
E00258,evaluation,0.9712230405612976,1.7309352973471142,1,0.70380173560204295
E00259,evaluation,-1.5057407575954949,-4.213777818229187,0,0.1084290565696705
E00260,evaluation,-0.2773289828960594,-1.2655895589505426,1,0.34687710041352865
E00261,evaluation,-0.89260174599837339,-2.7422441903960961,1,0.20243861556452378
E00262,evaluation,-0.17346516065312798,-1.016316385567507,1,0.37562538728782791
E00263,evaluation,-0.23864527210855221,-1.1727486530605251,1,0.35746718388684645
E00264,evaluation,-0.63936984253675166,-2.1344876220882041,1,0.25592758836516916
E00265,evaluation,-0.47793925918505326,-1.7470542220441279,0,0.29452091394953894
E00266,evaluation,-0.8013725128304644,-2.5232940307931147,0,0.22069049799240506
E00267,evaluation,-1.0570146301535115,-3.1368351123684275,1,0.17244209863773738
E00268,evaluation,1.3623646851348066,2.6696752443235354,1,0.79163970837776199
E00269,evaluation,-0.35314203957453832,-1.4475408949788919,0,0.32656324567015405
E00270,evaluation,-0.016974102349664139,-0.64073784563919389,0,0.42058584116514774
E00271,evaluation,0.69595657871353589,1.0702957889124862,0,0.63068297418346786
E00272,evaluation,-1.1841890665154382,-3.4420537596370515,0,0.15173894233198063
E00273,evaluation,-1.0114767894569605,-3.0275442946967051,1,0.1803804337909285
E00274,evaluation,-0.21784405535719178,-1.1228257328572604,0,0.36322061275610451
E00275,evaluation,-0.53118461846342124,-1.8748430843122108,0,0.28142147317116611
E00276,evaluation,-0.5028056912681963,-1.8067336590436711,1,0.28835910457520758
E00277,evaluation,0.58661443183746409,0.80787463640991375,1,0.59963327446660597
E00278,evaluation,-2.6700305586376878,-7.0080733407304505,0,0.029197593241297764
E00279,evaluation,1.6930976031676721,3.4634342476024131,1,0.84963192745416261
E00280,evaluation,1.0830058497900759,1.9992140394961817,0,0.73098130700756969
E00281,evaluation,-2.0843079176594945,-5.6023390023827861,0,0.057261010967590405
E00282,evaluation,-0.58408912920134914,-2.0018139100832379,0,0.26876314055860095
E00283,evaluation,0.82253256102802585,1.3740781464672618,0,0.66530793048972692
E00284,evaluation,-2.1182138098119219,-5.6837131435486121,0,0.055103791102650346
E00285,evaluation,-0.27050977907057761,-1.2492234697693863,0,0.34873331230163385
E00286,evaluation,-0.76303293834234054,-2.4312790520216172,0,0.22870472320433968
E00287,evaluation,-0.0071273701319314216,-0.61710568831663537,0,0.42346801243858462
E00288,evaluation,-1.1257592043182461,-3.3018220903637907,0,0.16098585723102643
E00289,evaluation,-0.89006867769161591,-2.7361648264598784,0,0.20292983810097054
E00290,evaluation,0.34540099741718833,0.22896239380125194,0,0.52858908213316469
E00291,evaluation,0.25044779135830597,0.0010746992599343086,0,0.50013433740425928
E00292,evaluation,-0.60538942604714885,-2.0529346225131571,1,0.26376956254698108
E00293,evaluation,-0.79361649336450435,-2.5046795840748102,0,0.22229537242988379
E00294,evaluation,1.0545489744820762,1.9309175387569826,1,0.72421340944500301
E00295,evaluation,0.9241913857316445,1.6180593257559468,1,0.6919026928072145
E00296,evaluation,-0.33640246561933851,-1.4073659174864124,0,0.33099617487564331
E00297,evaluation,0.26076214154648492,0.025829139711563753,0,0.50322859759029959
E00298,evaluation,0.071635669598087467,-0.42807439296459004,0,0.44669404966780557
E00299,evaluation,-0.12788328530369761,-0.90691988472887419,0,0.38853844936044712
E00300,evaluation,0.68069631433934952,1.033671154414439,1,0.62640752120908882
E00301,evaluation,0.11074434786037189,-0.33421356513510747,0,0.45832025037538365
E00302,evaluation,-0.74331310356914693,-2.3839514485659525,0,0.23290576529295684
E00303,evaluation,-0.53028732309832893,-1.8726895754359894,0,0.28163926938280598
E00304,evaluation,1.0859163403814429,2.006199216915463,1,0.73166756200511196
E00305,evaluation,1.417770625222647,2.8026495005343524,1,0.80239402226785894
E00306,evaluation,-1.1060451794982458,-3.2545084307957897,1,0.16420685346892064
E00307,evaluation,1.4013907937728631,2.7633379050548714,1,0.79925890758991558
E00308,evaluation,-0.7335346911309748,-2.3604832587143396,1,0.23500875341615712
E00309,evaluation,-0.54757726476723823,-1.9141854354413717,0,0.2774606586446895
E00310,evaluation,0.85534461100821668,1.45282706641972,1,0.67401775425469446
E00311,evaluation,-1.4493531732986524,-4.0784476159167653,0,0.11514579248860755
E00312,evaluation,0.74126195913052695,1.1790287019132646,1,0.64325370749602928
E00313,evaluation,-1.1515413334540008,-3.3636992002896018,1,0.15685070664703796
E00314,evaluation,-0.53953079551314265,-1.8948739092315421,1,0.27940056311103811
E00315,evaluation,-0.68306282788558381,-2.2393507869254012,0,0.24607149969470934
E00316,evaluation,0.78076441834817245,1.2738346040356139,0,0.65405628047177577
E00317,evaluation,-0.20415522279424367,-1.0899725347061848,0,0.36702841366243005
E00318,evaluation,-0.2967845846362473,-1.3122830031269934,1,0.34160690157874529
E00319,evaluation,1.2426092270257243,2.382262144861738,0,0.76694329459804711
E00320,evaluation,-0.14012225355756311,-0.93629340853815135,0,0.38505498754885814
E00321,evaluation,0.34145919335024993,0.2195020640405998,1,0.52741024982853579
E00322,evaluation,1.5769790672554036,3.1847497614129683,1,0.83094996983879088
E00323,evaluation,1.0710308618696289,1.9704740684871092,1,0.72814612157734704
E00324,evaluation,-1.7805126956200668,-4.8732304694881599,0,0.08042287738477881
E00325,evaluation,0.5838897922836318,0.80133550148071631,1,0.5988480838256155
E00326,evaluation,0.84674457197237218,1.4321869727336929,0,0.6717461967832562
E00327,evaluation,1.062671177392567,1.9504108257421606,1,0.72615583023495611
E00328,evaluation,0.99858899808181922,1.7966135953963658,1,0.71060142478824206
E00329,evaluation,1.2582396410685814,2.4197751385645954,1,0.77027905512196138
E00330,evaluation,-1.492593320378012,-4.1822239689072287,0,0.10996369536354861
E00331,evaluation,1.5930015177928751,3.2232036427029001,1,0.83363365949517776
E00332,evaluation,2.6350882570844552,5.7242118170026925,1,0.9459410895898186
E00333,evaluation,1.3741753558484238,2.6980208540362169,1,0.79396779803756712
E00334,evaluation,-0.32380161370387367,-1.3771238728892967,0,0.33435305396147824
E00335,evaluation,0.85510968903745688,1.4522632536898965,1,0.67395581136410809
E00336,evaluation,-2.1335712524972958,-5.7205710059935093,0,0.05415207526238916
E00337,evaluation,0.15206015511779358,-0.23505562771729538,0,0.47065182044040799
E00338,evaluation,-0.19686139621695847,-1.0724673509207003,0,0.36906415948147231
E00339,evaluation,-0.69851263713597611,-2.2764303291263426,0,0.24264820962651654
E00340,evaluation,-0.72376242366718457,-2.3370298168012429,0,0.2371235264561391
E00341,evaluation,0.42296689348633765,0.41512054436721024,0,0.55170457630561387
E00342,evaluation,0.65838925617620259,0.9801342148228861,0,0.62012224100686586
E00343,evaluation,0.26371704293986087,0.032920903055666084,0,0.50411501996986841
E00344,evaluation,-0.92992613899618504,-2.8318227335908439,0,0.1953033525888257
E00345,evaluation,0.49952686789813461,0.59886448295552308,1,0.57430371765919508
E00346,evaluation,-1.1620980103334047,-3.3890352248001712,0,0.15518265360310454
E00347,evaluation,1.0313006099329081,1.8751214638389793,1,0.71860667340349971
E00348,evaluation,-1.1358491110377251,-3.3260378664905401,1,0.15935715721789856
E00349,evaluation,0.60151415604232128,0.84363397450157096,1,0.60391795709861762
E00350,evaluation,0.095384994030945136,-0.37107601432573167,0,0.45374810477362093
E00351,evaluation,0.52696723905941401,0.66472137374259355,1,0.58233365721477859
E00352,evaluation,-0.42422682110042231,-1.6181443706410135,0,0.30808824261495421
E00353,evaluation,-0.6779843800388663,-2.2271625120932792,0,0.24720383475430951
E00354,evaluation,0.19092048415519522,-0.14179083802753145,0,0.48228356509537545
E00355,evaluation,-0.36285040399184793,-1.470840969580435,0,0.32400636825623014
E00356,evaluation,-0.42535628116068286,-1.6208550747856387,0,0.30779939755502334
E00357,evaluation,-0.64245963326920619,-2.1419031198460949,0,0.25522216590909275
E00358,evaluation,-0.086217877965295994,-0.80692290711671033,0,0.40048097330147769
E00359,evaluation,-0.13981450014677227,-0.93555480035225336,0,0.38514243790623298
E00360,evaluation,-1.1058114149181939,-3.2539473958036655,0,0.16424535614772154
E00361,evaluation,-1.03813860210986,-3.0915326450636638,0,0.17569858409244182
E00362,evaluation,0.48090104649286514,0.55416251158287622,0,0.56883051013788899
E00363,evaluation,-0.93972486909025132,-2.8553396858166034,1,0.19346200935654548
E00364,evaluation,0.291668573871318,0.10000457729116319,1,0.51249796828813754
E00365,evaluation,-0.37448754284041175,-1.4987701028169882,0,0.32095530980576586
E00366,evaluation,0.724973285317287,1.1399358847614889,1,0.6387557779875952
E00367,evaluation,-0.09280873456085631,-0.82274096294605514,0,0.39858355097483522
E00368,evaluation,1.6232648709899291,3.2958356903758297,1,0.83860944264668358
E00369,evaluation,1.6138707717760625,3.27328985226255,0,0.83707789480967054
E00370,evaluation,-1.516711146906141,-4.2401067525747376,0,0.10716296338629881
E00371,evaluation,-1.003385781101904,-3.0081258746445698,0,0.18182033282123339
E00372,evaluation,-1.2966685767080597,-3.7120045840993434,0,0.13516969819957472
E00373,evaluation,1.7003719313866732,3.4808926353280154,1,0.85074374723336266
E00374,evaluation,0.34494163258750088,0.22785991821000207,1,0.52845172106929506
E00375,evaluation,-1.1326388226853632,-3.3183331744448719,1,0.15987390441836921
E00376,evaluation,-0.16012073090057349,-0.98428975416137643,0,0.37938841975582388
E00377,evaluation,2.0607355903292781,4.3457654167902673,1,0.89778780140714221
E00378,evaluation,-1.0185362788070798,-3.0444870691369914,0,0.17913138509043461
E00379,evaluation,0.16894405837520787,-0.19453425989950107,0,0.47570237093486245
E00380,evaluation,0.70320031438810182,1.0876807545314442,0,0.63270533426581821
E00381,evaluation,-0.44443674200251465,-1.6666481808060349,0,0.30294266784591634
E00382,evaluation,-0.47869785367677742,-1.7488748488242658,1,0.29433180592552438
E00383,evaluation,0.10913981721874358,-0.3380644386750154,0,0.45784227456064486
E00384,evaluation,0.65670745468085623,0.97609789123405488,1,0.61964670620611784
E00385,evaluation,0.84224039800310024,1.4213769552074402,1,0.67055327034059231
E00386,evaluation,0.40307823244105129,0.36738775785852307,0,0.54579476933608495
E00387,evaluation,-0.71740914939760692,-2.3217819585542565,0,0.23850542727654075
E00388,evaluation,-0.67531053951786124,-2.220745294842867,0,0.24780142208965325
E00389,evaluation,0.55549429816987905,0.73318631560770975,1,0.59063550946388632
E00390,evaluation,-1.9725717726150183,-5.3341722542760435,0,0.064943692319381671
E00391,evaluation,-1.3460139637717028,-3.8304335130520868,0,0.12839591021116886
E00392,evaluation,3.6191832999560822,8.0860399198945974,1,0.98275809019722205
E00393,evaluation,0.79632933343628709,1.3111904002470891,1,0.65827021824609355
E00394,evaluation,-0.37853754219886598,-1.5084901012772782,0,0.31989702995152564
E00395,evaluation,0.5246379821247249,0.65913115709933978,1,0.58165367165823612
E00396,evaluation,-0.17029178463002742,-1.0087002831120657,0,0.37651891529900733
E00397,evaluation,-1.3699358064218672,-3.8878459354124812,0,0.12521750997539027
E00398,evaluation,-0.47458756139020397,-1.7390101473364896,0,0.29535729631138624
E00399,evaluation,-0.20812521385826349,-1.0995005132598323,1,0.36592235330070616
E00400,evaluation,0.41572604218922027,0.39774250125412858,1,0.54955459744963453
E00401,evaluation,-0.86313952011479889,-2.6715348482755172,0,0.20820696583266693
E00402,evaluation,-1.3474175304573275,-3.8338020730975861,0,0.12820753970222099
E00403,evaluation,-0.47916661678371375,-1.7499998802809129,0,0.29421498459297413
E00404,evaluation,-1.2373566321619707,-3.5696559171887294,0,0.14370800219048219
E00405,evaluation,-0.83653574625864136,-2.6076857910207392,0,0.21351897436609146
E00406,evaluation,0.07569960826156806,-0.41832094017223664,1,0.44789968495586124
E00407,evaluation,0.64253459234856702,0.94208302163656088,1,0.61563023839105047
E00408,evaluation,-1.0265914821579278,-3.063819557179027,0,0.17771443420169758
E00409,evaluation,-0.58252782003707526,-1.9980667680889805,0,0.26913151204269303
E00410,evaluation,0.99677237137513408,1.7922536913003215,1,0.71015291837035954
E00411,evaluation,0.13627131630325839,-0.27294884087217985,0,0.46593425212386752
E00412,evaluation,0.50991268991132943,0.62379045578719061,1,0.57734779722564655
E00413,evaluation,0.42037070619966155,0.40888969487918769,1,0.550933925267036
E00414,evaluation,0.51874709592836432,0.6449930302280743,1,0.57993255123292942
E00415,evaluation,-0.38375994371288702,-1.5210238649109287,1,0.31853513045449156
E00416,evaluation,-0.83740287455059514,-2.6097668989214284,0,0.21334428766482996
E00417,evaluation,-0.068916870207474681,-0.76540048849793918,0,0.40547579642330839
E00418,evaluation,0.33411397406192977,0.20187353774863148,0,0.52521278970808194
E00419,evaluation,1.7137569957038872,3.513016789689329,1,0.85277182179023847
E00420,evaluation,-1.0691430280074692,-3.165943267217926,0,0.17037503785854077
E00421,evaluation,-0.98081892678691907,-2.9539654242886058,0,0.18588359543208691
E00422,evaluation,1.0522029621756976,1.9252871092216743,1,0.72365077648559928
E00423,evaluation,-1.6773495915913261,-4.6256390198191824,1,0.090066805169027639
E00424,evaluation,0.83699517924027045,1.4087884301766489,1,0.66916130516204164
E00425,evaluation,0.2825299888637553,0.07807197327301274,1,0.50975775761129616
E00426,evaluation,1.7216682641670973,3.5320038340010336,1,0.85395976547880681
E00427,evaluation,0.2473768346606823,-0.0062955968143624252,0,0.49921305104800379
E00428,evaluation,0.8454885399373141,1.4291724958495537,1,0.67141375982494622
E00429,evaluation,0.10883127688738116,-0.33880493547028523,1,0.45775037192956042
E00430,evaluation,1.3093896548952428,2.5425351717485825,1,0.78095966048991927
E00431,evaluation,-0.59377260338656901,-2.0250542481277654,0,0.26648557983782412
E00432,evaluation,0.08826384552429839,-0.38816677074168382,1,0.45163089050928978
E00433,evaluation,-0.016828280145298698,-0.64038787234871686,1,0.4206284848466571
E00434,evaluation,-2.1598947330593878,-5.7837473593425299,0,0.052556741179510189
E00435,evaluation,0.11293509764091691,-0.3289557656617994,0,0.45897297952574395
E00436,evaluation,1.1616204870460911,2.1878891689106186,0,0.7491237845723645
E00437,evaluation,-0.14198196054602569,-0.94075670531046163,0,0.38452669651981619
E00438,evaluation,1.9349985198292183,4.043996447590124,1,0.88308747169705948
E00439,evaluation,1.595686940174259,3.2296486564182216,1,0.83408010402407506
E00440,evaluation,0.039388949564629093,-0.5054665210448902,0,0.43715086527185409
E00441,evaluation,-0.81898290322524525,-2.5655589677405883,0,0.21707746537950526
E00442,evaluation,-1.0333013363111674,-3.0799232071468019,1,0.17654085655892082
E00443,evaluation,0.60184991138671939,0.84443978732812652,0,0.60401432870271943
E00444,evaluation,-2.1118434589058341,-5.6684243013740012,0,0.0555031722928261
E00445,evaluation,-0.22072037375827583,-1.129728897019862,1,0.36242266901262238
E00446,evaluation,0.078783345682151687,-0.4109199703628359,1,0.44881493684019969
E00447,evaluation,-0.93043200727779352,-2.8330368174667044,1,0.19520796755205039
E00448,evaluation,-1.5120214589254244,-4.2288515014210182,0,0.10770260090042531
E00449,evaluation,-1.568742998895118,-4.3649831973482831,0,0.10133380431752359
E00450,evaluation,-0.54266649668412781,-1.9023995920419066,0,0.27864359732948774
E00451,evaluation,-0.55113450765479999,-1.9227228183715197,0,0.27660570089031866
E00452,evaluation,2.0887353739069199,4.4129648973766082,1,0.90083012840384236
E00453,evaluation,-0.1090757920848255,-0.86178190100358121,0,0.39391360089572525
E00454,evaluation,0.27579720322968676,0.061913287751248269,0,0.50773854298273202
E00455,evaluation,1.1780676175700691,2.2273622821681656,0,0.75281475279235943
E00456,evaluation,-0.004130370847111842,-0.60991289003306837,0,0.42434628838200289
E00457,evaluation,-1.5246182598778244,-4.2590838237067778,0,0.10625848737076785
E00458,evaluation,0.90578816241807414,1.5738915898033778,1,0.68717515760314674
E00459,evaluation,1.1434422529081696,2.1442614069796067,1,0.74500190549560796
E00460,evaluation,-0.019058110280725533,-0.64573946467374121,0,0.41997653173891047
E00461,evaluation,1.1885086968606877,2.2524208724656503,1,0.75513887067301466
E00462,evaluation,-0.026574912140179745,-0.66377978913643132,0,0.4177808538760508
E00463,evaluation,0.1286856308215103,-0.29115448602837529,0,0.46366982790049016
E00464,evaluation,0.19750013178121897,-0.12599968372507447,0,0.48425524674091769
E00465,evaluation,-0.51107009159291417,-1.826568219822994,0,0.28632827715069636
E00466,evaluation,-0.15121603615616933,-0.9629184867748064,0,0.38190760541183383
E00467,evaluation,-2.2401390076663064,-5.9763336183991349,0,0.047963329230482618
E00468,evaluation,0.96319111555481474,1.7116586773315552,1,0.70178854779871991
E00469,evaluation,3.4204911561433695,7.6091787747440875,1,0.97821673810899146
E00470,evaluation,1.052128627950361,1.9251087070808661,1,0.72363293767021708
E00471,evaluation,-0.41545290876389829,-1.5970869810333559,0,0.31033716655164789
E00472,evaluation,0.64598163675950371,0.95035592822280879,1,0.61660857654443924
E00473,evaluation,1.4855235693741597,2.9652565664979833,1,0.81496923918252895
E00474,evaluation,0.026729398238816302,-0.53584944422684089,0,0.43341664349498865
E00475,evaluation,-0.35045007237495374,-1.4410801736998891,0,0.32727406321467112
E00476,evaluation,-0.94017772236359498,-2.8564265336726278,0,0.19337723062176287
E00477,evaluation,1.0399726708725656,1.8959344100941573,1,0.72070618284175747
E00478,evaluation,-0.64904106283806351,-2.1576985508113524,0,0.25372384237019602
E00479,evaluation,-0.99670327543968396,-2.9920878610552415,0,0.18301629898024702
E00480,evaluation,-0.67028410609272293,-2.2086818546225349,0,0.24892741929449264
E00481,evaluation,0.47886007126642915,0.54926417103943004,0,0.56822971987537596
E00482,evaluation,-1.0829000349904583,-3.1989600839771,0,0.16805429871558555
E00483,evaluation,-1.1994186318745734,-3.4786047164989764,0,0.14940156967815926
E00484,evaluation,-0.04271434284793646,-0.7025144228350475,1,0.41307758382482329
E00485,evaluation,-0.80436867369165999,-2.5304848168599841,0,0.22007276101344289
E00486,evaluation,1.5825251881023252,3.1980604514455804,1,0.83188280215885024
E00487,evaluation,-0.32618621367736061,-1.3828469128256655,0,0.33371649312589607
E00488,evaluation,-0.22916933396670999,-1.1500064015201039,1,0.36008316573230753
E00489,evaluation,-1.1180137261529555,-3.2832329427670932,0,0.16224522904363656
E00490,evaluation,-1.6556405620402157,-4.573537348896517,0,0.092224718083731574
E00491,evaluation,-1.810301786951134,-4.9447242886827212,0,0.077818551840416292
E00492,evaluation,1.4956484155526,2.9895561973262397,1,0.81679435620269503
E00493,evaluation,-0.68094631990322796,-2.2342711677677469,0,0.24654298979689263
E00494,evaluation,0.64332775172778067,0.94398660414667368,0,0.61585543561940204
E00495,evaluation,1.6793504683211358,3.4304411239707258,1,0.84751218971305675
E00496,evaluation,0.43801472650008272,0.45123534360019846,1,0.55616636523462559
E00497,evaluation,-0.42124011843244868,-1.6109762842378768,1,0.30885277770890435
E00498,evaluation,0.24900155968144383,-0.0023962567645348098,1,0.49970046794026496
E00499,evaluation,-0.40517840240454051,-1.5724281657708972,1,0.31298215674577606
E00500,evaluation,-0.90478342439956005,-2.7714802185589442,0,0.20008869504001311
E00501,evaluation,-0.5698778338015773,-1.9677068011237853,0,0.27212785424913488
E00502,evaluation,0.92125017266365172,1.6110004143927639,1,0.69114979772963847
E00503,evaluation,-0.23783994640239561,-1.1708158713657495,1,0.35768917934616068
E00504,evaluation,0.9112063252498882,1.5868951805997313,1,0.68857111528153436
E00505,evaluation,-0.6110980708754441,-2.0666353701010656,1,0.26244140747529549
E00506,evaluation,-0.87660861117970534,-2.703860666831293,0,0.20555496508712223
E00507,evaluation,0.070029390557189763,-0.43192946266274457,1,0.44621769218550711
E00508,evaluation,0.33164992563519202,0.1959598215244609,0,0.52447540037411633
E00509,evaluation,-0.65574495884875128,-2.1737879012370032,0,0.25220361885538572
E00510,evaluation,-0.89874610700906676,-2.7569906568217601,0,0.20125076532153682
E00511,evaluation,-0.9502890150212675,-2.880693636051042,0,0.19149164754898534
E00512,evaluation,1.1980470971615662,2.2753130331877589,1,0.7572491128457064
E00513,evaluation,0.39688222364323722,0.35251733674376928,0,0.5439509402115571
E00514,evaluation,-0.049358712629272342,-0.71846091031025361,1,0.41114586380401147
E00515,evaluation,-1.1126991105901607,-3.2704778654163857,0,0.16311394334041757
E00516,evaluation,1.2073326232762209,2.29759829586293,0,0.7592915080655821
E00517,evaluation,0.27593014710434682,0.062232353050432399,0,0.50777841654219924
E00518,evaluation,-0.83683504006293885,-2.6084040961510531,0,0.21345866857628901
E00519,evaluation,-0.14015747149773441,-0.93637793159456262,1,0.38504498058977055
E00520,evaluation,-1.0627549382815622,-3.1506118518757491,0,0.17146130505685048
E00521,evaluation,-0.10884733805570175,-0.86123361133368415,0,0.39397905369280273
E00522,evaluation,0.52846541135440606,0.66831698725057442,0,0.5827708570428447
E00523,evaluation,-0.093465536014575079,-0.82431728643498015,0,0.3983946321262099
E00524,evaluation,0.16679664048342019,-0.19968806283979151,1,0.47505970749941567
E00525,evaluation,2.9829155579952671,6.5589973391886414,1,0.96371875872592139
E00526,evaluation,-1.1495833369156381,-3.3590000085975316,0,0.15716168790942037
E00527,evaluation,-1.5532090993589982,-4.3277018384615955,1,0.10304398223108445
E00528,evaluation,-0.53645760463081782,-1.8874982511139629,0,0.28014365914199324
E00529,evaluation,1.0893777717102668,2.0145066521046404,0,0.73248227680847766
E00530,evaluation,0.14929438054331715,-0.24169348669603885,0,0.46982502800623599
E00531,evaluation,0.21845818483839988,-0.07570035638784034,0,0.49053858498818798
E00532,evaluation,0.34346523703486131,0.22431656888366713,1,0.5280102144352824
E00533,evaluation,-1.1545337095285049,-3.3708809028684117,0,0.15637640666713509
E00534,evaluation,0.48647074259735185,0.56752978223364436,1,0.57046899445253263
E00535,evaluation,-0.63176059370187032,-2.1162254248844885,1,0.25767028296353578
E00536,evaluation,1.0293698530279707,1.8704876472671295,0,0.71813793157451733
E00537,evaluation,-0.62970351931187662,-2.111288446348504,1,0.25814272884935235
E00538,evaluation,-1.3550987329911737,-3.8522369591788168,0,0.12718082849937912
E00539,evaluation,-1.3338696438414246,-3.801287145219419,0,0.13003565198620695
E00540,evaluation,0.4801218589306413,0.55229246143353905,0,0.56860116893730916
E00541,evaluation,1.6036025452664668,3.24864610863952,1,0.83539046924807348
E00542,evaluation,-0.18664994727066364,-1.0479598734495927,1,0.37192206330078625
E00543,evaluation,-1.3426400308973014,-3.8223360741535233,0,0.12884968612144684
E00544,evaluation,1.8579250923573694,3.8590202216576865,1,0.87319518664285212
E00545,evaluation,0.15413743465985746,-0.23007015681634208,1,0.47127290238603142
E00546,evaluation,1.1893146963507455,2.2543552712417889,1,0.75531766572497727
E00547,evaluation,1.1147149525525566,2.0753158861261358,1,0.73839785188981411
E00548,evaluation,-0.21298149344401379,-1.1111555842656331,1,0.36457128942144379
E00549,evaluation,-0.39295005930271332,-1.5430801423265119,0,0.31614605214269609
E00550,evaluation,1.2235835917799807,2.3366006202719536,1,0.76283765139491877
E00551,evaluation,-1.3094285094764968,-3.7426284227435924,0,0.133389730550731
E00552,evaluation,0.14898196148814183,-0.24244329242845958,1,0.46973164470710027
E00553,evaluation,-1.023021312711534,-3.0552511505076816,0,0.17834135812194649
E00554,evaluation,0.46181344947730901,0.50835227874554156,0,0.56320412279623455
E00555,evaluation,-2.0984870176632957,-5.6363688423919092,0,0.056349397693582763
E00556,evaluation,1.0457263902659439,1.9097433366382655,1,0.72209385371056078
E00557,evaluation,2.5436341989893774,5.504722077574506,1,0.94004655401541637
E00558,evaluation,-0.71305941504085502,-2.311342596098052,0,0.23945472240764609
E00559,evaluation,0.75199726532770128,1.204793436786483,1,0.64620444600655935
E00560,evaluation,0.0842209708501509,-0.3978696699596378,1,0.45042966265320955
E00561,evaluation,1.5863656226598166,3.2072774943835598,1,0.83252633600769388
E00562,evaluation,0.30960266259608477,0.14304639023060339,0,0.51787318014016559
E00563,evaluation,-1.6618672925435958,-4.5884815021046297,0,0.091601064046187994
E00564,evaluation,1.4719179541218874,2.9326030898925297,0,0.81249458810383091
E00565,evaluation,0.72111937157453598,1.1306864917788864,1,0.63768796059485067
E00566,evaluation,1.6202694815302794,3.2886467556726702,1,0.8381223620208017
E00567,evaluation,-1.0089236376417878,-3.0214167303402908,0,0.18083383719765422
E00568,evaluation,1.4958868979904758,2.9901285551771419,1,0.81683717651702337
E00569,evaluation,-0.99795415821895805,-2.9950899797254995,0,0.18279196536971298
E00570,evaluation,-0.37170744179739984,-1.4920978603137596,0,0.32168282795868286
E00571,evaluation,1.1497100226497081,2.1593040543592994,1,0.74642812706388917
E00572,evaluation,0.0039968857880389799,-0.59040747410870642,0,0.42673038606213576
E00573,evaluation,0.097500533221546531,-0.36599872026828828,0,0.45437740931431142
E00574,evaluation,1.5149753538517217,3.0359408492441315,1,0.82023942085028345
E00575,evaluation,2.5984762186272152,5.6363429247053167,1,0.94364991322706815
E00576,evaluation,-0.65202035402515701,-2.1648488496603768,1,0.2530474910134875
E00577,evaluation,0.77072829328444714,1.2497479038826729,1,0.65132623965143799
E00578,evaluation,1.0240979870853,1.8578351690047197,0,0.71685563526599239
E00579,evaluation,-1.1743462088090737,-3.4184309011417771,1,0.15326550312080198
E00580,evaluation,0.047015574771434698,-0.48716262054855669,1,0.43940398275380288
E00581,evaluation,0.57874879724393147,0.78899711338543554,1,0.59736516456100386
E00582,evaluation,0.29473959990496462,0.10737503977191509,0,0.51341865702104184
E00583,evaluation,0.83222331874371347,1.3973359649849124,1,0.66789238060667422
E00584,evaluation,-0.12354915364648085,-0.89651796875155398,1,0.38977478776098345
E00585,evaluation,-1.6457230908436991,-4.549735418024877,0,0.093225905677005977
E00586,evaluation,2.1278125791745808,4.5067501900189937,1,0.9049412665209392
E00587,evaluation,0.48467973520947599,0.56323136450274236,1,0.56994228537901781
E00588,evaluation,0.062255522945898444,-0.45058674492984374,0,0.44391368800228409
E00589,evaluation,-2.5656630544090935,-6.7575913305818238,0,0.032964765100958235
E00590,evaluation,0.74614480083740242,1.1907475220097656,1,0.64459718386012743
E00591,evaluation,0.11339197629404597,-0.32785925689428963,1,0.45910912334981357
E00592,evaluation,-0.70578122837609092,-2.2938749481026179,0,0.24104891041295839
E00593,evaluation,1.1224636741070397,2.0939128178568951,1,0.74019001799483464
E00594,evaluation,0.22191647468221126,-0.067400460762693015,1,0.49157573967949009
E00595,evaluation,-1.3920546592099536,-3.9409311821038888,0,0.12233888655086822
E00596,evaluation,0.38166339363123369,0.31599214471496084,1,0.53941705564544928
E00597,evaluation,2.1789802510038938,4.629552602409345,1,0.91009343463471759
E00598,evaluation,1.1602001798320589,2.1844804315969411,1,0.74880333407537181
E00599,evaluation,-2.5582812672213024,-6.7398750413311257,0,0.033248317045812756
E00600,evaluation,1.6388748606040378,3.3332996654496903,0,0.84112864559136269
E00601,evaluation,-1.1939014084431607,-3.4653633802635859,0,0.15024488350231166
E00602,evaluation,0.79061793620250154,1.2974830468860037,1,0.65672681184722648
E00603,evaluation,0.20528536632233776,-0.10731512082638939,0,0.48658882745564391
E00604,evaluation,0.59204119443962189,0.8208988666550926,0,0.60119563963165312
E00605,evaluation,0.28225946423764586,0.077422714170350071,1,0.50967663087641824
E00606,evaluation,0.11655050121271161,-0.32027879708949214,0,0.46005048809045707
E00607,evaluation,1.0722104866271596,1.973305167905183,1,0.72842623820714358
E00608,evaluation,-1.1986008387834783,-3.4766420130803479,0,0.14952632349305436
E00609,evaluation,0.63815703394261802,0.93157688146228324,1,0.61438645363377076
E00610,evaluation,-1.5934676664514422,-4.4243223994834606,0,0.098663712675197912
E00611,evaluation,-0.85241620238036286,-2.6457988857128707,0,0.21033630621165766
E00612,evaluation,0.27226574535673631,0.053437788856167123,1,0.50667932624787693
E00613,evaluation,-0.60830919312297338,-2.0599420634951362,0,0.26308972030508565
E00614,evaluation,0.57223988434830619,0.77337572243593489,1,0.59548511569254825
E00615,evaluation,0.062724961785464356,-0.44946009171488555,1,0.44405275200210681
E00616,evaluation,0.90044987846975744,1.5610797083274175,0,0.68579645320595461
E00617,evaluation,2.0609922431027927,4.3463813834467029,1,0.89781605999345471
E00618,evaluation,0.050421207377310595,-0.47898910229445457,1,0.44041091441391644
E00619,evaluation,0.37965423096162904,0.31117015430790962,1,0.53881799617709725
E00620,evaluation,-0.051926809517913633,-0.72462434284299271,1,0.41039996989799465
E00621,evaluation,0.58346663941153654,0.80031993458768758,1,0.59872609336694516
E00622,evaluation,0.078942483070882308,-0.41053804062988242,1,0.44886217820754315
E00623,evaluation,0.67425076113204374,1.0182018267169051,1,0.62459568393244114
E00624,evaluation,-0.21910884784061335,-1.1258612348174721,0,0.36286964293591301
E00625,evaluation,1.4115318700731534,2.7876764881755678,1,0.80120429005653193
E00626,evaluation,-1.402012948632638,-3.9648310767183315,0,0.12106157555556678
E00627,evaluation,-0.62980269937263067,-2.1115264784943135,0,0.25811993732520189
E00628,evaluation,-0.040481649159737523,-0.69715595798337004,1,0.41372729989415619
E00629,evaluation,0.72094788293609147,1.1302749190466197,1,0.63764041394896409
E00630,evaluation,0.76567513719477076,1.2376203292674499,1,0.64994789075168968
E00631,evaluation,-1.3631863226400103,-3.8716471743360246,0,0.12610739700332865
E00632,evaluation,0.43674292962832317,0.44818303110797564,0,0.55578960845609671
E00633,evaluation,-0.68582749132701792,-2.2459859791848431,0,0.24545653683849633
E00634,evaluation,0.45637674083999813,0.49530417801599558,1,0.56159851585587195
E00635,evaluation,0.96861244480886499,1.7246698675412757,1,0.70314825797152625
E00636,evaluation,-0.66172752809283986,-2.1881460674228155,0,0.2508520757886204
E00637,evaluation,1.7102591207289541,3.5046218897494898,1,0.85224404264647824
E00638,evaluation,-0.065491760775750169,-0.75718022586180034,0,0.40646698963854394
E00639,evaluation,-1.2320622987345327,-3.5569495169628782,0,0.14449157271190369
E00640,evaluation,-1.0288918834821441,-3.0693405203571458,0,0.17731139828948761
E00641,evaluation,-0.58889463812129261,-2.013347131491102,0,0.2676313436889613
E00642,evaluation,-0.092183552658819778,-0.8212405263811674,0,0.39876340300375857
E00643,evaluation,1.206632984875766,2.2959191637018384,1,0.75913802892228466
E00644,evaluation,0.23143881605779199,-0.04454684146129928,0,0.49443187501344721
E00645,evaluation,-1.8363326165649092,-5.0071982797557819,0,0.075606251791355786
E00646,evaluation,0.51057208848233027,0.62537301235759257,0,0.57754087100391172
E00647,evaluation,-0.15584944115441435,-0.97403865877059448,0,0.38059598842740849
E00648,evaluation,-1.0663197726217017,-3.159167454292084,0,0.17085444448875164
E00649,evaluation,-0.16357820633206638,-0.99258769519695922,1,0.37841202283970682
E00650,evaluation,1.1098612970326522,2.063667112878365,1,0.73727121454450806
E00651,evaluation,0.53801975640718647,0.69124741537724754,1,0.58555593869691225
E00652,evaluation,-0.33902175804081192,-1.4136522192979486,0,0.33030053284692612
E00653,evaluation,-2.3992760302521634,-6.3582624726051913,0,0.039958648109617106
E00654,evaluation,0.75612745907763501,1.2147059017863238,0,0.6473367381910422
E00655,evaluation,0.79563052093216446,1.3095132502371944,1,0.65808155531900236
E00656,evaluation,0.036014388834592612,-0.51356546679697768,1,0.4361547474053819
E00657,evaluation,1.8161591540823454,3.7587819697976284,1,0.86754115806660959
E00658,evaluation,0.52883337019457488,0.66920008846697965,0,0.58287821569971721
E00659,evaluation,0.039785587697777375,-0.50451458952533423,0,0.43726798014167712
E00660,evaluation,1.0851205629670138,2.0042893511208328,0,0.73148003842398435
E00661,evaluation,1.3529214414525985,2.6470114594862362,1,0.78976437729008742
E00662,evaluation,1.3053736625238259,2.5328967900571819,0,0.78013416553872039
E00663,evaluation,0.25766129504231466,0.018387108101555194,0,0.50229837232423979
E00664,evaluation,-1.2753083414148614,-3.6607400193956674,1,0.13819420038947558
E00665,evaluation,-1.7467568468114687,-4.7922164323475247,0,0.083469946289865496
E00666,evaluation,-0.17317774482230472,-1.0156265875735313,1,0.37570628024845337
E00667,evaluation,-1.0901978805062538,-3.2164749132150092,0,0.16683346336657534
E00668,evaluation,0.68613574940055733,1.0467257985613374,1,0.62793378780706655
E00669,evaluation,0.59102688164865735,0.81846451595677772,1,0.60090377443465959
E00670,evaluation,0.090132238397376413,-0.38368262784629659,0,0.45218622287792465
E00671,evaluation,0.073262254802982707,-0.4241705884728415,1,0.44717652889934861
E00672,evaluation,-0.85429516781482462,-2.650308402755579,0,0.20996204681567585
E00673,evaluation,-1.1432664509963302,-3.3438394823911923,1,0.15816839531549329
E00674,evaluation,1.0241282052569565,1.8579076926166955,1,0.71686299539863163
E00675,evaluation,-0.77829818957230912,-2.4679156549735417,1,0.22548946415365351
E00676,evaluation,-1.0540703740871236,-3.1297688978090967,0,0.1729468772674729
E00677,evaluation,1.1857591133427205,2.2458218720225291,0,0.75452826589518052
E00678,evaluation,-2.3191115012659744,-6.1658676030383379,0,0.043816733781475499
E00679,evaluation,0.54872685603675919,0.71694445448822208,0,0.58867055311169814
E00680,evaluation,-1.6783875901190846,-4.6281302162858022,0,0.089964774556363633
E00681,evaluation,-0.64789008287201499,-2.1549361988928357,0,0.25398545429645947
E00682,evaluation,0.36175083195306396,0.26820199668735345,1,0.53347509917235758
E00683,evaluation,-1.1750094229728358,-3.4200226151348061,0,0.15316224912742232
E00684,evaluation,-0.26031245179422102,-1.2247498843061304,0,0.35151763204138492
E00685,evaluation,-0.83651988744226935,-2.6076477298614464,1,0.21352217016252947
E00686,evaluation,-0.26366256493103707,-1.2327901558344889,1,0.35060177801257419
E00687,evaluation,0.1590818196518082,-0.2182036328356603,1,0.47275156917616112
E00688,evaluation,-0.18411620275878288,-1.0418788866210789,1,0.37263258667320553
E00689,evaluation,0.74166828732239831,1.1800038895737561,0,0.64336559191869336
E00690,evaluation,-0.15991636351587465,-0.98379927243809906,0,0.37944616412255133
E00691,evaluation,-0.99163439842670864,-2.9799225562241007,0,0.18392753943403989
E00692,evaluation,0.36528849857209295,0.27669239657302303,1,0.53453149035364744
E00693,evaluation,0.37779868958617335,0.306716855006816,0,0.53826464136206853
E00694,evaluation,0.7260612007441295,1.1425468817859108,0,0.63905696303509674
E00695,evaluation,0.1387276272207415,-0.26705369467022039,1,0.46666779793886959
E00696,evaluation,1.0438753644080794,1.9053008745793902,1,0.72164788986353656
E00697,evaluation,0.63550315084710385,0.92520756203304921,1,0.613631683312022
E00698,evaluation,-0.075874443016907919,-0.78209866324057897,0,0.40346472102004177
E00699,evaluation,-2.0268809730320134,-5.4645143352768315,0,0.06109655483923547
E00700,evaluation,0.54707319659450915,0.71297567182682198,1,0.58818997308660048
E00701,evaluation,0.1723449383856861,-0.18637214787435336,0,0.4767203251129522
E00702,evaluation,-0.23822999735858227,-1.1717519936605973,1,0.35758165057116559
E00703,evaluation,0.34871972334684892,0.23692733603243743,0,0.52958133061250501
E00704,evaluation,0.87058668119903615,1.4894080348776866,0,0.67802363771866436
E00705,evaluation,-1.2595704503632517,-3.6229690808718038,0,0.14045880129750654
E00706,evaluation,-0.92409245023783426,-2.8178218805708024,0,0.19640588649994259
E00707,evaluation,0.08423757585884406,-0.39782981793877426,1,0.45043459519813106
E00708,evaluation,0.49695409607046848,0.59268983056912428,1,0.5735487587821263
E00709,evaluation,-0.056746026817360157,-0.73619046436166435,0,0.40900136068105314
E00710,evaluation,1.4769211119513566,2.9446106686832554,0,0.81340753263705767
E00711,evaluation,0.24115392827500384,-0.0212305721399908,0,0.49734620340255498
E00712,evaluation,0.29363147012701046,0.10471552830482511,1,0.51308645164517985
E00713,evaluation,-0.70636846247997165,-2.2952843099519318,0,0.24092001655669018
E00714,evaluation,-2.6673458017595699,-7.0016299242229669,0,0.029289051507608754
E00715,evaluation,0.35360864160098093,0.24866073984235426,1,0.53104261461166302
E00716,evaluation,-1.0986977196115286,-3.2368745270676689,0,0.16542050342226922
E00717,evaluation,0.85541941753551975,1.4530066020852472,0,0.67403747753920895
E00718,evaluation,-0.44471875091788138,-1.6673250022029151,0,0.30287121096340691
E00719,evaluation,0.95802986758000408,1.6992716821920095,0,0.70049074625425201
E00720,evaluation,-0.88131806814063607,-2.7151633635375267,0,0.20463362348731501
E00721,evaluation,0.53913982704339136,0.6939355849041392,0,0.58588208387707952
E00722,evaluation,1.7839679666641794,3.6815231199940306,1,0.86303875088881177
E00723,evaluation,0.33861246431813108,0.21266991436351457,0,0.52655871878496008
E00724,evaluation,-0.14237723366900584,-0.94170536080561407,1,0.38441444545920606
E00725,evaluation,-1.5753062015437278,-4.380734883704946,0,0.10061883714878163
E00726,evaluation,-0.66930517198476436,-2.2063324127634343,0,0.24914711289706248
E00727,evaluation,-0.0024731078676911472,-0.6059354588824587,0,0.42483215783462097
E00728,evaluation,0.99482471470839029,1.7875793153001367,0,0.70967160533744045
E00729,evaluation,-0.13670395417315645,-0.92808949001557539,1,0.3860267376359548
E00730,evaluation,0.21259196920299625,-0.089779273912809043,0,0.48877947488513929
E00731,evaluation,-0.57428328205716006,-1.9782798769371839,0,0.27108198937397937
E00732,evaluation,1.6102417844930705,3.2645802827833692,1,0.83648312370472733
E00733,evaluation,-0.37288982511803975,-1.4949355802832953,0,0.32137330683603843
E00734,evaluation,-0.53741347815127083,-1.8897923475630498,0,0.27991240008426627
E00735,evaluation,2.1200059440166243,4.4880142656398982,1,0.90413234763411954
E00736,evaluation,-1.5160940560965679,-4.2386257346317624,0,0.10723383520391255
E00737,evaluation,-0.50485823845746103,-1.8116597722979062,0,0.28785392892239536
E00738,evaluation,1.3839650691068377,2.7215161658564102,0,0.79588287843013561
E00739,evaluation,-0.94578571021761737,-2.8698857045222819,0,0.19232969869292624
E00740,evaluation,-0.7872476096191704,-2.4893942630860089,0,0.22361944040464066
E00741,evaluation,0.53601962375231504,0.68644709700555617,1,0.58497334827639069
E00742,evaluation,0.46184032213866871,0.50841677313280498,0,0.56321205575863731
E00743,evaluation,-0.98460679445625809,-2.9630563066950195,0,0.1851967117085109
E00744,evaluation,1.1067431412742943,2.0561835390583063,0,0.73654577834004431
E00745,evaluation,-0.58946657874279373,-2.0147197889827049,0,0.26749684141109104
E00746,evaluation,1.4401743945870067,2.8564185470088157,1,0.80662214648767105
E00747,evaluation,1.829341236315055,3.7904189671561315,1,0.86934837233297058
E00748,evaluation,-1.2646317208665263,-3.6351161300796631,0,0.1397271438606664
E00749,evaluation,-0.025763529944903857,-0.66183247186776928,0,0.41801770555602608
E00750,evaluation,-0.090541437240278855,-0.81729944937666921,1,0.39923593599159757
E00751,evaluation,1.7910577749881964,3.6985386599716708,1,0.86404129113597006
E00752,evaluation,0.91821872919470993,1.6037249500673036,1,0.69037274156811768
E00753,evaluation,-1.0204870846248815,-3.0491690030997156,0,0.17878742002944401
E00754,evaluation,1.7287375922937953,3.5489702215051087,1,0.85501455210428057
E00755,evaluation,0.098009756648784932,-0.36477658404291613,1,0.45452890867147683
E00756,evaluation,-1.7634770347417525,-4.8323448833802054,0,0.081947751164203733
E00757,evaluation,0.098599055135316041,-0.36336226767524149,1,0.45470424171350038
E00758,evaluation,0.095792392502893814,-0.37009825799305485,1,0.45386928122611964
E00759,evaluation,-0.94095160461952232,-2.8582838510868536,0,0.19323241738173624
E00760,evaluation,1.4288478809081382,2.8292349141795317,1,0.8044932164483094
E00761,evaluation,0.015184239359096694,-0.56355782553816791,0,0.43001770595958061
E00762,evaluation,-0.22147818305132405,-1.1315476393231778,0,0.36221256466758162
E00763,evaluation,0.69048880854583428,1.0571731405100024,1,0.62915339163041917
E00764,evaluation,0.83540674533233084,1.404976188797594,0,0.6687391836943265
E00765,evaluation,0.16191763681493868,-0.21139767164414719,0,0.47359986553073818
E00766,evaluation,-0.0248819199736744,-0.65971660793681852,0,0.41827510038473803
E00767,evaluation,0.29633832190656123,0.111211972575747,0,0.51389791569711152
E00768,evaluation,-0.47489043329096625,-1.7397370398983187,0,0.29528166100205638
E00769,evaluation,-0.4619552929128099,-1.7086927029907435,0,0.29852190665230088
E00770,evaluation,-0.66500186597217792,-2.1960044783332271,0,0.25011440172566152
E00771,evaluation,1.4607590463099511,2.9058217111438824,0,0.81044601328944521
E00772,evaluation,-0.52922016719324161,-1.8701284012637798,0,0.28189842839133433
E00773,evaluation,1.8166049832962972,3.7598519599111131,1,0.86760262413182088
E00774,evaluation,0.52069451711511561,0.64966684107627748,1,0.58050174002248378
E00775,evaluation,0.27185881483202334,0.052461155596856046,1,0.50655726848024629
E00776,evaluation,-1.4978151112330833,-4.1947562669593994,0,0.10935191403557096
E00777,evaluation,0.061892530465121824,-0.45145792688370762,0,0.44380616311404075
E00778,evaluation,-0.48981288125591366,-1.7755509150141928,0,0.29156910814513054
E00779,evaluation,-0.33024144883023959,-1.392579477192575,1,0.3326353532512728
E00780,evaluation,-0.36594918394675885,-1.4782780414722212,0,0.32319244490457366
E00781,evaluation,0.87195371379733044,1.492688913113593,0,0.67838165338579615
E00782,evaluation,1.6337089822893567,3.3209015574944556,1,0.84029850545905183
E00783,evaluation,0.4397490325077848,0.45539767801868358,0,0.55668003143210909
E00784,evaluation,0.35704029730375131,0.25689671352900312,1,0.53206801052094699
E00785,evaluation,-0.62339052643689485,-2.0961372634485476,1,0.2595961489701627
E00786,evaluation,0.28987066286635182,0.095689590879244335,0,0.51195891765936852
E00787,evaluation,2.00946804943985,4.2227233186556399,0,0.89200257733398602
E00788,evaluation,0.51662496189649942,0.63989990855159851,1,0.57931205557384446
E00789,evaluation,-1.5989834062745569,-4.4375601750589366,0,0.098076661966715301
E00790,evaluation,2.0759259370336882,4.3822222488808515,0,0.89944844218813758
E00791,evaluation,-1.2137579083442973,-3.5130189800263136,0,0.14722804070917433
E00792,evaluation,-0.3180696617203872,-1.3633671881289291,0,0.33588564549016264
E00793,evaluation,0.02183130259831486,-0.54760487376404432,1,0.43197384153642499
E00794,evaluation,-2.2223260037568031,-5.9335824090163269,0,0.048948885693944108
E00795,evaluation,-0.077160785583023403,-0.78518588539925616,0,0.40309325868105572
E00796,evaluation,0.62545922896640582,0.90110214951937395,1,0.610770248919556
E00797,evaluation,-0.52620684710859256,-1.8628964330606221,1,0.28263099515822132
E00798,evaluation,-0.30036289382593834,-1.320870945182252,0,0.34064179545703943
E00799,evaluation,0.28143722952461342,0.075449350859072228,1,0.50943005051831736
E00800,evaluation,-1.0548638305751235,-3.1316731933802964,0,0.17281072802165579
E00801,evaluation,1.3169503509818239,2.5606808423563772,1,0.78250771806729191
E00802,evaluation,0.9964747757703013,1.791539461848723,1,0.71007940587638108
E00803,evaluation,0.63056885250231287,0.91336524600555091,0,0.61222690767248533
E00804,evaluation,0.34749192727885397,0.23398062546924958,0,0.5292142651274796
E00805,evaluation,-0.35516010893493971,-1.4523842614438554,0,0.32603089369167088
E00806,evaluation,1.4113518062822938,2.7872443350775051,1,0.80116987201346768
E00807,evaluation,0.37468214557152996,0.2992371493716719,1,0.5373350220369133
E00808,evaluation,0.90888904691644667,1.5813337125994718,0,0.68797449962341262
E00809,evaluation,-0.086174855130719555,-0.80681965231372688,0,0.40049336889585752
E00810,evaluation,-0.26071924507179089,-1.2257261881722981,0,0.35140636441752332
E00811,evaluation,1.4134177075434839,2.7922024981043614,0,0.80156448670672953
E00812,evaluation,-0.42480155711325424,-1.6195237370718103,0,0.30794124239102777
E00813,evaluation,1.8262874697326521,3.7830899273583651,1,0.8689315859931156
E00814,evaluation,-0.41908708145645729,-1.6058089954954973,0,0.30940456170918568
E00815,evaluation,0.13439760770667644,-0.27744574150397655,0,0.46537479190330638
E00816,evaluation,1.9228057916744343,4.0147339000186424,1,0.88156839320379499
E00817,evaluation,0.2099519298851607,-0.096115368275614288,0,0.48798789074813625
E00818,evaluation,-1.2660670295300629,-3.6385608708721509,0,0.13952023740533931
E00819,evaluation,0.5468298714251093,0.71239169142026226,1,0.58811924466042442
E00820,evaluation,-0.91318206615946895,-2.7916369587827257,0,0.19848049414862953
E00821,evaluation,1.1323263142306159,2.1175831541534782,1,0.74245954639445211
E00822,evaluation,1.4754821647764114,2.9411571954633873,0,0.81314531410720658
E00823,evaluation,-0.3515971895897107,-1.4438332550153057,0,0.32697106819654814
E00824,evaluation,-1.3633305413361625,-3.8719932992067898,1,0.12608832600914319
E00825,evaluation,-0.35323432525784909,-1.4477623806188378,0,0.3265388916110572
E00826,evaluation,-1.504855424778613,-4.2116530194686712,0,0.10853180378472949
E00827,evaluation,-0.93440819894628535,-2.8425796774710848,0,0.19445945720330443
E00828,evaluation,-1.2148950861941381,-3.5157482068659314,0,0.14705679330512239
E00829,evaluation,-1.072188789844154,-3.1732530956259697,0,0.16985904751010572
E00830,evaluation,0.57158591229208233,0.77180618950099766,0,0.5952960649546809
E00831,evaluation,0.64465016556203902,0.94716039734889368,0,0.61623079059066954
E00832,evaluation,0.51182226092003502,0.62837342620808412,1,0.57790685996788427
E00833,evaluation,0.82555572996713655,1.3813337519211277,0,0.66611526020682466
E00834,evaluation,-0.15195443359652855,-0.96469064063166843,0,0.38169846514135913
E00835,evaluation,0.51096269545412487,0.62631046908989962,0,0.57765523066695601
E00836,evaluation,0.17813906021626574,-0.17246625548096223,0,0.47845506736058008
E00837,evaluation,-0.40692924172456879,-1.5766301801389651,0,0.31253056669898172
E00838,evaluation,-0.066041939842809441,-0.7585006556227426,0,0.4063077215990365
E00839,evaluation,-0.30228647599757147,-1.3254875423941714,0,0.34012353100666615
E00840,evaluation,0.50941637891933544,0.62259930940640495,1,0.57720246036206502
E00841,evaluation,2.5484976904119083,5.5163944569885803,1,0.94037463250712339
E00842,evaluation,0.6866732629299418,1.0480158310318601,0,0.62808447241066523
E00843,evaluation,1.0534161009858032,1.9281986423659276,1,0.72394180635948324
E00844,evaluation,-1.3016569301974601,-3.7239766324739043,0,0.13447146579353075
E00845,evaluation,0.44108614167348614,0.45860674001636681,1,0.55707597333004377
E00846,evaluation,0.4238181093901372,0.4171634625363293,1,0.55195719698171475
E00847,evaluation,-0.13043811270294278,-0.9130514704870627,0,0.38781033894073769
E00848,evaluation,0.26382435782258284,0.033178458774198782,1,0.50414721223693548
E00849,evaluation,-1.2531068037817734,-3.607456329076256,0,0.1413978435741407
E00850,evaluation,-1.4307475893277355,-4.0337942143865648,1,0.11744021798252025
E00851,evaluation,0.86130584345359174,1.4671340242886202,1,0.6755875402457151
E00852,evaluation,0.3911622674393051,0.33878944185433224,1,0.5422477051961091
E00853,evaluation,-1.6135993527858317,-4.4726384466859956,0,0.096536091148320582
E00854,evaluation,0.34071235240005943,0.21770964576014262,1,0.52718686541238202
E00855,evaluation,-0.36186565839403961,-1.4684775801456951,0,0.32426524421737912
E00856,evaluation,-0.45017536840840594,-1.6804208841801742,0,0.3014904643121859
E00857,evaluation,0.76561538732452994,1.2374769295788717,1,0.6499315777410628
E00858,evaluation,1.274075924338655,2.4577822184127718,1,0.77362443351739285
E00859,evaluation,1.7984963972061723,3.7163913532948132,0,0.86508650082291272
E00860,evaluation,0.48261586299716086,0.55827807119318595,1,0.56933513441900196
E00861,evaluation,-0.47675490571307699,-1.7442117737113847,0,0.29481629976732443
E00862,evaluation,0.90323159047839019,1.5677558171481363,1,0.68651528960651009
E00863,evaluation,-0.023275105163785212,-0.65586025239308454,0,0.41874434040452763
E00864,evaluation,0.23245098143565193,-0.042117644554435341,0,0.49473548898540215
E00865,evaluation,0.495817710527589,0.58996250526621352,1,0.57321518633898305
E00866,evaluation,-0.83756500413098178,-2.6101560099143564,1,0.21331163752820426
E00867,evaluation,-0.24725218105493688,-1.1934052345318484,1,0.35509844478994612
E00868,evaluation,-0.38376188006480627,-1.5210285121555351,1,0.31853462606484645
E00869,evaluation,1.1960348632625817,2.2704836718301959,1,0.7568049635770161
E00870,evaluation,1.6355353194326778,3.3252847666384264,1,0.84059239275950115
E00871,evaluation,-0.14594003002322115,-0.95025607205573071,1,0.38340322664504395
E00872,evaluation,-0.093011528980493502,-0.82322766955318438,0,0.39852521704970695
E00873,evaluation,2.1649815812283464,4.5959557949480319,0,0.90870943080966182
E00874,evaluation,-0.31832758833845859,-1.3639862120123005,0,0.33581660725860502
E00875,evaluation,0.62370706107076701,0.89689694656984076,1,0.61027028131087402
E00876,evaluation,0.43594898907117541,0.446277573770821,1,0.55555437915307149
E00877,evaluation,-0.014938658409697221,-0.63585278018327329,0,0.42118118543311805
E00878,evaluation,0.087076169210019816,-0.39101719389595246,0,0.451277946388703
E00879,evaluation,-0.53175121938673098,-1.8762029265281543,0,0.28128399763059042
E00880,evaluation,-2.3574007823541514,-6.2577618776499628,0,0.041931540384960046
E00881,evaluation,-0.1748766133353323,-1.0197038720047975,0,0.37522823583036435
E00882,evaluation,-0.66780136193181316,-2.2027232686363516,0,0.2494848520950215
E00883,evaluation,-0.63547886551692756,-2.125149277240626,1,0.25681774542341174
E00884,evaluation,1.3195581319957663,2.566939516789839,1,0.783039827205251
E00885,evaluation,-1.8357512497731023,-5.0058029994554447,0,0.075655024262402573
E00886,evaluation,-1.4864929065195349,-4.1675829756468836,0,0.11068221302055353
E00887,evaluation,-0.34617000359294159,-1.4308080086230599,0,0.32840585424578445
E00888,evaluation,1.5519995367175867,3.124798888122208,1,0.82669738801356984
E00889,evaluation,0.15082824381329943,-0.23801221484808138,1,0.47028353637158965
E00890,evaluation,-0.62190671331778535,-2.0925761119626847,0,0.25993853276018147
E00891,evaluation,-1.5637808178076353,-4.3530739627383248,0,0.10187735184083549
E00892,evaluation,0.3847552281655377,0.32341254759729043,1,0.54033870560574448
E00893,evaluation,-0.26234393547634954,-1.2296254451432389,0,0.35096213406203908
E00894,evaluation,-0.29988641874896904,-1.3197274049975256,0,0.34077022955621128
E00895,evaluation,1.7555592544510594,3.6133422106825424,1,0.85895906574316028
E00896,evaluation,-0.12147484224037183,-0.89153962137689236,0,0.3903670009041863
E00897,evaluation,3.0296890036391946,6.6712536087340668,1,0.96563100086305964
E00898,evaluation,2.6242736472200519,5.698256753328125,1,0.94527360997403287
E00899,evaluation,-1.7873144482629719,-4.8895546758311319,0,0.079821312211999659
E00900,evaluation,-1.8878057334377427,-5.1307337602505818,0,0.071400883553655703
E00901,evaluation,-1.9982784673838436,-5.395868321721224,0,0.063095366609970088
E00902,evaluation,1.7009578862349601,3.4822989269639044,1,0.85083300984428889
E00903,evaluation,1.5992067445676628,3.2380961869623905,1,0.83466380842576227
E00904,evaluation,-1.6336636818298218,-4.5207928363915721,0,0.094456456092606403
E00905,evaluation,0.64632658769898521,0.9511838104775644,1,0.61670642851229418
E00906,evaluation,-0.87465851655318894,-2.6991804397276535,1,0.20593737391297182
E00907,evaluation,-2.6664927980049726,-6.9995827152119334,0,0.029318167841408976
E00908,evaluation,0.53907170096059409,0.69377208230542575,1,0.58586224888869221
E00909,evaluation,0.22285322117725917,-0.065152269174577948,1,0.4918566864838837
E00910,evaluation,-0.66256711785859035,-2.1901610828606168,1,0.25066278711730544
E00911,evaluation,-0.14111406465465046,-0.93867375517116103,0,0.38477320779515389
E00912,evaluation,0.68345278324835801,1.040286679796059,1,0.62718128336451517
E00913,evaluation,-0.34576108388056731,-1.4298266013133616,0,0.32851409072231808
E00914,evaluation,0.92928074330378407,1.6302737839290815,1,0.69320306326268843
E00915,evaluation,-0.36686271229625039,-1.4804705095110009,0,0.32295270216596761
E00916,evaluation,-2.0943487402503651,-5.6264369766008757,0,0.056614039418548402
E00917,evaluation,-1.7463945199471289,-4.7913468478731085,0,0.083503215100784678
E00918,evaluation,-1.9080516857978189,-5.1793240459147647,0,0.06980672580169095
E00919,evaluation,0.47459556662640379,0.53902935990336898,1,0.56697375572379616
E00920,evaluation,1.3044911957484018,2.5307788697961642,1,0.77995247367984555
E00921,evaluation,-0.22423461003249162,-1.1381630640779798,0,0.36144878353901616
E00922,evaluation,0.77669631809242179,1.264071163421812,1,0.65295088077965047
E00923,evaluation,-1.0788516402210406,-3.1892439365304974,0,0.1687346117147849
E00924,evaluation,0.25242336487212558,0.0058160756931013857,0,0.50072700894929734
E00925,evaluation,-1.1268025742257857,-3.3043261781418858,0,0.16081681617373214
E00926,evaluation,0.76366575441147677,1.2327978105875443,0,0.64939909340467095
E00927,evaluation,-0.52848398344753511,-1.8683615602740842,1,0.28207729515945595
E00928,evaluation,0.48319300891811789,0.55966322140348301,0,0.56950494057598955
E00929,evaluation,0.74060099487598841,1.1774423877023721,0,0.64307167441857693
E00930,evaluation,1.040611072961553,1.8974665751077269,0,0.72086036057980218
E00931,evaluation,-0.30822456005868465,-1.3397389441408432,1,0.33852606880026043
E00932,evaluation,-0.092362918570610603,-0.8216710045694654,1,0.39871180030772962
E00933,evaluation,-0.65496155896496788,-2.1719077415159229,0,0.2523809563505458
E00934,evaluation,-1.0054692135193486,-3.0131261124464368,0,0.18144870670216359
E00935,evaluation,1.236845269103221,2.3684286458477302,0,0.76570470398440726
E00936,evaluation,0.52824587776087828,0.66779010662610794,0,0.58270680040186185
E00937,evaluation,-1.4228282599861466,-4.0147878239667518,0,0.11842879184512978
E00938,evaluation,0.34355736893134214,0.22453768543522112,1,0.52803776717793438
E00939,evaluation,-0.36442398496339679,-1.4746175639121524,0,0.32359291914867622
E00940,evaluation,1.0847493026637289,2.0033983263929493,0,0.73139252320189019
E00941,evaluation,0.71344293609405363,1.1122630466257286,0,0.63555697780345033
E00942,evaluation,1.001954679927086,1.8046912318250063,0,0.7114312888040969
E00943,evaluation,-0.84532641479458004,-2.6287833955069919,0,0.2117528821060557
E00944,evaluation,0.87320786285644636,1.4956988708554713,0,0.67870992146537823
E00945,evaluation,1.1903793331749859,2.256910399619966,1,0.75555369903181346
E00946,evaluation,0.41404662995804298,0.3937119118993031,1,0.54905567299775226
E00947,evaluation,0.77287374482271498,1.254896987574516,1,0.65191069103255828
E00948,evaluation,-1.4507980933813376,-4.08191542411521,1,0.11496924763997406
E00949,evaluation,-0.047173077767619594,-0.71321538664228701,0,0.41178099505592941
E00950,evaluation,1.427189840780523,2.8252556178732551,1,0.80418008726356438
E00951,evaluation,0.40578759577438084,0.37389022985851394,0,0.5466006392755447
E00952,evaluation,1.9694317362231257,4.1266361669355023,1,0.8872864355296306
E00953,evaluation,1.3084149644175544,2.5401959146021307,1,0.78075951612555261
E00954,evaluation,0.68151478487758554,1.0356354837062054,0,0.6266373399466334
E00955,evaluation,0.17808087546097695,-0.1726058988936553,0,0.47843764437033748
E00956,evaluation,-0.14668917298182466,-0.95205401515637922,1,0.38319072739057258
E00957,evaluation,-1.3645131572704929,-3.8748315774491831,0,0.12593203394406294
E00958,evaluation,0.62980219482034405,0.91152526756882579,0,0.61200847498337008
E00959,evaluation,0.21197277822598071,-0.091265332257646326,0,0.48859381269598456
E00960,evaluation,-0.43005074548374006,-1.6321217891609763,1,0.30660046180913741
E00961,evaluation,0.18508146666490796,-0.15580448000422087,1,0.48053428339912529
E00962,evaluation,0.17370882347198416,-0.18309882366723801,0,0.47712861912609539
E00963,evaluation,1.026979669577508,1.864751206986019,1,0.71755699530266381
E00964,evaluation,0.094323593660293303,-0.37362337521529609,0,0.45343242800702993
E00965,evaluation,0.02749445224033481,-0.53401331462319646,0,0.43364210336498615
E00966,evaluation,-0.96992702014173171,-2.9278248483401561,1,0.18786965936467376
E00967,evaluation,-0.27504722092981254,-1.2601133302315501,1,0.34749768927531877
E00968,evaluation,-0.67864164995812881,-2.2287399598995092,0,0.24705708715740737
E00969,evaluation,-0.88564992677241128,-2.7255598242537871,0,0.20378886518239214
E00970,evaluation,0.15645722464686185,-0.22450266084753157,1,0.47196659713096845
E00971,evaluation,-1.3982272697656033,-3.9557454474374478,1,0.12154578950918275
E00972,evaluation,-0.011104373181574867,-0.62665049563577968,0,0.42230329179947745
E00973,evaluation,-1.7926618735393944,-4.9023884964945461,0,0.079351259971025462
E00974,evaluation,-0.22069929687546819,-1.1296783125011236,1,0.36242851337800497
E00975,evaluation,-1.70785551605909,-4.6988532385418154,0,0.087111358585247572
E00976,evaluation,0.37287343919138677,0.29489625405932829,1,0.53679539200187731
E00977,evaluation,-0.53631270396658259,-1.8871504895197981,0,0.28017872583857478
E00978,evaluation,-1.0212072045965874,-3.0508972910318097,0,0.17866057948611427
E00979,evaluation,-0.068144406017396283,-0.76354657444175111,0,0.40569927304643794
E00980,evaluation,-0.74320699093992892,-2.3836967782558292,0,0.23292851585077429
E00981,evaluation,0.66512776425244213,0.99630663420586119,1,0.62202525582579482
E00982,evaluation,-0.006407761908522532,-0.615378628580454,0,0.42367885100657976
E00983,evaluation,-0.27174892924296201,-1.2521974301831089,1,0.34839566776108322
E00984,evaluation,0.4720357687016481,0.53288584488395541,0,0.56621944007532066
E00985,evaluation,0.069955878874154845,-0.43210589070202832,0,0.4461958939463127
E00986,evaluation,1.4079698571012931,2.7791276570431034,1,0.80052260172994416
E00987,evaluation,1.2945648877339884,2.5069557305615717,0,0.77790131564742093
E00988,evaluation,-1.0134508876579353,-3.0322821303790448,0,0.18003047022138105
E00989,evaluation,-0.062635331631722926,-0.75032479591613499,1,0.40729419567378317
E00990,evaluation,1.106783715934605,2.0562809182430519,1,0.73655522625648273
E00991,evaluation,-0.40742175917268919,-1.5778122220144541,0,0.31240359684210361
E00992,evaluation,-1.4258681631173826,-4.0220835914817181,0,0.11804847013219467
E00993,evaluation,1.1474357600781202,2.1538458241874885,1,0.74591123147058647
E00994,evaluation,0.65716617761953,0.97719882628687194,1,0.61977643441366836
E00995,evaluation,-1.5462711639801217,-4.3110507935522913,0,0.10381602333620869
E00996,evaluation,-0.68969966876376232,-2.2552792050330295,0,0.24459696690861277
E00997,evaluation,-1.0203782327630815,-3.0489077586313957,0,0.17880659911428579
E00998,evaluation,-0.31960419240240584,-1.3670500617657739,1,0.33547500687700887
E00999,evaluation,0.83381100411624098,1.4011464098789781,1,0.6683148468280391
E01000,evaluation,-0.60876807500378682,-2.0610433800090884,0,0.26298297617900601
E01001,evaluation,0.70079142421383955,1.0818994181132151,0,0.63203331659797324
E01002,evaluation,0.23923180327608509,-0.025843672137395801,0,0.4967695859322559
E01003,evaluation,-0.50041703459186959,-1.8010008830204871,1,0.28894766734852895
E01004,evaluation,0.49040999744053887,0.57698399385729326,1,0.5716269087950433
E01005,evaluation,-0.70714514949636509,-2.2971483587912762,1,0.2407496113628145
E01006,evaluation,0.17838585354767622,-0.17187395148557705,1,0.47852896836193876
E01007,evaluation,1.5934918984583148,3.2243805562999555,1,0.83371525571163574
E01008,evaluation,-1.0028640369184068,-3.006873688604176,0,0.18191349003770904
E01009,evaluation,1.2468883607916621,2.3925320658999887,0,0.76785986560344688
E01010,evaluation,2.5687940222483761,5.5651056533961025,1,0.94172569760306213
E01011,evaluation,-0.10575716812172233,-0.85381720349213353,0,0.39486477002743714
E01012,evaluation,0.14496265051513491,-0.25208963876367624,0,0.46853044796858384
E01013,evaluation,-0.23565811494446351,-1.1655794758667124,0,0.3582909279413326
E01014,evaluation,-2.202292956784647,-5.885503096283152,0,0.050080213864561143
E01015,evaluation,1.2908254417069769,2.4979810600967443,0,0.77712506817950011
E01016,evaluation,1.7637333301981835,3.6329599924756404,0,0.86014321819068762
E01017,evaluation,0.070314769861370349,-0.43124455233271114,0,0.44630231697044576
E01018,evaluation,0.016364466457460331,-0.56072528050209514,0,0.43036487221501885
E01019,evaluation,1.1036161016250472,2.048678643900113,1,0.73581698450064548
E01020,evaluation,-0.69519070077255785,-2.2684576818541387,0,0.24338152787528383
E01021,evaluation,0.46727968533447395,0.52147124480273754,1,0.56481711547722047
E01022,evaluation,-0.43137960620168586,-1.6353110548840459,1,0.30626155284658974
E01023,evaluation,1.0661264216572959,1.9587034119775097,1,0.72697956170115308
E01024,evaluation,-0.71428843900204764,-2.3142922536049144,0,0.23918623547824897
E01025,evaluation,0.44373846535918154,0.46497231686203577,0,0.55786115867160146
E01026,evaluation,-1.0945644598956201,-3.2269547037494881,0,0.16610638857600202
E01027,evaluation,-1.27707068292196,-3.6649696390127042,0,0.13794252647131569
E01028,evaluation,-0.50977069381592599,-1.8234496651582224,1,0.28664701286329819
E01029,evaluation,0.34476377114155493,0.22743305073973186,0,0.52839853508743906
E01030,evaluation,0.96652856796735853,1.7196685631216604,1,0.70262602985066347
E01031,evaluation,1.0281891496797675,1.8676539592314416,0,0.71785105128115578
E01032,evaluation,0.7515503626806902,1.2037208704336564,1,0.64608182905113154
E01033,evaluation,0.80264872480785854,1.3263569395388606,1,0.65997402574839248
E01034,evaluation,0.75915978170323006,1.2219834760877522,0,0.64816699773021336
E01035,evaluation,0.18714920252812045,-0.1508419139325109,1,0.48115369356458876
E01036,evaluation,-0.91198058917508662,-2.7887534140202077,0,0.19870995964584817
E01037,evaluation,0.75688853323639183,1.2165324797673405,1,0.64754520659055315
E01038,evaluation,1.2390423296316553,2.3737015911159727,0,0.76617735845934476
E01039,evaluation,-1.0402198996191785,-3.0965277590860283,0,0.17533715935588556
E01040,evaluation,0.81687898891894239,1.3605095734054617,1,0.66379556078399082
E01041,evaluation,1.3082524044772814,2.5398057707454753,1,0.78072612303615885
E01042,evaluation,1.0739146166795872,1.9773950800310089,0,0.72883058536804779
E01043,evaluation,0.39112576541614574,0.33870183699874978,0,0.54223683275062073
E01044,evaluation,0.97776946608059712,1.7466467185934329,1,0.70543674908177412
E01045,evaluation,1.1640837025114732,2.1938008860275353,1,0.74967889159621959
E01046,evaluation,-1.859077008125043,-5.0617848195001027,0,0.073720684372344344
E01047,evaluation,-0.024929131668191735,-0.65982991600366014,1,0.41826131533019056
E01048,evaluation,1.7484720695385489,3.596332966892517,1,0.85792559574088445
E01049,evaluation,-0.079078710481999076,-0.78978890515679778,0,0.40253961822231271
E01050,evaluation,-0.54158365562930788,-1.8998007735103388,1,0.27890485544659355
E01051,evaluation,0.37008026098826063,0.28819262637182552,1,0.53596187454618893
E01052,evaluation,-0.21744734184288583,-1.1218736204229258,1,0.36333072763269808
E01053,evaluation,0.063669029574412575,-0.44719432902140976,1,0.44433244401046407
E01054,evaluation,0.62103131369668729,0.89047515287204948,1,0.60950633027795897
E01055,evaluation,-0.17352906847301233,-1.0164697643352296,1,0.37560740142489979
E01056,evaluation,0.69699783910359814,1.0727948138486356,0,0.63097396552306195
E01057,evaluation,0.31648948102256341,0.15957475445415215,1,0.51993626919546143
E01058,evaluation,-0.47798469015131534,-1.7471632563631569,1,0.2945095865912436
E01059,evaluation,0.095856913936608223,-0.36994340655214025,1,0.45388847295949247
E01060,evaluation,-0.37271550418259947,-1.4945172100382387,1,0.32141893024791274
E01061,evaluation,0.31370811904423113,0.15289948570615475,1,0.51910313249738038
E01062,evaluation,0.27061093691305382,0.049466248591329198,1,0.50618296588630651
E01063,evaluation,1.6500966211493056,3.3602318907583331,1,0.84291988358341974
E01064,evaluation,1.9490318818228669,4.0776765163748809,0,0.88481491908060073
E01065,evaluation,1.2978429354015051,2.5148230449636122,0,0.77858019397630784
E01066,evaluation,0.93053620961102801,1.633286903066467,1,0.69352337387357055
E01067,evaluation,-2.3537320419777998,-6.2489569007467187,0,0.042108759915938425
E01068,evaluation,-1.5251574117432676,-4.2603777881838418,1,0.10619706065680992
E01069,evaluation,1.2758344364216232,2.4620026474118957,0,0.77399378128426011
E01070,evaluation,1.6084999940116009,3.2603999856278421,0,0.83619703394510336
E01071,evaluation,-0.54590481358598708,-1.9101715526063687,1,0.27786318235849017
E01072,evaluation,0.26330860235573389,0.031940645653761313,1,0.50399249584950567
E01073,evaluation,-1.0899956644462969,-3.2159895946711128,0,0.1668671957466217
E01074,evaluation,0.22747968247720896,-0.054048762054698551,1,0.49324431588750006
E01075,evaluation,-0.36300225959715404,-1.4712054230331697,1,0.32396645710132826
E01076,evaluation,-1.1978118152316839,-3.4747483565560415,0,0.14964676990056963
E01077,evaluation,1.3622630350885403,2.6694312842124965,1,0.79161958750554973
E01078,evaluation,-0.53934143549199476,-1.8944194451807874,0,0.27944631536598863
E01079,evaluation,0.62216514931362354,0.8931963583526964,0,0.60983011681733179
E01080,evaluation,-0.098711782512924243,-0.83690827803101819,1,0.39688672020226279
E01081,evaluation,-0.22639373425101142,-1.1433449622024274,0,0.36085099819747773
E01082,evaluation,1.0306062864385022,1.8734550874524052,0,0.71843816280095496
E01083,evaluation,-1.4549251149652314,-4.0918202759165547,1,0.11446629185100074
E01084,evaluation,1.8469810349602138,3.8327544839045129,1,0.87173390418172325
E01085,evaluation,-0.94507430611122833,-2.8681783346669478,0,0.19246234407541002
E01086,evaluation,1.1246412384618365,2.0991389723084075,1,0.74069222013807112
E01087,evaluation,0.53156054628320726,0.67574531107969749,1,0.58367367315779672
E01088,evaluation,0.70805206023974754,1.0993249445753941,1,0.63405727845692983
E01089,evaluation,1.2524802057653983,2.4059524938369559,0,0.76905381808693141
E01090,evaluation,-0.68668011171296517,-2.2480322681111162,0,0.24526709203660985
E01091,evaluation,-0.64333514928861923,-2.144004358292686,1,0.25502251156536632
E01092,evaluation,0.16220637214176131,-0.21070470685977283,1,0.47368624543122539
E01093,evaluation,-0.50371611258671967,-1.808918670208127,0,0.28813496539365202
E01094,evaluation,0.065045854975511436,-0.44388994805877258,0,0.44474040912519697
E01095,evaluation,0.75606306205466678,1.2145513489312001,0,0.6473190964088289
E01096,evaluation,-0.5193615193465434,-1.8464676464317042,0,0.28429943899777022
E01097,evaluation,0.16231276307716658,-0.21044936861480018,1,0.47371807441888492
E01098,evaluation,-1.778441294540277,-4.8682591068966641,0,0.08060689786655699
E01099,evaluation,0.20683720886688051,-0.10359069871948678,0,0.48705405676696045
E01100,evaluation,-0.31595474161146203,-1.3582913798675089,0,0.33645200241508522
E01101,evaluation,2.0170549911332967,4.240931978719912,1,0.89287650864715962
E01102,evaluation,0.69301245453642057,1.0632298908874094,1,0.62985969352468285
E01103,evaluation,1.1269297844543438,2.1046314826904249,1,0.74121933707781351
E01104,evaluation,-0.17722212557841857,-1.0253331013882045,0,0.37456863213763897
E01105,evaluation,0.34090376254971372,0.21816903011931288,1,0.52724411832812268
E01106,evaluation,0.10434227172881483,-0.34957854785084441,1,0.45641359346909127
E01107,evaluation,0.029826131539228813,-0.52841728430585078,1,0.43432941362216226
E01108,evaluation,-0.47974734789570544,-1.751393634949693,1,0.29407029700823201
E01109,evaluation,0.82904312292765292,1.3897034950263669,0,0.66704535164893353
E01110,evaluation,0.17109859319208628,-0.18936337633899292,0,0.47634724515215249
E01111,evaluation,-1.1568204227743906,-3.3763690146585374,1,0.15601474430493004
E01112,evaluation,-0.47268393418822419,-1.7344414420517378,0,0.29583294104448787
E01113,evaluation,-0.73578314862335603,-2.3658795566960542,1,0.23452402802984779
E01114,evaluation,0.43912060462070546,0.45388945108969303,0,0.5564939178042132
E01115,evaluation,-0.47400416855895111,-1.7376100045414824,0,0.29550301699606107
E01116,evaluation,2.6579429475288472,5.7790630740692333,1,0.94732651063246454
E01117,evaluation,0.94363303710578095,1.664719289053874,1,0.69685363295650615
E01118,evaluation,0.87254917305659507,1.494118015335828,1,0.67853753426138019
E01119,evaluation,0.38326571982650226,0.3198377275836054,0,0.53989472970430041
E01120,evaluation,-0.38678739020688685,-1.5282897364965282,0,0.31774704767193035
E01121,evaluation,-0.17539673134629757,-1.020952155231114,1,0.37508192845789584
E01122,evaluation,1.0357891002491189,1.8858938405978849,0,0.71969453705848485
E01123,evaluation,1.2926271983462645,2.5023052760310347,1,0.77749932455700799
E01124,evaluation,0.089879219331552976,-0.3842898736042728,1,0.45211101238026896
E01125,evaluation,0.0081651309895510935,-0.58040368562507738,0,0.42795445332433563
E01126,evaluation,-1.253066572656254,-3.6073597743750097,0,0.14140370476290601
E01127,evaluation,-0.35952926976997518,-1.4628702474479405,0,0.32487987843419974
E01128,evaluation,-0.94378132737238285,-2.8650751856937187,0,0.19270360577170009
E01129,evaluation,0.1685706891230819,-0.19543034610460341,0,0.47559062589094081
E01130,evaluation,0.58905328623225417,0.81372788695740994,1,0.60033567347900063
E01131,evaluation,-1.5253916363634374,-4.2609399272722497,0,0.10617038470072236
E01132,evaluation,-1.2726390537220811,-3.6543337289329947,0,0.13857612627216145
E01133,evaluation,2.0765659261174769,4.3837582226819451,1,0.8995178783424691
E01134,evaluation,0.17075477149983956,-0.19018854840038507,1,0.47624433047267678
E01135,evaluation,0.67019818121148922,1.0084756349075743,0,0.62345471598026891
E01136,evaluation,-0.093197793267266821,-0.82367470384144037,0,0.3984716405645275
E01137,evaluation,-0.26125732410051822,-1.2270175778412438,0,0.35125921181894026
E01138,evaluation,-1.9393556953823201,-5.2544536689175674,0,0.067406570889967363
E01139,evaluation,-0.28274166732763212,-1.2785800015863171,0,0.3454070533142492
E01140,evaluation,0.55405197799594241,0.72972474719026181,0,0.5902169658975065
E01141,evaluation,1.1845488722067457,2.2429172932961894,1,0.75425918017536531
E01142,evaluation,2.5818550208340234,5.5964520500016564,1,0.94257988652232871
E01143,evaluation,0.6712615562450801,1.0110277349881924,1,0.62375423290145793
E01144,evaluation,-0.30045702280240438,-1.3210968547257704,0,0.34061642571143713
E01145,evaluation,1.53749392283217,3.0899854147972077,1,0.82418934620638129
E01146,evaluation,-0.22493397151613193,-1.1398415316387167,0,0.36125510792584453
E01147,evaluation,-0.45424749716179624,-1.690193993188311,1,0.30046238473906461
E01148,evaluation,-0.47378400914472274,-1.7370816219473344,0,0.29555801957150196
E01149,evaluation,-0.56436382538807683,-1.9544731809313842,0,0.2734404485023445
E01150,evaluation,-0.51954609762803683,-1.8469106343072883,1,0.28425437305568035
E01151,evaluation,-1.4726667019488724,-4.1344000846772939,0,0.11232591609284318
E01152,evaluation,-0.23057802066498695,-1.1533872495959687,1,0.35969374487983774
E01153,evaluation,-1.1952918440578268,-3.4687004257387843,0,0.15003198522910774
E01154,evaluation,-1.7284668155394731,-4.7483203572947348,0,0.085164453931392006
E01155,evaluation,-0.58860790716335432,-2.0126589771920504,0,0.26769878985628215
E01156,evaluation,-1.3831582923122065,-3.9195799015492958,1,0.12348978150699377
E01157,evaluation,1.2925598618402976,2.5021436684167142,1,0.77748534565966088
E01158,evaluation,-0.15853826063537665,-0.98049182552490399,1,0.37983563860566627
E01159,evaluation,-2.733201730520721,-7.1596841532497297,0,0.027123884200878624
E01160,evaluation,1.8608865283235667,3.8661276679765595,1,0.87358815231559983
E01161,evaluation,-1.2845312737859802,-3.6828750570863527,1,0.13688136729840372
E01162,evaluation,0.65580608808584584,0.97393461140602999,1,0.6193917472940208
E01163,evaluation,0.32420925641577547,0.17810221539786109,0,0.52224807641207194
E01164,evaluation,0.42199692359593743,0.41279261663024991,1,0.55141667974291708
E01165,evaluation,0.30829492985303186,0.13990783164727649,1,0.51748135071478618
E01166,evaluation,-1.7282058030575722,-4.7476939273381724,0,0.085188860141653
E01167,evaluation,0.09434575528509509,-0.37357018731577174,0,0.45343901883262144
E01168,evaluation,0.33173426337714218,0.19616223210514128,0,0.52450064100761207
E01169,evaluation,-1.8542817011819648,-5.0502760828367146,0,0.074114592008098903
E01170,evaluation,-0.2959600482954336,-1.3103041159090405,0,0.34182947381363782
E01171,evaluation,-1.9401585611600629,-5.2563805467841505,0,0.067346031536588441
E01172,evaluation,-1.0852627918577957,-3.2046307004587096,0,0.16765826145714766
E01173,evaluation,2.6243162752069784,5.698359060496748,1,0.94527625616091782
E01174,evaluation,-1.0358228308125554,-3.085974793950133,0,0.17610141474267166
E01175,evaluation,0.25720760509083812,0.017298252218011512,0,0.50216226804780051
E01176,evaluation,-0.45470137787115983,-1.6912833068907833,0,0.30034791862329929
E01177,evaluation,-0.61477466443664175,-2.0754591946479399,0,0.26158830714640191
E01178,evaluation,0.50344945441511946,0.60827869059628659,1,0.57545410101748262
E01179,evaluation,-0.75621426013132109,-2.4149142243151704,0,0.23015129488633471
E01180,evaluation,0.7783096336541363,1.2679431207699272,0,0.65338945521430303
E01181,evaluation,-0.62054894609395916,-2.089317470625502,0,0.26025208855267784
E01182,evaluation,0.39976938218492331,0.35944651724381593,0,0.54481026356609119
E01183,evaluation,-1.241642740330227,-3.5799425767925448,0,0.14307624364258914
E01184,evaluation,-1.0312503990657715,-3.0750009577578519,0,0.17689892541778432
E01185,evaluation,-0.26115895001806139,-1.2267814800433472,1,0.35128611282315664
E01186,evaluation,0.63010310128270308,0.91224744307848737,1,0.61209421328315994
E01187,evaluation,-0.83590762203181546,-2.6061782928763573,0,0.21364557774116327
E01188,evaluation,0.62780291372739183,0.90672699294574033,1,0.6114386371329894
E01189,evaluation,1.4554137680025863,2.8929930432062068,1,0.80945865957558527
E01190,evaluation,-0.82616698063769212,-2.5828007535304609,1,0.2156158768441139
E01191,evaluation,-0.48841347993937184,-1.7721923518544922,0,0.29191609614628306
E01192,evaluation,-1.143494086154528,-3.3443858067708669,0,0.15813202685082528
E01193,evaluation,0.81805364503817402,1.3633287480916176,1,0.66411006715443299
E01194,evaluation,-0.94308581505324074,-2.8634059561277776,0,0.19283347919882235
E01195,evaluation,-0.1443000646447955,-0.94632015514750911,0,0.38386856886823695
E01196,evaluation,-1.4855660736687537,-4.1653585768050085,0,0.1107917360687144
E01197,evaluation,-0.18549530474404444,-1.0451887313857067,0,0.37224578460608126
E01198,evaluation,0.093158678546317292,-0.37641917148883852,0,0.45308600747638433
E01199,evaluation,-0.37272749973514069,-1.4945459993643375,1,0.3214157906532773
E01200,evaluation,2.1136460577406186,4.4727505385774853,1,0.90346879689334969
E01201,evaluation,-0.19275111380935159,-1.0626026731424438,1,0.37021342311475869
E01202,evaluation,-1.245589021781899,-3.5894136522765576,0,0.14249662176638048
E01203,evaluation,1.3065190547662155,2.5356457314389171,1,0.78036983064013976
E01204,evaluation,1.2889220257211327,2.4934128617307181,0,0.77672920792585876
E01205,evaluation,-1.2883813259363266,-3.6921151822471838,0,0.1363364458045504
E01206,evaluation,0.59484964903779702,0.82763915769071283,1,0.60200338760006444
E01207,evaluation,0.34154140363162433,0.21969936871589835,1,0.52743483872678631
E01208,evaluation,0.1533503585470665,-0.23195913948704039,1,0.47103756539279473
E01209,evaluation,1.2538744417242362,2.409298660138167,0,0.76935084068337556
E01210,evaluation,-0.59268637330475449,-2.0224472959314106,0,0.26674044917567558
E01211,evaluation,0.67013823005418793,1.0083317521300512,1,0.62343782694660466
E01212,evaluation,-0.78301913589701533,-2.4792459261528368,0,0.22450162128333587
E01213,evaluation,-2.7378500812891957,-7.170840195094069,0,0.026977077998978773
E01214,evaluation,1.9967876406825547,4.1922903376381315,1,0.89052794466287544
E01215,evaluation,-0.83308308366665895,-2.5993994007999812,0,0.21421556122651775
E01216,evaluation,-1.1132161921080532,-3.2717188610593277,1,0.16302925826235498
E01217,evaluation,-0.36252408810907505,-1.4700578114617802,0,0.32409214025579575
E01218,evaluation,-0.066717280227965289,-0.76012147254711671,1,0.40611224829871945
E01219,evaluation,1.4385289181623553,2.8524694035896525,1,0.80631396065636851
E01220,evaluation,0.73746629751116921,1.1699191140268059,0,0.64220780014511625
E01221,evaluation,-0.96743767001983128,-2.9218504080475949,0,0.18832585845604821
E01222,evaluation,-1.0705342857946112,-3.1692822859070668,0,0.17013918692593502
E01223,evaluation,-2.4775245602486926,-6.5460589445968616,0,0.036508116001020149
E01224,evaluation,0.66378136728417714,0.99307528148202506,0,0.62164531959675506
E01225,evaluation,-0.26570106008387162,-1.237682544201292,0,0.35004503184638747
E01226,evaluation,-0.31009937086925338,-1.3442384900862081,0,0.33802246891616777
E01227,evaluation,-1.6968914415944161,-4.6725394598265977,0,0.088163332997497207
E01228,evaluation,-0.83416523116289176,-2.6019965547909401,0,0.21399705644673167
E01229,evaluation,-0.38631046967343585,-1.527145127216246,0,0.31787112702031056
E01230,evaluation,-0.50776496393059212,-1.8186359134334209,0,0.28713942467273151
E01231,evaluation,1.3963736116902976,2.7512966680567139,1,0.79829119420686445
E01232,evaluation,1.2891535310841453,2.4939684746019486,1,0.77677738167681309
E01233,evaluation,-0.03588968957121428,-0.68613525497091421,0,0.41506450665639277
E01234,evaluation,-1.9208984370359032,-5.2101562488861672,0,0.068812315100040711
E01235,evaluation,1.8223483891643799,3.7736361339945117,1,0.86839230271224865
E01236,evaluation,2.6600908421845952,5.7842180212430288,1,0.94745497578076621
E01237,evaluation,-0.11126485816440877,-0.86703565959458095,0,0.39328661990794483
E01238,evaluation,-0.78754867286163932,-2.4901168148679345,0,0.22355672419219269
E01239,evaluation,-0.12388154341172614,-0.89731570418814277,0,0.38967992108570576
E01240,evaluation,-0.23559364336645555,-1.1654247440794934,0,0.35830871598956127
E01241,evaluation,-1.4575449235388664,-4.0981078164932789,0,0.11414801349923211
E01242,evaluation,-1.1526161862555757,-3.3662788470133815,0,0.1566802048496562
E01243,evaluation,1.154679091696073,2.1712298200705749,1,0.74755508154223527
E01244,evaluation,0.58270447851136509,0.79849074842727619,1,0.59850633966352706
E01245,evaluation,1.5016003871611405,3.0038409291867372,0,0.81786073200138265
E01246,evaluation,-0.18228375248530201,-1.0374810059647248,1,0.37314679334656514
E01247,evaluation,1.3002153729108519,2.5205168949860441,0,0.77907059486811603
E01248,evaluation,1.5027772378224595,3.0066653707739026,1,0.81807100841770297
E01249,evaluation,-0.70621360110778897,-2.2949126426586934,1,0.24095400299716058
E01250,evaluation,-0.032603968689291919,-0.67824952485430057,1,0.4160220983890377
E01251,evaluation,1.4575591597026141,2.8981419832862736,1,0.80985541751937806
E01252,evaluation,-1.4701879993980724,-4.128451198555374,0,0.11262283641921898
E01253,evaluation,0.18398481160939623,-0.15843645213744906,1,0.4802057939903705
E01254,evaluation,-0.32263334648310088,-1.3743200315594422,0,0.33466513937430248
E01255,evaluation,-0.1239873394655355,-0.89756961471728514,0,0.38964972780404472
E01256,evaluation,-1.0384999307412801,-3.0923998337790723,0,0.17563579606221144
E01257,evaluation,-0.61828331648968959,-2.0838799595752548,0,0.26077584699065759
E01258,evaluation,-1.6100625587816559,-4.4641501410759741,0,0.096906887270607645
E01259,evaluation,1.4757098072027623,2.9417035372866294,1,0.81318681614843191
E01260,evaluation,0.20844521656691295,-0.099731480239408921,0,0.48753614757272817
E01261,evaluation,-0.11591005050121152,-0.87818412120290756,0,0.39195733428949298
E01262,evaluation,0.32976285142706918,0.19143084342496608,0,0.52391060358092723
E01263,evaluation,0.6772884670728786,1.0254923209749087,0,0.62545001762134944
E01264,evaluation,0.52391862724228411,0.65740470538148188,0,0.58144360580478116
E01265,evaluation,0.60402744731067104,0.84966587354561052,1,0.60463914883942893
E01266,evaluation,0.71660462266912373,1.119851094405897,0,0.63643531316594404
E01267,evaluation,-0.030936316444543387,-0.67424715946690406,1,0.41650836270277714
E01268,evaluation,-0.15733627923723109,-0.97760707016935466,1,0.38017546469104924
E01269,evaluation,1.0283076661702717,1.867938398808652,0,0.71787985571541613
E01270,evaluation,0.032228531940613106,-0.52265152334252851,1,0.43503783458543815
E01271,evaluation,0.44193919356818878,0.4606540645636531,0,0.55732853936931148
E01272,evaluation,1.0608033628616227,1.9459280708678941,1,0.72570989853975121
E01273,evaluation,-0.88879700391686445,-2.7331128094004749,0,0.20317678084032562
E01274,evaluation,-0.70361906093026338,-2.2886857462326322,0,0.24152389681583514
E01275,evaluation,-1.1233646276594067,-3.2960751063825762,1,0.16137435629247962
E01276,evaluation,-0.61414446801735223,-2.0739467232416451,0,0.26173440786684127
E01277,evaluation,-1.7695262058626076,-4.8468628940702576,1,0.081403293995390716
E01278,evaluation,0.79825138009974206,1.3158033122393809,0,0.65878886720409047
E01279,evaluation,-1.4029863997864311,-3.9671673594874348,0,0.12093733369856874
E01280,evaluation,-1.1436733412208262,-3.3448160189299827,0,0.15810339268253282
E01281,evaluation,0.72937516424315341,1.1505003941835681,1,0.63997374600537282
E01282,evaluation,0.2969521420407053,0.11268514089769277,1,0.51408191757266242
E01283,evaluation,-0.46534809386238246,-1.7168354252697178,0,0.29767003680578069
E01284,evaluation,-0.75232573415595627,-2.405581761974295,0,0.2309791064060604
E01285,evaluation,1.8267397112011963,3.784175306882871,1,0.8689933802768921
E01286,evaluation,-0.082346488172026208,-0.79763157161286291,1,0.40159689329455484
E01287,evaluation,-1.7628987459776637,-4.830956990346392,0,0.081999973516630506
E01288,evaluation,-1.0599636551268656,-3.1439127723044775,0,0.17193767224410136
E01289,evaluation,-1.0517190080818379,-3.1241256193964109,0,0.17335084649751006
E01290,evaluation,-0.26284197448792512,-1.2308207387710204,0,0.35082600958914639
E01291,evaluation,-0.2624051316458525,-1.229772315950046,0,0.35094540656241746
E01292,evaluation,-1.9100667502543756,-5.184160200610501,0,0.069649874219171473
E01293,evaluation,-1.3738756815371758,-3.8973016356892218,1,0.124700547301359
E01294,evaluation,-0.92621964752602104,-2.8229271540624503,0,0.19600331447242048
E01295,evaluation,-0.26881172484097315,-1.2451481396183355,0,0.349196246041582
E01296,evaluation,-0.10349005513347524,-0.84837613232034048,1,0.39551501829639657
E01297,evaluation,-1.5674234544976569,-4.3618162907943763,0,0.10147809296372978
E01298,evaluation,-0.15064733047876322,-0.96155359314903177,0,0.38206871281665006
E01299,evaluation,1.3166522479886831,2.5599653951728394,1,0.78244683115513247
E01300,evaluation,0.70154029501704884,1.0836967080409172,0,0.63224228713534114
E01301,evaluation,0.21165825654009304,-0.092020184303776675,0,0.48849950570087275
E01302,evaluation,-0.98989195703091304,-2.9757406968741913,0,0.18424159165196177
E01303,evaluation,-0.87926637444146816,-2.7102392986595234,0,0.20503463210691855
E01304,evaluation,-0.33879497126002228,-1.4131079310240535,0,0.33036073447893416
E01305,evaluation,0.52413297267541092,0.65791913442098615,1,0.58150620200349834
E01306,evaluation,-0.093560389989538764,-0.82454493597489298,0,0.39836735133643353
E01307,evaluation,-0.62055888861112951,-2.0893413326667107,0,0.26024979158795875
E01308,evaluation,1.5578897328685573,3.1389353588845372,1,0.82770770852036313
E01309,evaluation,1.2655829230463811,2.4373990153113145,1,0.77183460595900577
E01310,evaluation,-0.18549668941839206,-1.0451920546041409,0,0.37224539632321529
E01311,evaluation,0.28531961429929648,0.084767074318311542,1,0.51059429840238479
E01312,evaluation,1.2752425091601247,2.4605820219842993,1,0.77386950394070686
E01313,evaluation,-1.4505951471318681,-4.0814283531164834,1,0.11499403002212528
E01314,evaluation,1.575378996430338,3.1809095914328109,1,0.83068008001539495
E01315,evaluation,1.5950370160026188,3.2280888384062849,1,0.83397214391543006
E01316,evaluation,0.80835689334604266,1.3400565440305021,1,0.66150948975123991
E01317,evaluation,0.69113461164521506,1.0587230679485162,1,0.62933418759675563
E01318,evaluation,0.00061229762797663796,-0.59853048569285605,1,0.4257371104986305
E01319,evaluation,-0.088699349255196083,-0.81287843821247052,1,0.39976623615014145
E01320,evaluation,0.78852375662380481,1.2924570158971314,1,0.65616006299121943
E01321,evaluation,-0.83573506491701954,-2.6057641558008471,0,0.21368036755530653
E01322,evaluation,1.6735709465513564,3.4165702717232551,1,0.84661372616371233
E01323,evaluation,0.73447105595146911,1.1627305342835257,0,0.64138149374585463
E01324,evaluation,-0.29061608963157193,-1.2974786151157724,1,0.34327368769478939
E01325,evaluation,-0.094406679653309039,-0.82657603116794165,0,0.39812397936675437
E01326,evaluation,1.4959109185692003,2.9901862045660805,1,0.81684148906134424
E01327,evaluation,0.72036373222046346,1.1288729573291123,0,0.63747843311320485
E01328,evaluation,0.49689182958068945,0.59254039099365474,0,0.57353048292547326
E01329,evaluation,0.12599862499116571,-0.29760330002120228,1,0.4628680766006219
E01330,evaluation,-0.83093521746106958,-2.5942445219065671,0,0.21464973410030835
E01331,evaluation,0.061668623186730019,-0.45199530435184793,0,0.44373984038343162
E01332,evaluation,-1.7260033868128866,-4.7424081283509274,0,0.085395051769069377
E01333,evaluation,1.4272503032917703,2.8254007279002487,1,0.80419151257402888
E01334,evaluation,-0.51826961164693996,-1.8438470679526557,0,0.28456612316616425
E01335,evaluation,0.060818150457052141,-0.45403643890307488,0,0.44348794335484898
E01336,evaluation,-0.14318447253622649,-0.94364273408694355,0,0.38418524115339231
E01337,evaluation,-0.010103091449441144,-0.62424741947865869,1,0.42259645023261833
E01338,evaluation,-0.082127488877653254,-0.79710597330636779,1,0.40166004998650418
E01339,evaluation,0.72788341223125419,1.1469201893550101,0,0.63956118998820632
E01340,evaluation,-0.72162132014522251,-2.3318911683485339,0,0.23758862070345951
E01341,evaluation,-0.54086158033384535,-1.8980677928012288,1,0.27907915471348144
E01342,evaluation,0.1728503317317206,-0.18515920384387058,0,0.47687161657470678
E01343,evaluation,-0.46213218426936054,-1.7091172422464651,0,0.29847745789707525
E01344,evaluation,0.8318489435741252,1.3964374645779003,1,0.66779272393880862
E01345,evaluation,-1.1253956135634189,-3.3009494725522055,0,0.16104479793521975
E01346,evaluation,-0.61618085245533005,-2.0788340458927919,0,0.26126249539349417
E01347,evaluation,0.42863464261313799,0.42872314227153108,0,0.55338612089014871
E01348,evaluation,-0.83747710098635586,-2.6099450423672539,0,0.21332933927263673
E01349,evaluation,-0.15968471147303831,-0.98324330753529199,0,0.37951162194642946
E01350,evaluation,0.77953364232420141,1.2708807415780834,1,0.6537220241792272
E01351,evaluation,-0.74267636446298224,-2.3824232747111571,0,0.23304230543408835
E01352,evaluation,1.263043851557456,2.4313052437378944,1,0.77129758688206673
E01353,evaluation,0.34387715946996256,0.22530518272791011,0,0.52813340163827227
E01354,evaluation,-0.58183813577306842,-1.9964115258553643,0,0.26929433600398406
E01355,evaluation,0.58453864704969005,0.8028927529192561,0,0.59903511794273168
E01356,evaluation,-1.4317916959014974,-4.0363000701635938,1,0.11731041672950819
E01357,evaluation,0.92499654967699996,1.6199917192247999,1,0.69210862200958634
E01358,evaluation,-2.3237446004420135,-6.1769870410608316,0,0.043584389075365167
E01359,evaluation,-0.006911829020967414,-0.61658838965032181,1,0.42353116107486616
E01360,evaluation,-0.89125690478559028,-2.7390165714854167,0,0.20269930188373167
E01361,evaluation,0.40731616733683801,0.37755880160841115,0,0.54705518839135481
E01362,evaluation,-1.0178661453333053,-3.0428787487999327,0,0.17924966199363654
E01363,evaluation,-1.5438974432978749,-4.3053538639148998,0,0.1040813387703781
E01364,evaluation,-0.81448477247511752,-2.5547634539402821,0,0.21799624116158012
E01365,evaluation,0.9540027803908393,1.6896066729380141,1,0.69947588876735767
E01366,evaluation,2.8055646228493125,6.1333550948383504,1,0.95549710741555471
E01367,evaluation,1.6623810844246802,3.3897146026192324,1,0.84486187473575614
E01368,evaluation,-1.0820246151098452,-3.1968590762636282,0,0.16820122303530124
E01369,evaluation,0.54321080503160413,0.70370593207584997,1,0.58706684611891546
E01370,evaluation,-1.5735008877017282,-4.3764021304841476,0,0.10081505241221347
E01371,evaluation,-0.30486283208299669,-1.3316707969991919,0,0.33942999102965737
E01372,evaluation,0.23072547301788535,-0.046258864757075191,1,0.49421789967422763
E01373,evaluation,-0.56511555808784875,-1.9562773394108368,0,0.27326126835755837
E01374,evaluation,1.3903567597816671,2.7368562234760008,1,0.79712607265484869
E01375,evaluation,0.058024243738148892,-0.46074181502844264,1,0.44266063604846506
E01376,evaluation,-1.2640385537989067,-3.6336925291173761,0,0.13981272669128009
E01377,evaluation,0.68819235286266067,1.0516616468703854,1,0.62851019391586971
E01378,evaluation,1.4966874479342442,2.992049875042186,1,0.81698086114299651
E01379,evaluation,-2.0437069318543499,-5.5048966364504395,1,0.059948527189014091
E01380,evaluation,1.1190584732895448,2.0857403358949074,1,0.7394034271539135
E01381,evaluation,-1.070599877470144,-3.1694397059283457,0,0.17012807400292618
E01382,evaluation,-1.5832405638809619,-4.3997773533143079,0,0.099760486437943885
E01383,evaluation,0.111040000599454,-0.33350399856131041,0,0.45840833116859125
E01384,evaluation,-0.7242264001213623,-2.3381433602912693,0,0.23702282343873085
E01385,evaluation,-0.15333632792484544,-0.96800718701962896,0,0.38130718164620464
E01386,evaluation,1.4937833486458445,2.9850800367500265,1,0.81645920939563499
E01387,evaluation,-0.89397611036077118,-2.7455426648658507,1,0.2021724649748953
E01388,evaluation,0.31667182645187975,0.16001238348451141,0,0.51999088561689688
E01389,evaluation,-0.032993841432787351,-0.67918521943868959,1,0.41590844042737635
E01390,evaluation,1.2550259527800576,2.4120622866721382,1,0.7695959523520659
E01391,evaluation,-0.42158620921735179,-1.6118069021216441,0,0.30876413176291417
E01392,evaluation,1.4667685088974673,2.9202444213539214,0,0.81155136587892018
E01393,evaluation,0.84044602527512102,1.4170704606602902,0,0.67007741850942981
E01394,evaluation,-0.07913470226992099,-0.78992328544781032,1,0.40252345899910402
E01395,evaluation,1.0101175999194232,1.8242822398066156,1,0.71343810221727355
E01396,evaluation,-0.25444682651928974,-1.2106723836462954,1,0.35312380823172024
E01397,evaluation,-1.6312712812210672,-4.515051074930561,0,0.094702301311615056
E01398,evaluation,-0.4118182481494756,-1.5883637955587413,0,0.31127144094454873
E01399,evaluation,0.85993477996887269,1.4638434719252942,1,0.67522684256382104
E01400,evaluation,0.60646923095569094,0.85552615429365819,1,0.60533938559735256
E01401,evaluation,-0.86913971503928111,-2.6859353160942745,0,0.20702245188487789
E01402,evaluation,1.2239535696583923,2.3374885671801415,0,0.76291796408692647
E01403,evaluation,-0.4324677799845375,-1.6379226719628899,0,0.30598418390421617
E01404,evaluation,-0.19400267174082964,-1.0656064121779911,0,0.36986332236814229
E01405,evaluation,0.58712097896982729,0.80909034952758552,0,0.59977919570039884
E01406,evaluation,-1.4827955802244612,-4.1587093925387064,1,0.11111968872529146
E01407,evaluation,0.16455451870329887,-0.20506915511208268,0,0.47438878995933492
E01408,evaluation,1.3749785801512429,2.6999485923629827,1,0.79412542590752444
E01409,evaluation,0.72882224955845321,1.1491733989402877,1,0.63982085708282566
E01410,evaluation,1.1910709732726781,2.2585703358544271,1,0.7557069552433896
E01411,evaluation,0.27708579570015285,0.065005909680366791,1,0.50812502342125765
E01412,evaluation,0.24379014311755179,-0.01490365651787573,1,0.49813705155601179
E01413,evaluation,-0.18987555379399992,-1.0557013291055997,0,0.37101832576060906
E01414,evaluation,-0.024333059243069791,-0.65839934218336749,0,0.41843536824269389
E01415,evaluation,-0.25689156853297923,-1.2165397644791502,1,0.35245396211350472
E01416,evaluation,-0.019050820808530766,-0.64572196994047382,0,0.41997866256606342
E01417,evaluation,-1.5226144315849712,-4.2542746358039309,0,0.10648706224027672
E01418,evaluation,-1.0102021126715492,-3.0244850704117181,0,0.18060668731798435
E01419,evaluation,-0.01542266756606339,-0.6370144021585521,1,0.4210395974053146
E01420,evaluation,-0.28780635508590385,-1.2907352522061692,0,0.34403419013785536
E01421,evaluation,-0.6971767694246046,-2.2732242466190509,0,0.2429429221266711
E01422,evaluation,-0.98795490046383294,-2.9710917611131991,0,0.18459120778569799
E01423,evaluation,-1.0185080471160188,-3.0444193130784454,0,0.17913636668289079
E01424,evaluation,-0.39690864731341519,-1.5525807535521965,0,0.31511994496508411
E01425,evaluation,-0.33082253906106507,-1.3939740937465561,0,0.33248057650131474
E01426,evaluation,0.59446206713797678,0.82670896113114434,1,0.60189194694912818
E01427,evaluation,2.7137474752001562,5.9129939404803755,1,0.95056965666218374
E01428,evaluation,0.53171252717250517,0.67611006521401229,1,0.58371798987461743
E01429,evaluation,0.13650618504938078,-0.2723851558814861,0,0.46600438634939095
E01430,evaluation,0.67354971592801571,1.0165193182272376,1,0.62439840940715718
E01431,evaluation,1.5542348769390253,3.1301637046536603,1,0.82708135675583705
E01432,evaluation,-1.8357529719036343,-5.0058071325687221,1,0.07565487974545114
E01433,evaluation,0.40716006680787603,0.37718416033890245,0,0.54700877258729175
E01434,evaluation,0.090902520292501829,-0.38183395129799558,0,0.45241520436757138
E01435,evaluation,0.1691672945964241,-0.19399849296858213,0,0.4757691840840686
E01436,evaluation,-0.69451142228029006,-2.2668274134726962,0,0.24353166375518878
E01437,evaluation,-0.742879504237555,-2.3829108101701317,0,0.23299873878818311
E01438,evaluation,-0.61064975867246118,-2.0655594208139068,0,0.26254555433699911
E01439,evaluation,-0.40819854589048571,-1.5796765101371655,1,0.31220340024544502
E01440,evaluation,-1.6827292775136713,-4.6385502660328104,0,0.089539134272025742
E01441,evaluation,0.57261314099071692,0.77427153837772067,1,0.59559300430981665
E01442,evaluation,-0.27030246417060949,-1.2487259140094626,0,0.3487898164590596
E01443,evaluation,-1.445177313969763,-4.0684255535274314,0,0.11565733807502412
E01444,evaluation,0.9530081166555755,1.6872194799733808,1,0.69922492387964552
E01445,evaluation,0.82909915204589391,1.3898379649101451,1,0.66706028408281903
E01446,evaluation,2.4728175037058389,5.3347620088940131,1,0.93507421210572439
E01447,evaluation,-0.7294717331134255,-2.350732159472221,0,0.23588641014269288
E01448,evaluation,-0.23639212457583747,-1.1673410989820099,1,0.35808843832259596
E01449,evaluation,1.1383289051868366,2.1319893724484076,0,0.74383446995987113
E01450,evaluation,-0.66806383744587627,-2.203353209870103,0,0.24942588096976898
E01451,evaluation,-0.25470476854042973,-1.2112914444970313,0,0.3530531062211601
E01452,evaluation,0.31798949260708165,0.163174782256996,0,0.52038554100292234
E01453,evaluation,-0.34834898945040349,-1.4360375746809684,0,0.32782940856934423
E01454,evaluation,0.87254550703323397,1.4941092168797612,1,0.67853657468187623
E01455,evaluation,1.4531874591786134,2.8876499020286719,1,0.80904626828743598
E01456,evaluation,-1.7185068236932981,-4.7244163768639149,0,0.086100279843096511
E01457,evaluation,0.79122848890179309,1.2989483733643032,1,0.65689196206354372
E01458,evaluation,-1.8513056768472129,-5.0431336244333105,0,0.074360028570727738
E01459,evaluation,-0.050235687199133627,-0.72056564927792066,1,0.41089110379611238
E01460,evaluation,-3.2815726799366911,-8.475774431848059,0,0.014232573346067628
E01461,evaluation,1.8072652537949316,3.7374366091078355,1,0.86630990495756821
E01462,evaluation,-0.30596316736697038,-1.3343116016807288,0,0.33913399681739248
E01463,evaluation,0.74463754329959464,1.187130103919027,0,0.64418271542786776
E01464,evaluation,-1.0602382781731663,-3.1445718676155989,0,0.17189075793311742
E01465,evaluation,-0.90499083093232802,-2.7719779942375871,0,0.2000488627160702
E01466,evaluation,0.010448085049809578,-0.57492459588045697,1,0.42862525174549754
E01467,evaluation,-1.7853354334665827,-4.8848050403197982,0,0.079995916414568213
E01468,evaluation,1.0206178821242895,1.8494829170982947,1,0.71600722470597833
E01469,evaluation,-1.3642181119280961,-3.8741234686274306,0,0.12597101099246594
E01470,evaluation,-1.8907254912309461,-5.1377411789542702,0,0.071168926386708853
E01471,evaluation,-0.29507855694820806,-1.3081885366756993,0,0.34206749732850472
E01472,evaluation,1.9004781998024394,3.9611476795258542,1,0.87874232046683243
E01473,evaluation,0.1149780631558967,-0.32405264842584791,1,0.45958180360723278
E01474,evaluation,-0.44047161082643571,-1.6571318659834455,0,0.30394838146034187
E01475,evaluation,-0.84695027896545716,-2.632680669517097,0,0.21142781078219744
E01476,evaluation,-0.57617199060256175,-1.9828127774461479,1,0.2706343790614541
E01477,evaluation,-1.2072055170668448,-3.4972932409604276,0,0.1482179800637094
E01478,evaluation,1.3314267538981386,2.5954242093555324,1,0.7854496822028586
E01479,evaluation,0.2445251377674573,-0.013139669358102513,0,0.49835754723796138
E01480,evaluation,-0.94396912440793124,-2.8655258985790351,1,0.1926685497397487
E01481,evaluation,-0.99888874026146568,-2.9973329766275176,0,0.18262449657650243
E01482,evaluation,-0.43177355154476299,-1.6362565237074311,1,0.30616112233403542
E01483,evaluation,0.51233152598640319,0.62959566236736764,0,0.57805592321796384
E01484,evaluation,0.70088991156216152,1.0821357877491877,0,0.63206080208164117
E01485,evaluation,-0.78159696507449383,-2.4758327161787852,0,0.22479888199948167
E01486,evaluation,0.53520913067500953,0.68450191362002288,0,0.58473720342483015
E01487,evaluation,-0.1884635292522101,-1.0523124702053042,1,0.37141383047650339
E01488,evaluation,0.049452236710062068,-0.481314631895851,0,0.44012437191400716
E01489,evaluation,-0.42851592216954643,-1.6284382132069113,0,0.30699215911750871
E01490,evaluation,1.115679542434189,2.0776309018420536,0,0.73862138188256132
E01491,evaluation,0.030768195986274664,-0.52615632963294079,0,0.43460717822183337
E01492,evaluation,-1.4792006673314022,-4.1500816015953648,0,0.11154649660162749
E01493,evaluation,-0.98632407009584322,-2.9671777682300235,0,0.18488595143164205
E01494,evaluation,0.13402653062970346,-0.27833632648871171,0,0.46526400435361726
E01495,evaluation,-0.018355855073804724,-0.6440540521771313,0,0.42018182564834505
E01496,evaluation,-0.80328602810367655,-2.5278864674488237,1,0.22029583341677625
E01497,evaluation,0.0097471951334500949,-0.57660673167971976,1,0.42841928184551031
E01498,evaluation,-1.221507994719486,-3.5316191873267666,0,0.14606422127519725
E01499,evaluation,-1.1730179832568988,-3.4152431598165571,1,0.1534724623189393
E01500,evaluation,-0.98933017438795823,-2.9743924185310999,0,0.18434293406437541
E01501,evaluation,-0.19062877612025611,-1.0575090626886146,0,0.37080742063894195
E01502,evaluation,1.5257634569456524,3.0618322966695657,1,0.8221403181068212
E01503,evaluation,0.58359616480673748,0.80063079553616989,1,0.5987634354562158
E01504,evaluation,0.72910361440887084,1.1498486745812899,1,0.63989866208793156
E01505,evaluation,-0.11323580969353839,-0.87176594326449208,1,0.39272241074751846
E01506,evaluation,-0.57764208142367535,-1.9863409954168207,0,0.27028630003011805
E01507,evaluation,0.29027944469693517,0.096670667272644395,1,0.5120814813324206
E01508,evaluation,-0.69937767284261976,-2.2785064148222873,0,0.24245749939809488
E01509,evaluation,-0.12377899965466534,-0.89706959917119677,1,0.38970918699708434
E01510,evaluation,0.22457268022011584,-0.061025567471721942,0,0.49237239585085801
E01511,evaluation,0.40675261079389713,0.37620626590535311,0,0.54688761348832982
E01512,evaluation,0.65779660934602668,0.97871186243046393,1,0.6199546944639226
E01513,evaluation,0.38116464831058733,0.31479515594540952,1,0.53926835842907939
E01514,evaluation,1.0494786713501949,1.9187488112404676,1,0.72299653322527402
E01515,evaluation,-0.20641593504938591,-1.0953982441185262,0,0.36639839482584491
E01516,evaluation,-1.9007033835545,-5.1616881205307994,0,0.070381485745059882
E01517,evaluation,1.125150244111196,2.1003605858668704,1,0.74080951887110524
E01518,evaluation,0.48673335525347872,0.5681600526083489,1,0.57054621161068464
E01519,evaluation,1.6874138956556952,3.4497933495736679,1,0.84875848436755719
E01520,evaluation,2.1885294598330791,4.6524707035993904,1,0.91102665714027276
E01521,evaluation,-0.83607242151659567,-2.6065738116398296,0,0.21361235582006771
E01522,evaluation,-0.81368319978716142,-2.5528396794891872,0,0.21816026228808025
E01523,evaluation,-2.4581511145401791,-6.4995626748964295,0,0.037334745469763765
E01524,evaluation,0.92904783020698545,1.629714792496765,1,0.69314361897908516
E01525,evaluation,-1.2404624985172277,-3.5771099964413464,0,0.14324997630575778
E01526,evaluation,-1.4333359719433478,-4.040006332664035,0,0.11711866347069352
E01527,evaluation,0.31442920874513441,0.15463010098832264,1,0.51931914004711677
E01528,evaluation,0.77662154640937819,1.2638917113825077,0,0.65293054804369643
E01529,evaluation,0.4963521255976972,0.59124510143447317,0,0.57337206583373435
E01530,evaluation,1.3643642192498042,2.67447412619953,1,0.79203521028474377
E01531,evaluation,-0.83441296198424508,-2.602591108762188,1,0.21394705802051237
E01532,evaluation,-0.16543829740482932,-0.9970519137715903,0,0.37788713688026404
E01533,evaluation,1.5482969502030128,3.1159126804872304,1,0.82605990549803077
E01534,evaluation,-0.11006283034246934,-0.86415079282192642,0,0.39363085511762408
E01535,evaluation,1.3234399940271331,2.576255985665119,1,0.78383016400132477
E01536,evaluation,1.1931422240339427,2.2635413376814624,1,0.75616552170980045
E01537,evaluation,0.36379521165852885,0.27310850798046926,0,0.53408561356577366
E01538,evaluation,-0.71114199513836762,-2.3067407883320823,0,0.23987400535429279
E01539,evaluation,1.3845464446800033,2.7229114672320076,1,0.79599619070729577
E01540,evaluation,-2.5161774797018475,-6.6388259512844332,0,0.034911181386886647
E01541,evaluation,-1.9153196094989218,-5.1967670627974121,0,0.069242525997432094
E01542,evaluation,-0.51382806797872205,-1.8331873631489328,0,0.28565246325868465
E01543,evaluation,0.86176487509161226,1.4682357002198692,1,0.67570825518182176
E01544,evaluation,-0.59712775299132115,-2.0331066071791706,1,0.26569931871904229
E01545,evaluation,0.92701270323655227,1.6248304877677251,1,0.69262393918970222
E01546,evaluation,0.33720266367768753,0.20928639282645012,0,0.52613695305281849
E01547,evaluation,0.76618428123295468,1.238842274959091,0,0.65008688388560232
E01548,evaluation,-1.6127665074041211,-4.4706396177698906,0,0.096623292108017317
E01549,evaluation,0.35363953912903545,0.24873489390968506,1,0.53105184813039275
E01550,evaluation,2.1304489651954337,4.5130775164690409,0,0.90521306453774852
E01551,evaluation,-0.55574510434988489,-1.9337882504397235,1,0.27550000158640009
E01552,evaluation,-0.52547793985548708,-1.8611470556531691,1,0.2828083726324544
E01553,evaluation,-0.98680244015864516,-2.9683258563807482,0,0.18479945683738244
E01554,evaluation,-1.7692352357551242,-4.8461645658122974,0,0.081429407187246783
E01555,evaluation,-0.97841080661488589,-2.9481859358757263,1,0.18632129998534383
E01556,evaluation,-1.3453575480087749,-3.8288581152210597,0,0.12848408771830716
E01557,evaluation,-0.63063703630682288,-2.1135288871363747,0,0.25792825910461531
E01558,evaluation,-2.2781499350839289,-6.0675598442014289,0,0.045922928933220919
E01559,evaluation,0.92521924153285073,1.6205261796788415,0,0.69216556431810006
E01560,evaluation,0.44453319018801279,0.46687965645123064,0,0.5580963703191878
E01561,evaluation,1.2152506712947324,2.3166016111073575,0,0.76102382526588186
E01562,evaluation,-0.58897164369460231,-2.0135319448670455,0,0.26761323192278402
E01563,evaluation,0.079994632789591083,-0.40801288130498137,0,0.44917454150677061
E01564,evaluation,-1.3305845661182962,-3.7934029586839109,0,0.13048225749822612
E01565,evaluation,-0.1529131029493718,-0.96699144707849227,0,0.38142700149448117
E01566,evaluation,-0.52457838917312993,-1.8589881340155117,0,0.28302736861459715
E01567,evaluation,0.96427066665981309,1.7142495999835514,1,0.70205959284373221
E01568,evaluation,1.8580033023153242,3.8592079255567779,1,0.8732055780690956
E01569,evaluation,-0.19900514025974295,-1.077612336623383,1,0.36846534161696054
E01570,evaluation,0.581489391427779,0.79557453942666967,0,0.59815591198321394
E01571,evaluation,0.57233474262571704,0.77360338230172088,1,0.59551253504385604
E01572,evaluation,-0.1737861578728962,-1.0170867788949509,1,0.37553505107515411
E01573,evaluation,-0.52073021895829741,-1.8497525254999139,0,0.28396536488754942
E01574,evaluation,-1.1466497958788957,-3.3519595101093498,0,0.15762854974614124
E01575,evaluation,-0.42900278501019296,-1.6296066840244632,1,0.3068678782360254
E01576,evaluation,1.3283570202589783,2.5880568486215476,0,0.78482826126578042
E01577,evaluation,0.87126277997445933,1.4910306719387023,0,0.67820072911953777
E01578,evaluation,0.28291425847110402,0.078994220330649623,1,0.50987299406760977
E01579,evaluation,0.58492098725304542,0.80381036940730899,0,0.59914531502423496
E01580,evaluation,0.83881580490477614,1.4131579317714626,1,0.66964479614327166
E01581,evaluation,-0.21036176209190019,-1.1048682290205605,0,0.36529986042296386
E01582,evaluation,-1.6338113620731716,-4.5211472689756116,0,0.094441299086731156
E01583,evaluation,1.1094980975815816,2.0627954341957957,1,0.73718678270089544
E01584,evaluation,2.0429407614467494,4.3030578274721991,1,0.89581156168427412
E01585,evaluation,-0.99341107767962877,-2.9841865864311092,1,0.18360774342780414
E01586,evaluation,1.0652653744029419,1.9566368985670604,1,0.72677443253215046
E01587,evaluation,-0.2356083948187605,-1.165460147565025,1,0.35830464595170014
E01588,evaluation,0.079276208734792408,-0.40973709903649824,1,0.44896125067242071
E01589,evaluation,0.041485439243321424,-0.50043494581602854,0,0.43776997234345166
E01590,evaluation,1.1597395300075297,2.1833748720180712,0,0.74869934361054979
E01591,evaluation,-0.014406640927191043,-0.63457593822525848,0,0.42133683237465253
E01592,evaluation,-0.13167810786081036,-0.91602745886594483,0,0.38745712809140487
E01593,evaluation,-2.3272012573086243,-6.1852830175406979,0,0.04341180803523996
E01594,evaluation,-1.0210722450740257,-3.0505733881776615,0,0.17868434563349225
E01595,evaluation,1.7126324198831941,3.5103178077196655,1,0.85260230976919538
E01596,evaluation,0.17290898436744509,-0.1850184375181318,1,0.47688917474448822
E01597,evaluation,2.2336353114556284,4.7607247474935086,1,0.91531752657593701
E01598,evaluation,0.13576333628270426,-0.27416799292150978,0,0.46578256867005169
E01599,evaluation,0.042814136610396875,-0.49724607213504746,0,0.43816244583398561
E01600,evaluation,1.5456158999110252,3.1094781597864602,0,0.82559714860207079
E01601,evaluation,-0.71204612540558399,-2.3089107009734016,1,0.23967623625679629
E01602,evaluation,0.82435695314150559,1.3784566875396131,1,0.66579524600263018
E01603,evaluation,-1.0902182237261064,-3.2165237369426554,0,0.16683007014366485
E01604,evaluation,-2.7810039692814303,-7.2744095262754325,0,0.025650556011004889
E01605,evaluation,-0.77801202599311325,-2.4672288623834717,1,0.22554944189769502
E01606,evaluation,0.36655596315893874,0.27973431158145301,0,0.5349098961565627
E01607,evaluation,-1.1878625905554234,-3.4508702173330161,1,0.15117241118918609
E01608,evaluation,1.2662562380858779,2.4390149714061069,0,0.77197686444531999
E01609,evaluation,-0.2527956022633161,-1.2067094454319585,0,0.35357656165390805
E01610,evaluation,-0.14882260501283498,-0.95717425203080397,1,0.38258581030523581
E01611,evaluation,-0.20858861215799743,-1.1006126691791938,0,0.36579333994383811
E01612,evaluation,1.4838700482694898,2.9612881158467754,1,0.81466984214209115
E01613,evaluation,1.7642817101138801,3.634276104273312,1,0.86022236149122289
E01614,evaluation,-0.30674368690442338,-1.336184848570616,0,0.33892411041593212
E01615,evaluation,-0.59017976254091786,-2.0164314300982027,0,0.26732918334966732
E01616,evaluation,-0.23789908110735838,-1.1709577946576601,0,0.35767287624080402
E01617,evaluation,-0.75290886818103808,-2.4069812836344915,0,0.23085483285770883
E01618,evaluation,-0.616024156153963,-2.0784579747695111,0,0.26129878871412116
E01619,evaluation,0.76544757829324073,1.2370741879037777,1,0.64988576035983292
E01620,evaluation,-0.37761149324126281,-1.5062675837790307,1,0.32013884702268608
E01621,evaluation,-2.3486460595171259,-6.2367505428411016,0,0.042355624495236513
E01622,evaluation,-2.10965860468602,-5.6631806512464475,1,0.055640775384020139
E01623,evaluation,0.6644731957319342,0.99473566975664196,1,0.62184056353503281
E01624,evaluation,0.73352757489560139,1.1604661797494433,1,0.64112103854818581
E01625,evaluation,0.55983234269989257,0.74359762247974215,1,0.59189356303197027
E01626,evaluation,-0.86811486828315176,-2.6834756838795641,0,0.20722441635260752
E01627,evaluation,0.066210561749069252,-0.44109465180223378,0,0.44508557987019898
E01628,evaluation,-0.74422753163615429,-2.3861460759267703,1,0.23270977595727657
E01629,evaluation,0.58098599899956549,0.79436639759895711,0,0.59801070562081748
E01630,evaluation,-0.079632246296332213,-0.79111739111119728,0,0.40237987715430351
E01631,evaluation,0.9541857396696023,1.6900457752070452,1,0.69952203845166505
E01632,evaluation,0.90296811997338755,1.5671234879361298,1,0.68644724316244421
E01633,evaluation,-0.016745807052260094,-0.64018993692542425,1,0.42065260348351319
E01634,evaluation,0.29078274867392001,0.09787859681740807,1,0.51223238326380782
E01635,evaluation,2.0156637678185496,4.2375930427645194,1,0.89271672252653722
E01636,evaluation,-0.4634555574085823,-1.7122933377805976,0,0.29814504514618956
E01637,evaluation,2.0176181251028193,4.2422835002467663,1,0.89294112668780368
E01638,evaluation,0.40996248745203279,0.38390996988487869,0,0.54784193485400079
E01639,evaluation,0.60698251877213105,0.85675804505311459,1,0.60548652762278554
E01640,evaluation,1.2755935997570698,2.4614246394169674,1,0.77394322256097914
E01641,evaluation,0.11367696933018485,-0.32717527360755633,1,0.45919405061563473
E01642,evaluation,-1.1849205532985612,-3.4438093279165467,0,0.15162599355278483
E01643,evaluation,0.87282713744587459,1.4947851298700989,1,0.67861028688980674
E01644,evaluation,-0.19188799688524966,-1.060531192524599,0,0.37045494405173757
E01645,evaluation,-0.15132031750787767,-0.96316876201890644,0,0.38187806658883761
E01646,evaluation,0.069124979083828045,-0.4341000501988127,1,0.44594952367469287
E01647,evaluation,1.1319326262343519,2.1166383029624445,1,0.74236920195829137
E01648,evaluation,-1.1303121389200816,-3.3127491334081958,0,0.1602492687466309
E01649,evaluation,-0.064914221948582415,-0.75579413267659779,0,0.40663419905351017
E01650,evaluation,0.030795704436173622,-0.52609030935318324,0,0.43461528961565388
E01651,evaluation,-1.2371466326086684,-3.569151918260804,0,0.14373901502395373
E01652,evaluation,0.3950912911440233,0.34821909874565593,1,0.54341776172645506
E01653,evaluation,0.51105820463656559,0.62653969112775731,1,0.57768319202997587
E01654,evaluation,0.51801989478850097,0.64324774749240221,1,0.57971995156646439
E01655,evaluation,-0.38377897963080448,-1.5210695511139307,0,0.31853017191155603
E01656,evaluation,0.32230469258014743,0.17353126219235382,1,0.5216778097711352
E01657,evaluation,0.64627885018591358,0.95106924044619257,1,0.61669288741212802
E01658,evaluation,1.745276080251386,3.5886625926033262,0,0.85745748558102397
E01659,evaluation,-1.3551624624767871,-3.8523899099442889,0,0.12717233952537707
E01660,evaluation,-0.62601300056063225,-2.1024312013455173,0,0.25899174045303969
E01661,evaluation,0.49896835821417812,0.59752405971402756,1,0.57413985686681679
E01662,evaluation,0.058054950060443269,-0.46066811985493616,0,0.44266972681676575
E01663,evaluation,0.61833987076283525,0.88401568983080459,1,0.60873735586438538
E01664,evaluation,0.049076399294256279,-0.48221664169378492,1,0.44001324058569347
E01665,evaluation,1.016638217645303,1.839931722348727,0,0.71503514962888914
E01666,evaluation,-0.19257017611017055,-1.0621684226644093,0,0.37026404847278604
E01667,evaluation,0.005277913893121702,-0.58733300665650789,1,0.42710648423910624
E01668,evaluation,-1.2422122234233486,-3.5813093362160364,1,0.14299247801261739
E01669,evaluation,1.4724093922116113,2.9337825413078669,1,0.81258441456792885
E01670,evaluation,0.83423348975374345,1.4021603754089842,1,0.6684272201629804
E01671,evaluation,0.49579473917206107,0.58990737401294646,1,0.57320844268325055
E01672,evaluation,-0.86905671523703543,-2.6857361165688851,0,0.20703880307301065
E01673,evaluation,0.66796573394149794,1.003117761459595,1,0.62282560396477882
E01674,evaluation,0.89007832358119454,1.5361879765948667,0,0.68310844098114909
E01675,evaluation,1.464676969655037,2.9152247271720886,0,0.81116722036116629
E01676,evaluation,-0.0037256199647823242,-0.60894148791547753,1,0.42446493810188518
E01677,evaluation,-0.46819291317484174,-1.7236629916196202,0,0.29695683577536397
E01678,evaluation,-0.48303780092993304,-1.7592907222318392,0,0.29325127418619051
E01679,evaluation,0.89903059757957926,1.5576734341909901,1,0.68542934570135139
E01680,evaluation,-1.1984066656210075,-3.4761759974904178,0,0.14955595709524738
E01681,evaluation,0.031431491194001612,-0.52456442113439605,0,0.43480277327810057
E01682,evaluation,0.073033291596959649,-0.42472010016729683,0,0.44710860758023707
E01683,evaluation,-0.65967174674331164,-2.183212192183948,0,0.25131596069352247
E01684,evaluation,0.2940144196044634,0.10563460705071215,1,0.51320125709747044
E01685,evaluation,0.84569521756198529,1.4296685221487646,1,0.67146847349575123
E01686,evaluation,0.6547986893883545,0.97151685453205083,0,0.619106718405118
E01687,evaluation,0.68228340188519809,1.0374801645244753,0,0.6268531082435157
E01688,evaluation,0.025165437962484095,-0.53960294889003813,1,0.43295583341788213
E01689,evaluation,0.47322689417424146,0.53574454601817945,0,0.56657047670884098
E01690,evaluation,1.5223876363090307,3.0537303271416736,0,0.82154718715035446
E01691,evaluation,0.26867940866560452,0.044830580797450836,1,0.50560358797696892
E01692,evaluation,2.0625216950480634,4.3500520681153523,1,0.8979843157761469
E01693,evaluation,0.020641165647174529,-0.55046120244678109,1,0.43162344346636006
E01694,evaluation,-0.38041496754109561,-1.5129959220986295,1,0.31940707919129896
E01695,evaluation,-2.1321293813887157,-5.7171105153329167,0,0.054240766180947794
E01696,evaluation,-0.75286621842806689,-2.4068789242273603,0,0.23086392049603924
E01697,evaluation,1.6013930804114127,3.2433433929873901,1,0.83502554817251018
E01698,evaluation,-0.75380496290890109,-2.4091319109813627,0,0.23066395447819887
E01699,evaluation,-0.41905579091726874,-1.6057338982014451,0,0.30941258491288687
E01700,evaluation,-0.82102981068389835,-2.570471545641356,0,0.21666029730173028
E01701,evaluation,-1.5113490856701388,-4.2272378056083326,0,0.1077801657505436
E01702,evaluation,-1.351229186841159,-3.8429500484187815,0,0.12769717223269786
E01703,evaluation,-0.6793620608118397,-2.2304689459484153,0,0.24689630943313767
E01704,evaluation,0.037736841485275487,-0.50943158043533887,0,0.43666312479992597
E01705,evaluation,-0.66124908035059271,-2.1869977928414226,0,0.25095998615111154
E01706,evaluation,0.13617492340034895,-0.27318018383916248,0,0.46590546860033183
E01707,evaluation,1.8905565824126136,3.9373357977902725,1,0.87746796041382813
E01708,evaluation,-0.1172635472545919,-0.88143251341102058,0,0.39157031285860888
E01709,evaluation,1.168515848930038,2.2044380374320909,0,0.75067565192802543
E01710,evaluation,1.4809852805422121,2.9543646733013089,1,0.81414661202673433
E01711,evaluation,-0.17018783819305525,-1.0084508116633326,0,0.37654819776336279
E01712,evaluation,-0.11761799799277134,-0.88228319518265119,1,0.39146898304351241
E01713,evaluation,0.025251827535639173,-0.539395613914466,1,0.43298128448960604
E01714,evaluation,-0.051262686591126053,-0.72303044781870252,1,0.41059282251031987
E01715,evaluation,1.79478203531383,3.7074768847531918,1,0.86456544173469696
E01716,evaluation,-0.90487817046924968,-2.7717076091261994,0,0.20007049836550148
E01717,evaluation,0.51272907931426315,0.63054979035423153,0,0.5781722782605796
E01718,evaluation,0.41685377091831455,0.40044905020395494,1,0.54988957037416764
E01719,evaluation,0.14218013671818869,-0.25876767187634714,0,0.46769908869623611
E01720,evaluation,0.28408556818529468,0.081805363644707252,1,0.51022424504013875
E01721,evaluation,-0.51245110703274732,-1.8298826568785933,1,0.28598975378234176
E01722,evaluation,-0.47336694895376025,-1.7360806774890247,1,0.29566223028998151
E01723,evaluation,0.44245105977858734,0.46188254346860969,1,0.55748007515587772
E01724,evaluation,0.033400409004215321,-0.51983901838988322,1,0.43538349472263921
E01725,evaluation,1.516272633166365,3.0390543195992756,1,0.82046884191659619
E01726,evaluation,-1.5864166816872154,-4.4074000360493164,0,0.099418717992066086
E01727,evaluation,-0.39015367757523473,-1.5363688261805633,0,0.31687198497060698
E01728,evaluation,-1.3628581898640966,-3.8708596556738319,0,0.12615079737221879
E01729,evaluation,-0.50356563414481326,-1.8085575219475518,0,0.28817200494957101
E01730,evaluation,-0.54974428353949878,-1.919386280494797,0,0.27693963751670586
E01731,evaluation,-1.8437539920778185,-5.0250095809867643,0,0.074986183992376845
E01732,evaluation,-1.3522461963636674,-3.8453908712728015,0,0.12756129162211807
E01733,evaluation,-0.6626421409721327,-2.1903411383331184,1,0.25064587750128053
E01734,evaluation,-0.91905979472925159,-2.8057435073502037,0,0.1973608029324351
E01735,evaluation,0.17168716514884408,-0.18795080364277422,0,0.47652342454115804
E01736,evaluation,1.3946586821735811,2.7471808372165945,1,0.79795962037988455
E01737,evaluation,0.89509543821517557,1.548229051716421,0,0.68441027547738109
E01738,evaluation,0.24576139295568436,-0.010172656906357491,0,0.49872842062809541
E01739,evaluation,-2.3837458689710296,-6.3209900855304708,0,0.040679730188718823
E01740,evaluation,-0.13621370433156957,-0.92691289039576685,0,0.38616617997571256
E01741,evaluation,-1.0734004978729828,-3.1761611948951587,0,0.1696541148160878
E01742,evaluation,-1.5272386229114696,-4.2653726949875264,0,0.10596023730549643
E01743,evaluation,-0.34438868799261185,-1.4265328511822684,0,0.32887748169201608
E01744,evaluation,0.42880348937668633,0.42912837450404717,1,0.55343619690565937
E01745,evaluation,-0.94178703563350408,-2.8602888855204096,1,0.19307617937585758
E01746,evaluation,1.3275199222852048,2.5860478134844911,1,0.78465857697451991
E01747,evaluation,-1.1538675258506805,-3.3692820620416333,0,0.15648189743998264
E01748,evaluation,1.0756459402370404,1.9815502565688967,0,0.72924099750925064
E01749,evaluation,-0.56977114596296063,-1.9674507503111056,1,0.27215321352976424
E01750,evaluation,1.2917167394452977,2.5001201746687145,0,0.77731026240659529
E01751,evaluation,-0.19349680655901411,-1.0643923357416338,0,0.37000481256672674
E01752,evaluation,-0.91671061519983676,-2.8001054764796081,0,0.19780774281261068
E01753,evaluation,-0.49664078457126376,-1.7919378829710331,0,0.28987958503046629
E01754,evaluation,2.0522828472396717,4.3254788333752119,1,0.89685324078739226
E01755,evaluation,0.16122959361118086,-0.21304897533316591,0,0.47339403252008355
E01756,evaluation,0.043884363735892926,-0.49467752703385698,0,0.43847862813008726
E01757,evaluation,-0.93216408245791083,-2.8371937978989861,0,0.19488163981104237
E01758,evaluation,0.79354786599245819,1.3045148783818994,1,0.65751899097652533
E01759,evaluation,0.83847969271753808,1.4123512625220913,1,0.66955556409382733
E01760,evaluation,1.2741294106171579,2.4579105854811787,1,0.77363567376111075
E01761,evaluation,1.2206767904250546,2.3296242970201311,1,0.76220600739550637
E01762,evaluation,0.57796236543698432,0.78710967704876234,0,0.5971381606023437
E01763,evaluation,1.1604636561930228,2.1851127748632546,1,0.74886280030135821
E01764,evaluation,-1.50481052028498,-4.2115452486839517,0,0.10853701744928738
E01765,evaluation,0.93099457512187822,1.6343869802925077,1,0.69364027142164353
E01766,evaluation,0.56522151047783975,0.75653162514681538,1,0.59345477001656044
E01767,evaluation,-1.0457944662478422,-3.1099067189948215,0,0.17437200018095414
E01768,evaluation,0.81645538087802982,1.3594929141072716,0,0.66368210689664964
E01769,evaluation,1.0614777721742976,1.9475466532183141,1,0.72587096259881922
E01770,evaluation,0.46868488187800955,0.52484371650722295,1,0.56523154473359338
E01771,evaluation,-1.9673059398317101,-5.321534255596104,0,0.065328476468743207
E01772,evaluation,1.3031644311605564,2.5275946347853351,1,0.77967910215706737
E01773,evaluation,0.97971354730845028,1.7513125135402805,1,0.70592128280479305
E01774,evaluation,1.7507413242726262,3.6017791782543029,1,0.85825718969944798
E01775,evaluation,-2.4481126434734346,-6.4754703443362427,0,0.037770116242296863
E01776,evaluation,-0.050028491155077931,-0.72006837877218699,0,0.41095128968026035
E01777,evaluation,-1.1157623346183301,-3.2778296030839922,0,0.16261277980824296
E01778,evaluation,0.47217890149758046,0.53322936359419304,0,0.56626162626696031
E01779,evaluation,-0.42723543565414085,-1.625365045569938,0,0.30731916112632307
E01780,evaluation,1.5799501213698985,3.1918802912877564,1,0.83145019939097686
E01781,evaluation,0.10278418643919254,-0.3533179525459379,0,0.45594975783043368
E01782,evaluation,-0.59429163203050106,-2.0262999168732025,1,0.26636385147865888
E01783,evaluation,-0.79786562434126784,-2.5148774984190427,1,0.22141511235996575
E01784,evaluation,-0.17836216888080381,-1.0280692053139291,0,0.37424819778225188
E01785,evaluation,0.057760513032783754,-0.461374768721319,1,0.44258255876775993
E01786,evaluation,1.2704297365134543,2.4490313676322901,0,0.77285724944869172
E01787,evaluation,-1.0401955047211482,-3.0964692113307555,0,0.17534139222434617
E01788,evaluation,0.81381217902255587,1.3531492296541341,0,0.66297375864244523
E01789,evaluation,0.13005502617485701,-0.28786793718034315,0,0.46407850188519312
E01790,evaluation,-0.19550421871298448,-1.0692101249111627,0,0.36944347227708524
E01791,evaluation,-0.87307756036904682,-2.6953861448857124,0,0.20624778214296388
E01792,evaluation,2.4377900922199176,5.2506962213278028,1,0.93247523100923235
E01793,evaluation,-0.84403272559962794,-2.6256785414391071,1,0.21201211924156405
E01794,evaluation,-0.097953107817724913,-0.83508745876253976,0,0.39710466326276217
E01795,evaluation,0.7089241089289946,1.1014178614295869,1,0.63430005270913115
E01796,evaluation,-1.2439872215744934,-3.585569331778784,0,0.14273165452957731
E01797,evaluation,-1.1198024299931479,-3.287525831983555,1,0.16195369208002519
E01798,evaluation,-0.48273706939487759,-1.7585689665477062,0,0.29332607349053313
E01799,evaluation,1.1737633341935847,2.2170320020646033,1,0.75185234465576978
E01800,evaluation,-0.0014392719539784915,-0.60345425268954833,0,0.42513532718024755
E01801,evaluation,0.26868654672937664,0.044847712150503982,1,0.50560572912703383
E01802,evaluation,1.285210715473212,2.4845057171357086,1,0.77595591345136272
E01803,evaluation,0.74869467477483387,1.1968672194596013,0,0.64529785910949311
E01804,evaluation,1.6606154777457651,3.3854771465898361,1,0.84458396949339432
E01805,evaluation,1.5450963077937028,3.1082311387048862,0,0.825507353276839
E01806,evaluation,1.6250258692014965,3.3000620860835914,0,0.83889524593503273
E01807,evaluation,0.20197007969358671,-0.11527180873539189,0,0.485595011345267
E01808,evaluation,-0.10882938203695294,-0.86119051688868709,1,0.39398419830989539
E01809,evaluation,0.75974302431634999,1.2233832583592399,1,0.64832658892640049
E01810,evaluation,0.53149530082305829,0.67558872197533992,1,0.58365464755748397
E01811,evaluation,0.28252801788730603,0.078067242929534486,0,0.50975716654354475
E01812,evaluation,1.496225124534271,2.9909402988822502,1,0.81689789290232284
E01813,evaluation,-1.0090137385370561,-3.0216329724889346,0,0.18081782145551634
E01814,evaluation,0.53977107894820742,0.69545058947569782,1,0.58606586034989727
E01815,evaluation,-0.20541106750786611,-1.0929865620188786,0,0.36667837663423231
E01816,evaluation,0.39719893037246645,0.35327743289391944,1,0.54404521652122839
E01817,evaluation,1.173444285445598,2.2162662850694348,1,0.75178090770672512
E01818,evaluation,0.62229062860446693,0.89349750865072053,1,0.60986594367601588
E01819,evaluation,-1.0224157257033784,-3.0537977416881081,0,0.17844787116730193
E01820,evaluation,1.5213987632699828,3.0513570318479584,0,0.82137314943052642
E01821,evaluation,0.18762229394762192,-0.14970649452570739,0,0.48129542086201904
E01822,evaluation,-0.99688754991745288,-2.992530119801887,0,0.1829832377390615
E01823,evaluation,0.67130147256869821,1.0111235341648759,1,0.6237654741444334
E01824,evaluation,-0.16889751144619758,-1.0053540274708741,0,0.37691176717815278
E01825,evaluation,-0.4020088623098424,-1.5648212695436217,1,0.31380057177640636
E01826,evaluation,-1.280398728603694,-3.6729569486488653,0,0.13746830977692842
E01827,evaluation,1.1840759899136373,2.2417823757927291,0,0.75415398523312849
E01828,evaluation,1.296618766813213,2.5118850403517108,1,0.77832684451694034
E01829,evaluation,0.67527861296898217,1.020668671125557,0,0.62488484725804028
E01830,evaluation,-1.5155290897343396,-4.2372698153624144,0,0.10729875677793159
E01831,evaluation,0.47723378441316955,0.54536108259160698,0,0.56775085522239466
E01832,evaluation,0.4853562448192566,0.56485498756621577,0,0.57014125563376827
E01833,evaluation,-0.46948590532100792,-1.7267661727704189,1,0.29663300690551569
E01834,evaluation,-0.85406219347009171,-2.6497492643282201,0,0.21000842495400918
E01835,evaluation,0.35490188013807922,0.25176451233139008,0,0.53142907201205181
E01836,evaluation,-1.2975112100988495,-3.7140269042372389,1,0.13505153834890388
E01837,evaluation,-0.90452668590638352,-2.7708640461753204,0,0.20013800977992915
E01838,evaluation,2.2309009081310744,4.7541621795145792,1,0.91506284296935037
E01839,evaluation,0.70459030125736677,1.0910167230176802,1,0.63309287007585047
E01840,evaluation,-1.166507721149705,-3.3996185307592919,0,0.15449017776290386
E01841,evaluation,1.0793326560900307,1.9903983746160736,1,0.7301136351839822
E01842,evaluation,-0.75671810762707659,-2.4161234583049835,0,0.23004418531236598
E01843,evaluation,-0.4702858202874618,-1.7286859686899083,0,0.29643277110762772
E01844,evaluation,-0.64723932853265165,-2.153374388478364,1,0.25413344617384165
E01845,evaluation,-0.79066955672215389,-2.4976069361331694,0,0.22290733295267853
E01846,evaluation,0.33698986575651146,0.20877567781562756,1,0.52607328769689865
E01847,evaluation,-2.8205871501077961,-7.3694091602587104,0,0.024489784034842626
E01848,evaluation,-0.8807343919247258,-2.7137625406193417,0,0.20474764513230947
E01849,evaluation,-1.056954391231764,-3.1366905389562336,0,0.17245241461575483
E01850,evaluation,0.50539577673022307,0.61294986415253538,1,0.57602459966783393
E01851,evaluation,0.21594316731703386,-0.081736398439118729,1,0.4897843720089517
E01852,evaluation,-0.60600971162621264,-2.0544233079029102,0,0.26362504020201627
E01853,evaluation,-2.8314595523726918,-7.3955029256944593,0,0.024180019705435669
E01854,evaluation,-0.30191337131124901,-1.3245920911469975,1,0.34022402552012393
E01855,evaluation,0.40045361737142021,0.36108868169140851,0,0.54501387791900335
E01856,evaluation,-0.42750107576850199,-1.6260025818444048,0,0.30725130781596754
E01857,evaluation,2.2106623760217823,4.7055897024522775,1,0.91315612098479748
E01858,evaluation,0.83002391990487634,1.3920574077717029,1,0.66730669736344705
E01859,evaluation,-1.6807964186964035,-4.6339114048713679,0,0.089728398709785384
E01860,evaluation,0.45579488258564671,0.49390771820555213,0,0.56142660034007918
E01861,evaluation,-1.2368738773541226,-3.5684973056498941,0,0.14377930396320246
E01862,evaluation,0.53961784796777057,0.69508283512264935,1,0.5860212523892987
E01863,evaluation,1.8705094477895199,3.8892226746948473,1,0.87485787326597941
E01864,evaluation,-0.75233195968020072,-2.4055967032324816,0,0.23097777941762457
E01865,evaluation,-0.25390416916727199,-1.2093700060014527,0,0.35327257181421318
E01866,evaluation,-1.0750073259902091,-3.180017582376502,1,0.16938266007903191
E01867,evaluation,1.5771482631428326,3.1851558315427981,0,0.8309784886878725
E01868,evaluation,-0.64925318529954179,-2.1582076447189,0,0.25367564742134663
E01869,evaluation,-0.28457731123015417,-1.2829855469523701,0,0.34490917390769499
E01870,evaluation,-0.65587067045962633,-2.174089609103103,0,0.25217516932671774
E01871,evaluation,-2.002216900285668,-5.4053205606856025,0,0.06281656138345966
E01872,evaluation,-0.027466496642792132,-0.66591959194270112,0,0.41752063396132844
E01873,evaluation,0.61832159849431645,0.88397183638635946,1,0.60873213342883192
E01874,evaluation,0.11489267357367056,-0.32425758342319067,0,0.4595563542320284
E01875,evaluation,0.95843458321642527,1.7002429997194204,1,0.70059262922122434
E01876,evaluation,2.3788217693331282,5.109172246399508,1,0.92788101096478504
E01877,evaluation,-0.43239858567916162,-1.6377566056299879,1,0.30600181693406403
E01878,evaluation,-1.4922544027813054,-4.1814105666751331,0,0.11000350620004003
E01879,evaluation,-0.86113706981893479,-2.6667289675654433,1,0.20860338471358406
E01880,evaluation,0.19870895631507318,-0.12309850484382434,1,0.48461754271494467
E01881,evaluation,0.39560529552085399,0.34945270925004956,1,0.54357079619550774
E01882,evaluation,0.52647119955122512,0.66353087892294027,1,0.58218887335255975
E01883,evaluation,-1.6816762752865002,-4.6360230606875996,0,0.08964219897633964
E01884,evaluation,-0.72506769360003986,-2.3401624646400956,0,0.23684030146331339
E01885,evaluation,0.62955011598802368,0.91092027837125678,1,0.61193664396696956
E01886,evaluation,-0.24540802670720666,-1.1889792640972958,0,0.35560538858936108
E01887,evaluation,0.47059236530006288,0.52942167672015084,1,0.56579396557366812
E01888,evaluation,-0.41815156581940127,-1.6035637579665631,0,0.30964448676441947
E01889,evaluation,0.16164134096481814,-0.21206078168443648,0,0.47351720858290436
E01890,evaluation,0.027317010886047835,-0.53443917387348516,0,0.4335898093058082
E01891,evaluation,-0.97995612790652331,-2.951894706975656,0,0.18604032813232274
E01892,evaluation,0.33665739679222956,0.20797775230135096,1,0.52597381719561243
E01893,evaluation,-1.3823941286365491,-3.917745908727718,0,0.12358907152303827
E01894,evaluation,-0.26382296471448285,-1.2331751153147588,1,0.35055795545267737
E01895,evaluation,-0.46715315513721539,-1.7211675723293167,0,0.29721739042668427
E01896,evaluation,0.99754049875511708,1.794097197012281,1,0.71034261130294574
E01897,evaluation,-1.159074978491462,-3.381779948379509,1,0.1556588357124381
E01898,evaluation,0.53539239163768537,0.68494173993044483,1,0.58479060165532903
E01899,evaluation,-1.641988226534931,-4.540771743683834,0,0.093605468391668584
E01900,evaluation,1.2244329669514211,2.3386391206834105,1,0.76302200103851403
E01901,evaluation,1.1540965010828406,2.1698316025988174,1,0.74742312536933664
E01902,evaluation,0.54600478957163934,0.71041149497193434,1,0.58787938731119105
E01903,evaluation,-0.43295690608202225,-1.6390965745968535,0,0.30585955437291512
E01904,evaluation,-0.31168495083761605,-1.3480438820102785,1,0.33759684673056239
E01905,evaluation,-0.44737282344086088,-1.6736947762580661,0,0.30219917564429916
E01906,evaluation,0.052871500031997483,-0.47310839992320602,0,0.44113568790493773
E01907,evaluation,0.062363371924968131,-0.45032790738007644,1,0.4439456358185313
E01908,evaluation,1.0372282247118965,1.8893477393085512,1,0.72004278978165503
E01909,evaluation,2.8884507882726007,6.3322818918542421,1,0.9595400300764898
E01910,evaluation,0.33367933873855715,0.20083041297253712,1,0.52508272895297792
E01911,evaluation,0.026944512383487291,-0.53533317027963045,1,0.43348003441773864
E01912,evaluation,1.3145595410359483,2.5549428984862756,1,0.78201905375541758
E01913,evaluation,0.68045930553894307,1.0331023332934635,1,0.62634096073338963
E01914,evaluation,1.0317602797714671,1.8762246714515207,1,0.71871820037702783
E01915,evaluation,0.13911772024286687,-0.2661174714171195,0,0.46678430757257577
E01916,evaluation,-1.1713156800349298,-3.4111576320838317,1,0.15373804338020869
E01917,evaluation,-0.015303759618180897,-0.6367290230836341,0,0.42107438054861024
E01918,evaluation,-0.68916072943292361,-2.2539857506390164,0,0.24471648197093687
E01919,evaluation,1.3381468178622167,2.61155236286932,1,0.78680549986398451
E01920,evaluation,-0.47184906068593863,-1.7324377456462527,0,0.29604168454623536
E01921,evaluation,0.7119464653241746,1.1086715167780192,0,0.63514093383449732
E01922,evaluation,-1.270373266854294,-3.6488958404503054,0,0.13890101327793627
E01923,evaluation,0.52231563282499383,0.65355751877998525,0,0.58097539358335459
E01924,evaluation,-0.51258827191770684,-1.8302118526024964,1,0.28595614414637793
E01925,evaluation,-1.3899021829358027,-3.9357652390459266,0,0.12261649623581236
E01926,evaluation,-0.75972752495496332,-2.4233460598919119,0,0.2294051614565141
E01927,evaluation,-0.85040274773102809,-2.6409665945544676,0,0.21073789664313158
E01928,evaluation,0.018370840917921672,-0.55590998179698792,0,0.43095520842741486
E01929,evaluation,-1.0139519535350605,-3.0334846884841453,0,0.17994172678438528
E01930,evaluation,-0.0085012066210189176,-0.62040289589044539,1,0.42306556847136123
E01931,evaluation,0.59045114138352039,0.81708273932044884,1,0.60073807513921973
E01932,evaluation,0.038857903444880139,-0.50674103173228768,0,0.43699407488819975
E01933,evaluation,0.24501260892792842,-0.011969738572971789,0,0.49850378714440424
E01934,evaluation,-0.091142451015816722,-0.81874188243796009,0,0.3990629672340088
E01935,evaluation,-1.1800087213630643,-3.4320209312713543,0,0.15238575488873135
E01936,evaluation,-1.0507535731577078,-3.1218085755784988,0,0.17351692590086001
E01937,evaluation,-0.22763394410757873,-1.1463214658581888,0,0.36050782256538477
E01938,evaluation,-0.57973065475145669,-1.9913535714034958,1,0.26979226548737989
E01939,evaluation,0.46146906310560454,0.50752575145345091,0,0.5631024551201671
E01940,evaluation,-1.5307853354476522,-4.2738848050743652,0,0.10555772550905738
E01941,evaluation,0.13110697414873382,-0.28534326204303884,1,0.4643924716102738
E01942,evaluation,-1.2048077197287823,-3.4915385273490775,0,0.14858161248280072
E01943,evaluation,1.9343097856018612,4.0423434854444666,1,0.88300211547408092
E01944,evaluation,-0.85716128659349056,-2.6571870878243775,1,0.20939210470569558
E01945,evaluation,0.35485719925953974,0.25165727822289541,1,0.53141572068820031
E01946,evaluation,-0.58302479624679271,-1.9992595109923026,0,0.26901422208480502
E01947,evaluation,-1.1397373760266978,-3.3353697024640745,0,0.15873309242380937
E01948,evaluation,0.1166707778046296,-0.31999013326888892,1,0.46008634092623635
E01949,evaluation,-1.4977888077316783,-4.194693138556028,0,0.10935498823963818
E01950,evaluation,0.26495215935376337,0.035885182449032049,0,0.50448552746882702
E01951,evaluation,0.48292616607426608,0.55902279857823867,0,0.56942643289730188
E01952,evaluation,1.4489007139061629,2.8773617133747909,1,0.80825029141689653
E01953,evaluation,-0.97350522285642771,-2.9364125348554264,0,0.18721540559200717
E01954,evaluation,-0.51574110161624998,-1.837778643879,0,0.28518425665118285
E01955,evaluation,0.17669442154240705,-0.17593338829822308,1,0.47802249671708469
E01956,evaluation,0.19012947406205269,-0.14368926225107354,1,0.48204656400195944
E01957,evaluation,2.0730154048404525,4.3752369716170865,1,0.89913212367649109
E01958,evaluation,0.19475985865037335,-0.13257633923910395,0,0.48343402322703821
E01959,evaluation,-2.2133027971277843,-5.9119267131066815,0,0.049455422264981487
E01960,evaluation,-1.1307292177559873,-3.3137501226143695,0,0.16018192891996302
E01961,evaluation,-0.33316806963935047,-1.399603367134441,0,0.33185619860444127
E01962,evaluation,-1.6701099528961638,-4.6082638869507928,0,0.090781332897394346
E01963,evaluation,1.2914438731350846,2.4994652955242027,1,0.77725357779147441
E01964,evaluation,0.053167145671845356,-0.47239885038757112,0,0.44122315412544338
E01965,evaluation,1.3641734652707478,2.6740163166497943,1,0.79199750361449917
E01966,evaluation,-1.4753619967320155,-4.1408687921568372,1,0.11200382668825554
E01967,evaluation,-0.85447362400768234,-2.6507366976184374,0,0.2099265266774277
E01968,evaluation,0.21830892352428885,-0.076058583541706803,1,0.49049382270388769
E01969,evaluation,0.56030140217040969,0.74472336520898319,0,0.59202952071111836
E01970,evaluation,0.10037928770612457,-0.359089709505301,1,0.45523397952701594
E01971,evaluation,-0.2132696741326788,-1.1118472179184291,0,0.36449118157153509
E01972,evaluation,-1.1798234125634688,-3.4315761901523252,0,0.1524144794547963
E01973,evaluation,0.46954996660223214,0.52691991984535702,1,0.56548663557105772
E01974,evaluation,0.065428086283145434,-0.44297259292045094,1,0.44485368075842996
E01975,evaluation,-0.91840712967395677,-2.8041771112174962,0,0.19748489836692526
E01976,evaluation,-0.046933207125543441,-0.71263969710130426,0,0.41185071783992
E01977,evaluation,0.65167141750865842,0.96401140202078028,0,0.61822137987077874
E01978,evaluation,0.41163481263371465,0.38792355032091519,0,0.54833899127668195
E01979,evaluation,-1.8607248121654596,-5.0657395491971027,0,0.073585771907908465
E01980,evaluation,-1.0791580010509563,-3.1899792025222951,0,0.16868305259838184
E01981,evaluation,-1.5157873208841353,-4.2378895701219239,0,0.1072690785575518
E01982,evaluation,-2.300022260945636,-6.1200534262695259,0,0.044786560228637716
E01983,evaluation,1.3361050352501813,2.6066520846004351,1,0.78639421833507039
E01984,evaluation,0.2455689984657401,-0.010634403682223792,1,0.4986707026716154
E01985,evaluation,1.25577359226963,2.413856621447112,0,0.76975499781962031
E01986,evaluation,-0.73360226545307117,-2.3606454370873706,0,0.2349941755447158
E01987,evaluation,1.8240469738223812,3.7777127371737147,1,0.86862507944150191
E01988,evaluation,0.31568050236215217,0.15763320566916517,1,0.51969395676571573
E01989,evaluation,1.1867747700695812,2.2482594481669946,1,0.75475393413517344
E01990,evaluation,-0.16401565819154468,-0.99363757965970723,0,0.37828855572016223
E01991,evaluation,-1.4096568699669576,-3.9831764879206983,0,0.1200889352768718
E01992,evaluation,2.0492700839323006,4.3182482014375214,1,0.89651831675892757
E01993,evaluation,-1.7721198255583028,-4.8530875813399259,0,0.08117086590380948
E01994,evaluation,0.053692041704716323,-0.4711390999086808,1,0.44137845263856174
E01995,evaluation,1.7962080418646134,3.7108993004750714,1,0.86476568558132538
E01996,evaluation,-1.4823583206145976,-4.1576599694750342,0,0.11117152616326216
E01997,evaluation,0.94362439731049153,1.6646985535451795,1,0.69685144277795585
E01998,evaluation,1.1266179358138322,2.103883045953197,0,0.74114755056403514
E01999,evaluation,1.2358447629359852,2.3660274310463643,1,0.76548924509675487
E02000,evaluation,0.46498323277841375,0.51595975866819288,1,0.56413963671721867
E02001,evaluation,-0.86765281382135218,-2.6823667531712454,0,0.20731552007054335
E02002,evaluation,-0.14663870691017011,-0.95193289658440827,0,0.38320504101782227
E02003,evaluation,-1.0572457438700067,-3.1373897852880162,1,0.17240252470577641
E02004,evaluation,0.52177755289399574,0.65226612694558972,1,0.58081819522773026
E02005,evaluation,0.86385016681097926,1.47324040034635,1,0.67625634539360513
E02006,evaluation,-0.64289047563836166,-2.1429371415320677,0,0.25512390295488502
E02007,evaluation,-1.7835813208848681,-4.8805951701236827,0,0.080150969439612571
E02008,evaluation,-0.33256468369633019,-1.3981552408711924,0,0.33201676297096583
E02009,evaluation,0.160590058134853,-0.21458386047635281,1,0.47320271904825234
E02010,evaluation,-0.3929037041096447,-1.5429688898631473,0,0.31615807853047578
E02011,evaluation,0.33838629474044302,0.2121271073770632,1,0.52649105886304004
E02012,evaluation,3.4933462532766248,7.7840310078639003,1,0.98000382567562461
E02013,evaluation,2.0934250287870775,4.4242200690889861,0,0.90133173715210391
E02014,evaluation,-0.30806155319381173,-1.3393477276651482,1,0.33856987198710431
E02015,evaluation,0.46456970011962356,0.51496728028709648,1,0.56401761451322097
E02016,evaluation,0.68985988395628983,1.0556637214950957,1,0.62897728610265968
E02017,evaluation,-0.21358527439174657,-1.1126046585401919,0,0.36440346030139459
E02018,evaluation,-0.33486015247438194,-1.4036643659385166,0,0.33140613453288548
E02019,evaluation,-3.54541941418183,-9.1090065940363907,0,0.010410211559418828
E02020,evaluation,-0.21433003658601252,-1.11439208780643,1,0.36419648895264867
E02021,evaluation,-0.89774334282304435,-2.7545840227753065,0,0.20144426674157384
E02022,evaluation,-0.81682939142112898,-2.5603905394107094,0,0.21751698618620535
E02023,evaluation,1.0713828099337035,1.9713187438408881,1,0.7282297149889283
E02024,evaluation,1.4433825224455212,2.8641180538692508,0,0.80722193329434688
E02025,evaluation,-1.7240752824681216,-4.7377806779234914,0,0.085575933476559798
E02026,evaluation,0.45992284420301993,0.50381482608724781,1,0.56264592443148886
E02027,evaluation,-0.18833608447838229,-1.0520066027481174,0,0.37144953594283614
E02028,evaluation,-0.05802901569294016,-0.73926963766305631,1,0.40862926515835679
E02029,evaluation,-1.3039912035902148,-3.7295788886165155,1,0.13414577928549737
E02030,evaluation,-1.7250723229317124,-4.7401735750361089,0,0.085482354565946106
E02031,evaluation,-0.11412619338063382,-0.87390286411352114,0,0.39246762122673873
E02032,evaluation,-1.0147269655005875,-3.0353447172014101,0,0.17980453220002521
E02033,evaluation,0.28276573966434954,0.07863777519443893,1,0.50982845571975721
E02034,evaluation,2.0837292580180646,4.4009502192433549,1,0.90029216776813326
E02035,evaluation,0.35568908543713618,0.25365380504912682,0,0.53166429349171784
E02036,evaluation,1.2471162587257898,2.3930790209418955,0,0.76790860969931651
E02037,evaluation,1.606664082957209,3.2559937990973014,1,0.83589504928627767
E02038,evaluation,0.15573860299242609,-0.22622735281817735,1,0.47175169353642582
E02039,evaluation,0.82393481053864759,1.377443545292754,1,0.66568251841577941
E02040,evaluation,-0.25648648113415534,-1.2155675547219729,0,0.35256491386657157
E02041,evaluation,1.5741808064456653,3.1780339354695966,1,0.83047775236126176
E02042,evaluation,-3.2076646836520326,-8.2983952407648776,0,0.015532020818226754
E02043,evaluation,1.2183070627937946,2.3239369507051069,1,0.76169021305229057
E02044,evaluation,-0.82042008284801482,-2.5690081988352356,0,0.21678450164029942
E02045,evaluation,-0.67028054240752499,-2.20867330177806,0,0.2489282188261969
E02046,evaluation,0.38831823518089043,0.331963764434137,1,0.54140046565066713
E02047,evaluation,-0.21011158825536846,-1.1042678118128841,0,0.36536946836500112
E02048,evaluation,-2.0085437553251428,-5.4205050127803425,0,0.062371082939331031
E02049,evaluation,-1.0224325203266671,-3.0538380487840011,1,0.17844491659110179
E02050,evaluation,1.0292982987709156,1.8703159170501973,1,0.71812055079068027
E02051,evaluation,-1.4046006388834382,-3.9710415333202516,0,0.12073155025897031
E02052,evaluation,0.27747175979056526,0.065932223497356612,1,0.50824078163492625
E02053,evaluation,0.12272832640911344,-0.30545201661812776,0,0.46189254125769391
E02054,evaluation,-0.44109438267134216,-1.658626518411221,0,0.30379029748339631
E02055,evaluation,1.6102913803111836,3.2646993127468402,0,0.8364912639477925
E02056,evaluation,-0.041012919103824479,-0.69843100584917872,0,0.41357267249792157
E02057,evaluation,-0.32183687759691632,-1.372408506232599,0,0.33487798729708618
E02058,evaluation,-0.21940474416804595,-1.1265713860033102,0,0.36278755513790434
E02059,evaluation,-1.2778161790745677,-3.6667588297789626,0,0.13783618066269801
E02060,evaluation,-0.47350968046292402,-1.7364232331110174,1,0.29562656360632644
E02061,evaluation,0.21015765410263171,-0.095621630153683856,0,0.48804957257505011
E02062,evaluation,0.19527868248041849,-0.13133116204699563,0,0.48358950111661958
E02063,evaluation,0.25322837703765017,0.0077481048903603744,0,0.50096851189998703
E02064,evaluation,0.42292547942195668,0.41502115061269607,0,0.55169228491252209
E02065,evaluation,0.42476712460538502,0.41944109905292393,1,0.55223881055564183
E02066,evaluation,-0.42082993863431806,-1.6099918527223633,1,0.30895785731730041
E02067,evaluation,1.7827103988642463,3.6785049572741912,1,0.86286027540319965
E02068,evaluation,-0.87266343286845038,-2.6943922388842809,0,0.20632915001356908
E02069,evaluation,0.16617275523770195,-0.20118538742951531,1,0.47487301110195435
E02070,evaluation,0.64556187598700876,0.94934850236882096,1,0.61648949058723734
E02071,evaluation,0.70285617295027525,1.0868548150806605,0,0.63260935926440331
E02072,evaluation,1.2387514535642838,2.3730034885542812,1,0.76611482024740762
E02073,evaluation,0.093041123391229885,-0.37670130386104828,1,0.45305105163702358
E02074,evaluation,1.3814223039236333,2.7154135294167197,1,0.79538673409763594
E02075,evaluation,-0.29705388879107886,-1.3129293330985892,0,0.3415342217371059
E02076,evaluation,0.32171104708246856,0.17210651299792457,1,0.52150004814859419
E02077,evaluation,1.2091627431071128,2.3019905834570706,0,0.75969266408978076
E02078,evaluation,0.18216513662623768,-0.16280367209702956,0,0.47966077083094472
E02079,evaluation,0.10788996750255786,-0.34106407799386113,0,0.45747000884376249
E02080,evaluation,-0.72338649498011276,-2.3361275879522707,0,0.23720514090993094
E02081,evaluation,0.73140629651683553,1.1553751116404052,0,0.64053513956558461
E02082,evaluation,-0.81319624552554315,-2.5516709892613036,1,0.21825994832308518
E02083,evaluation,3.4059233484745648,7.5742160363389548,1,0.97784110124439838
E02084,evaluation,0.51229832864638813,0.62951598875133141,0,0.57804620670054885
E02085,evaluation,-0.67738398154383117,-2.2257215557051948,0,0.24733793591315784
E02086,evaluation,0.16239657457550594,-0.21024822101878576,0,0.47374314846433685
E02087,evaluation,-0.17472988196158773,-1.0193517167078106,0,0.37526951497364114
E02088,evaluation,0.77131410852941606,1.2511538604705983,1,0.65148586929370611
E02089,evaluation,1.6106947482320331,3.2656673957568789,1,0.83655745727857944
E02090,evaluation,-0.16611207133334904,-0.99866897120003761,0,0.37769707989415324
E02091,evaluation,1.4123441808382509,2.789626034011802,1,0.80135950238057752
E02092,evaluation,-0.45475096870971454,-1.691402324903315,0,0.30033541360604732
E02093,evaluation,-0.44104819698603059,-1.6585156727664732,1,0.30380201963493408
E02094,evaluation,-0.64035281806163202,-2.1368467633479167,1,0.25570302899007952
E02095,evaluation,0.46304039862563318,0.51129695670151964,0,0.56356629213005938
E02096,evaluation,0.012160600507136132,-0.57081455878287324,0,0.42912861104311756
E02097,evaluation,2.466516142276959,5.3196387414647015,1,0.93461362900695211
E02098,evaluation,-1.2346347948712466,-3.563123507690992,0,0.14411039623954694
E02099,evaluation,-0.28072653863184355,-1.2737436927164245,1,0.34595400470063259
E02100,evaluation,-0.57051509513630927,-1.9692362283271421,1,0.27197641054660138
E02101,evaluation,0.82905613241410958,1.3897347177938628,1,0.66704881886344247
E02102,evaluation,0.11953349876336394,-0.31311960296792651,1,0.46093980067429674
E02103,evaluation,-0.80683926629465519,-2.5364142391071725,0,0.21956431813060412
E02104,evaluation,1.5334701857638098,3.080328445833143,1,0.82348859713198763
E02105,evaluation,-0.10439184184302885,-0.85054042042326916,1,0.39525632544576966
E02106,evaluation,-0.79219943118848035,-2.5012786348523526,1,0.2225894895383958
E02107,evaluation,-0.13164935405621295,-0.91595844973491103,0,0.38746531723327576
E02108,evaluation,-0.87312063499927228,-2.6954895239982535,0,0.20623932019308663
E02109,evaluation,0.92222822080112854,1.6133477299227081,1,0.69140027255432956
E02110,evaluation,-1.8943895664274308,-5.1465349594258338,0,0.070878822214456572
E02111,evaluation,-0.80110911185464528,-2.5226618684511486,0,0.22074486439181035
E02112,evaluation,0.54085614486563416,0.69805474767752196,1,0.58638169975349463
E02113,evaluation,0.81579505797853957,1.3579081391484951,0,0.66350521660576922
E02114,evaluation,-0.9139642112803662,-2.7935141070728791,1,0.19833122240845605
E02115,evaluation,0.26657557782904301,0.039781386789703221,0,0.5049725094062899
E02116,evaluation,0.62814583848288152,0.90755001235891564,1,0.61153639971301876
E02117,evaluation,0.91022989649205299,1.5845517515809271,1,0.68831979622662076
E02118,evaluation,0.052998369713942596,-0.47280391268653776,1,0.44117322162057576
E02119,evaluation,1.6331210163244967,3.3194904391787916,1,0.84020379885292928
E02120,evaluation,0.80877324992139388,1.341055799811345,1,0.66162135474356809
E02121,evaluation,-0.22364877437957695,-1.1367570585109847,0,0.36161105488328332
E02122,evaluation,-0.56039149210453421,-1.9449395810508818,1,0.27438849437543605
E02123,evaluation,-0.21823511710876986,-1.1237642810610478,0,0.36311208066080136
E02124,evaluation,-1.0298030482794029,-3.0715273158705672,0,0.17715195836999173
E02125,evaluation,1.3857553732164163,2.725812895719399,1,0.79623166560492475
E02126,evaluation,0.99129842691838665,1.7791162246041279,1,0.70879897404069092
E02127,evaluation,-0.75268308131462636,-2.4064393951551031,0,0.23090294546330722
E02128,evaluation,0.059315035622463382,-0.45764391450608788,0,0.44304281483808489
E02129,evaluation,-0.66451497268217852,-2.1948359344372284,0,0.25022400212779045
E02130,evaluation,-0.33341803529316932,-1.4002032847036063,0,0.33178969279922316
E02131,evaluation,-0.18229204599056578,-1.0375009103773578,0,0.37314446544620195
E02132,evaluation,1.5696540991464274,3.1671698379514255,1,0.82971163090073197
E02133,evaluation,1.745746278694962,3.5897910688679082,1,0.85752643519652905
E02134,evaluation,-0.17304655428108515,-1.0153117302746044,1,0.37574320602929229
E02135,evaluation,-0.35725860199042997,-1.4574206447770319,0,0.32547780207006605
E02136,evaluation,-1.9124130967190913,-5.1897914321258183,0,0.069467646708990791
E02137,evaluation,-0.5837824877179344,-2.0010779705230424,0,0.26883546363398025
E02138,evaluation,2.871855038388277,6.2924520921318647,1,0.95875975969313243
E02139,evaluation,-0.43883436720088648,-1.6532024812821273,0,0.30436419919831004
E02140,evaluation,1.0149058869384764,1.8357741286523432,1,0.71461138494705378
E02141,evaluation,-1.4398237891139902,-4.055577093873576,0,0.11631603704766419
E02142,evaluation,1.0738811125866394,1.9773146702079343,0,0.72882263933440439
E02143,evaluation,-0.65457466395684327,-2.1709791934964238,1,0.25246856787401961
E02144,evaluation,1.3258208503606688,2.5819700408656048,0,0.78431386744002152
E02145,evaluation,0.58764219904270032,0.81034127770248066,1,0.59992932529769627
E02146,evaluation,1.9018127856121894,3.9643506854692538,0,0.8789128639415803
E02147,evaluation,0.32142968180687781,0.1714312363365067,0,0.52141579402911387
E02148,evaluation,0.29463845667545019,0.10713229602108043,0,0.5133883358571053
E02149,evaluation,2.6373597849519124,5.7296634838845897,1,0.94608030997609271
E02150,evaluation,-0.64846292379946879,-2.1563110171187252,0,0.2538552282156859
E02151,evaluation,0.66205711597909489,0.9889370783498278,1,0.62115853956182832
E02152,evaluation,0.6207863560697765,0.88988725456746354,1,0.609436365669624
E02153,evaluation,1.5352275843133882,3.0845462023521315,1,0.82379492431099299
E02154,evaluation,1.708222333566648,3.4997336005599551,1,0.85193600080321497
E02155,evaluation,-1.6241260378952731,-4.4979024909486549,0,0.095439966707497881
E02156,evaluation,-1.3586221510134318,-3.860693162432236,0,0.12671222378730285
E02157,evaluation,0.063930796241115001,-0.446566089021324,0,0.44441000194686053
E02158,evaluation,2.9735364528815338,6.5364874869156813,1,0.96332317076962337
E02159,evaluation,-0.99112812174227394,-2.9787074921814574,1,0.18401874640781862
E02160,evaluation,0.1113527799207904,-0.332753328190103,0,0.45850151713868725
E02161,evaluation,0.73665229264381482,1.1679655023451554,1,0.64198332152215176
E02162,evaluation,-0.73452823600970951,-2.3628677664233027,0,0.2347944781711481
E02163,evaluation,0.1580174798523751,-0.22075804835429974,0,0.47243322665589599
E02164,evaluation,2.1051361474510828,4.4523267538825992,1,0.90257451099429642
E02165,evaluation,-0.59462814765654859,-2.0271075543757164,0,0.26628494702602951
E02166,evaluation,1.558173480281227,3.1396163526749445,1,0.82775626056699403
E02167,evaluation,-1.219899269021339,-3.5277582456512135,0,0.146305172427205
E02168,evaluation,1.6891830302005,3.4540392724811997,1,0.84903080193711589
E02169,evaluation,0.15313161897428568,-0.23248411446171435,0,0.47097216419897536
E02170,evaluation,1.0613720055086959,1.9472928132208702,0,0.72584570704052898
E02171,evaluation,-0.092818836438960842,-0.82276520745350601,0,0.39858064509594576
E02172,evaluation,1.2328875418377447,2.3589301004105874,1,0.76485160473466762
E02173,evaluation,-1.2854003525410296,-3.6849608460984711,0,0.13675820132789623
E02174,evaluation,0.6648925310630498,0.99574207455131958,1,0.62195888677597455
E02175,evaluation,-1.6809032827171755,-4.6341678785212208,0,0.089717925234343104
E02176,evaluation,-1.361290639612754,-3.8670975350706094,0,0.12635830525617617
E02177,evaluation,0.19472950138022194,-0.13264919668746733,1,0.48342492604867637
E02178,evaluation,1.7466964146327073,3.5920713951184973,0,0.85766567767753732
E02179,evaluation,-2.2154126402610559,-5.916990336626534,0,0.049336538522197548
E02180,evaluation,-0.064090655989228071,-0.75381757437414731,1,0.40687267582638764
E02181,evaluation,-0.74319915287615868,-2.3836779669027806,1,0.23293019639376653
E02182,evaluation,1.9883704336241346,4.172089040697923,1,0.88953936226511354
E02183,evaluation,-0.30610491716093569,-1.3346518011862456,1,0.3390958747418949
E02184,evaluation,-0.54427136718282842,-1.906251281238788,1,0.2782566650468592
E02185,evaluation,-0.29876955768115937,-1.3170469384347825,0,0.34107137166155005
E02186,evaluation,-0.87710150683561827,-2.7050436164054839,0,0.20545839282115957
E02187,evaluation,1.5890589361413521,3.2137414467392449,0,0.8329764741175637
E02188,evaluation,1.2096445069245947,2.303146816619027,0,0.75979818904537877
E02189,evaluation,-0.23343322252527099,-1.1602397340606503,1,0.35890501272948716
E02190,evaluation,-1.5415130444376051,-4.2996313066502516,0,0.1043484508753014
E02191,evaluation,-0.61199001173333678,-2.0687760281600083,1,0.26223428094220819
E02192,evaluation,0.79592655113481481,1.3102237227235554,1,0.65816148261563423
E02193,evaluation,0.56976534586161309,0.76743683006787144,1,0.59476962545404566
E02194,evaluation,1.781791272482111,3.6762990539570661,1,0.86272970822169548
E02195,evaluation,0.33654171868225802,0.20770012483741929,0,0.525939207287072
E02196,evaluation,-1.5338380582109177,-4.2812113397062017,0,0.10521235648173893
E02197,evaluation,1.4982084419082922,2.995700260579901,0,0.81725361180940892
E02198,evaluation,0.041296945557805845,-0.50088733066126601,0,0.43771430096908703
E02199,evaluation,-2.8697011623304163,-7.4872827895929985,0,0.023120550660924721
E02200,evaluation,-0.47882606646008347,-1.7491825595042001,1,0.29429985109124607
E02201,evaluation,0.0053833691322088869,-0.58707991408269866,1,0.42713744869719894
E02202,evaluation,0.56612256693505592,0.75869416064413409,1,0.59371561700000286
E02203,evaluation,-0.078497119286497483,-0.78839308628759397,1,0.40270747788079381
E02204,evaluation,-0.16788705282541841,-1.0029289267810042,1,0.37719657623509001
E02205,evaluation,1.5726456962839719,3.1743496710815324,1,0.83021825087703749
E02206,evaluation,0.088617325019939241,-0.38731841995214578,1,0.45173594412344276
E02207,evaluation,-1.0049659621887435,-3.0119183092529842,1,0.18153841848668287
E02208,evaluation,0.65833022953839171,0.97999255089213999,1,0.62010555493297304
E02209,evaluation,0.71558340764108896,1.1174001783386136,1,0.63615171268082105
E02210,evaluation,2.0296790111858729,4.271229626846095,1,0.89431686412331901
E02211,evaluation,-1.4626658480727528,-4.1103980353746064,0,0.11352810264331829
E02212,evaluation,-0.085947288886653914,-0.80627349332796938,1,0.40055893663474207
E02213,evaluation,-1.3385467521659915,-3.8125122051983795,0,0.12940204408862094
E02214,evaluation,-2.3954094973239113,-6.3489827935773864,0,0.040137021844123363
E02215,evaluation,-0.68624781318430483,-2.2469947516423314,0,0.24536313265678208
E02216,evaluation,0.082716904692724635,-0.4014794287374609,1,0.44998291787957784
E02217,evaluation,-1.0179296814307872,-3.0430312354338893,0,0.17923844541056924
E02218,evaluation,-0.078117653537244938,-0.7874823684893878,0,0.40281701210423221
E02219,evaluation,-1.4158935268707435,-3.9981444644897843,0,0.11930036610430012
E02220,evaluation,-0.93986580196484659,-2.8556779247156316,1,0.19343562226252597
E02221,evaluation,-0.57106414693154306,-1.9705539526357034,1,0.27184597198716914
E02222,evaluation,0.60656722060683588,0.85576132945640604,1,0.60536747734749208
E02223,evaluation,-1.5284230779772037,-4.2682153871452888,1,0.10582566479522629
E02224,evaluation,-1.1520765556349259,-3.3649837335238222,0,0.15676578652894904
E02225,evaluation,-1.6140342275766923,-4.4736821461840615,1,0.09649058662627745
E02226,evaluation,-0.5311304342433113,-1.8747130421839469,0,0.28143462214049297
E02227,evaluation,-1.0090954366144853,-3.0218290478747649,0,0.18080330029852842
E02228,evaluation,2.3730841635369382,5.095401992488652,1,0.92741891361738371
E02229,evaluation,0.019606498413340844,-0.55294440380798193,1,0.43131887411423853
E02230,evaluation,0.51319342938464552,0.63166423052314913,1,0.57830817223970055
E02231,evaluation,-0.80880145889778343,-2.5411235013546802,0,0.21916110480113335
E02232,evaluation,-0.84508258352572896,-2.6281982004617497,0,0.2118017247306801
E02233,evaluation,-1.733480448800677,-4.760353077121624,0,0.084696878872376494
E02234,evaluation,1.3782242538403082,2.7077382092167395,1,0.79476145962776878
E02235,evaluation,1.3914004512816132,2.7393610830758712,1,0.79732853534498227
E02236,evaluation,0.96481566230614813,1.7155575895347552,1,0.70219637210753305
E02237,evaluation,-1.0226563352815474,-3.054375204675714,0,0.17840554583929744
E02238,evaluation,2.0715895660287797,4.3718149584690718,1,0.89897684041209591
E02239,evaluation,-0.0079232726677669289,-0.61901585440264062,0,0.42323485279820711
E02240,evaluation,-1.445005140089652,-4.0680123362151646,1,0.11567847183489027
E02241,evaluation,-0.78977255426333337,-2.4954541302319999,0,0.22309384271022153
E02242,evaluation,-0.13723945535826523,-0.92937469285983654,1,0.38587444577055141
E02243,evaluation,0.83962904454459086,1.415109706907018,1,0.66986064686651459
E02244,evaluation,1.158258348847903,2.179820037234967,0,0.74836477714733163
E02245,evaluation,0.53234720786284129,0.67763329887081902,1,0.58390304432825257
E02246,evaluation,0.46580343447242883,0.51792824273382909,1,0.56438163286252319
E02247,evaluation,-0.47945551303145079,-1.7506932312754819,1,0.29414300168578994
E02248,evaluation,1.778288799840382,3.6678931196169162,1,0.86223120350425508
E02249,evaluation,-0.52467543808160177,-1.8592210513958443,1,0.28300373707926679
E02250,evaluation,-2.8724744945338068,-7.4939387868811353,0,0.023045503687051664
E02251,evaluation,-0.99960814112261887,-2.9990595386942851,0,0.18249566751338023
E02252,evaluation,1.5978634695607978,3.2348723269459145,1,0.83444124185010371
E02253,evaluation,1.7465337873149931,3.591681089555983,1,0.85764185268754234
E02254,evaluation,-0.18994917613563661,-1.0558780227255278,0,0.3709977090546478
E02255,evaluation,-0.88946962853739642,-2.7347271084897513,0,0.20304613788318754
E02256,evaluation,-1.9281299722644529,-5.2275119334346867,0,0.0682583397647719
E02257,evaluation,0.46925280434845873,0.52620673043630084,0,0.56539901410589144
E02258,evaluation,-0.71274739919310492,-2.3105937580634519,0,0.23952291681245974
E02259,evaluation,-1.0401077592606365,-3.0962586222255277,1,0.17535661799896557
E02260,evaluation,-0.65575817945379267,-2.1738196306891022,1,0.2522006268281472
E02261,evaluation,-0.75749169823324958,-2.4179800757597989,0,0.22987980089596863
E02262,evaluation,-0.8312635561619256,-2.5950325347886212,0,0.21458332184314366
E02263,evaluation,-1.0032333915584057,-3.0077601397401739,0,0.18184753807704018
E02264,evaluation,-0.39045737893331667,-1.5370977094399598,0,0.31679310169575919
E02265,evaluation,-1.5058911314588763,-4.2141387155013028,0,0.10841161343626243
E02266,evaluation,0.69781553745979041,1.0747572899034972,0,0.63120241331885096
E02267,evaluation,-0.48072545643961939,-1.7537410954550863,0,0.29382669778119652
E02268,evaluation,-0.72521800738182352,-2.3405232177163762,0,0.23680770049761801
E02269,evaluation,-1.1568047959413184,-3.3763315102591642,0,0.15601721350069675
E02270,evaluation,1.9211305656848223,4.0107133576435734,1,0.88135834866690421
E02271,evaluation,0.98028727117981773,1.7526894508315625,1,0.70606418616944688
E02272,evaluation,0.17571663289325551,-0.17828008105618676,0,0.47772973444425149
E02273,evaluation,0.59203243788351101,0.82087785092042631,0,0.60119312026856042
E02274,evaluation,0.23133510944189201,-0.044795737339459185,0,0.49440076690865936
E02275,evaluation,0.23526069285330606,-0.035374337152065505,1,0.495578323127008
E02276,evaluation,1.350648933280538,2.6415574398732913,0,0.78931123605124409
E02277,evaluation,-0.23107723362091503,-1.1545853606901959,0,0.35955578550762363
E02278,evaluation,1.5829844161857012,3.1991625988456827,1,0.83195985781818094
E02279,evaluation,1.192884504391476,2.2629228105395423,0,0.75610849541479497
E02280,evaluation,0.15106902078804113,-0.23743435010870129,0,0.47035551493453209
E02281,evaluation,-1.5552592218745314,-4.3326221324988747,0,0.10281682283131946
E02282,evaluation,-1.8728630523142495,-5.0948713255541982,0,0.072598948819122586
E02283,evaluation,-0.16061209291567971,-0.98546902299763128,0,0.37924959853009188
E02284,evaluation,-0.9321112958518194,-2.8370671100443667,1,0.19489157884182312
E02285,evaluation,-0.2916774944433515,-1.3000259866640436,1,0.34298660931479841
E02286,evaluation,0.85376621873177028,1.4490389249562483,1,0.67360145607208022
E02287,evaluation,0.40950250497910207,0.38280601194984498,1,0.54770519990219513
E02288,evaluation,1.1888018510556475,2.2531244425335539,0,0.75520391134971332
E02289,evaluation,-0.85968797745321368,-2.6632511458877128,0,0.20889060351310848
E02290,evaluation,-0.3642611564588743,-1.4742267755012983,1,0.32363568861231085
E02291,evaluation,-0.22649506905726188,-1.1435881657374285,1,0.36082295273768672
E02292,evaluation,-1.4522910392033352,-4.0854984940880046,0,0.11478708229641305
E02293,evaluation,0.046307112071855082,-0.4888629310275478,1,0.43919457641005388
E02294,evaluation,2.2375100144090863,4.770024034581807,1,0.91567723146750435
E02295,evaluation,0.66910485538402997,1.0058516529216721,1,0.62314666452316292
E02296,evaluation,-0.51895193039439735,-1.8454846329465537,1,0.28439945808275563
E02297,evaluation,0.61782833696377726,0.8827880087130654,1,0.60859114390570102
E02298,evaluation,0.072317730072312597,-0.42643744782644977,1,0.44689635091534613
E02299,evaluation,-0.069592162506557129,-0.7670211900157371,0,0.40528046404856455
E02300,evaluation,0.3928284946796487,0.3427883872311569,1,0.54274396248646561
E02301,evaluation,1.276679698787532,2.4640312770900765,1,0.77417116343723391
E02302,evaluation,-1.2788943616273678,-3.6693464679056826,0,0.1376824986434943
E02303,evaluation,0.40404494750035719,0.36970787400085725,0,0.54608233571635434
E02304,evaluation,1.2069252916728614,2.2966207000148673,1,0.75920216016643849
E02305,evaluation,-0.4091960399294845,-1.5820704958307628,0,0.31194642485072249
E02306,evaluation,-0.35363217901331023,-1.4487172296319444,1,0.32643390929002536
E02307,evaluation,-0.27724182266297182,-1.2653803743911323,1,0.34690079652725192
E02308,evaluation,-0.24746873937787667,-1.193924974506904,1,0.35503893588422142
E02309,evaluation,0.73376769240045592,1.1610424617610944,1,0.64118733273284123
E02310,evaluation,0.76464133559285641,1.2351392054228554,0,0.64966559104722521
E02311,evaluation,-0.17090865174062239,-1.0101807641774938,0,0.37634515793164536
E02312,evaluation,0.33628193570958159,0.20707664570299578,0,0.52586148151900813
E02313,evaluation,0.43609811918080177,0.44663548603392422,0,0.55559856543620245
E02314,evaluation,0.22667678104335562,-0.055975725495946538,1,0.49300349101609803
E02315,evaluation,0.011703215121029098,-0.57191228370953018,1,0.42899415746173136
E02316,evaluation,0.7639543515674907,1.2334904437619776,1,0.64947793865419545
E02317,evaluation,-0.15797551464256132,-0.97914123514214713,0,0.37999472439951826
E02318,evaluation,0.98407324106306326,1.7617757785513515,1,0.70700617977253666
E02319,evaluation,-0.47208891924621005,-1.7330134061909042,0,0.29598170394965051
E02320,evaluation,-1.2068911218820078,-3.4965386925168187,1,0.14826561703352206
E02321,evaluation,0.53555908231365212,0.68534179755276503,0,0.58483916993784957
E02322,evaluation,0.38687239725182182,0.32849375340437237,1,0.54096965723197943
E02323,evaluation,0.23160003452682379,-0.04415991713562295,0,0.49448023460799595
E02324,evaluation,-0.56656588799097318,-1.9597581311783356,0,0.27291578034841701
E02325,evaluation,0.24010760432893008,-0.023741749610567853,0,0.49703231614852128
E02326,evaluation,-0.58831484132740253,-2.0119556191857662,1,0.26776773728528941
E02327,evaluation,0.79822891869266754,1.3157494048624021,1,0.65878280836376046
E02328,evaluation,0.98216025659739503,1.7571846158337481,1,0.70653042780345321
E02329,evaluation,-2.2409832674082266,-5.978359841779743,0,0.047917088845447882
E02330,evaluation,0.9339044330062275,1.6413706392149456,1,0.69438179507130948
E02331,evaluation,0.92929156741486374,1.6302997617956727,1,0.69320582564566413
E02332,evaluation,0.60207651648934568,0.84498363957442957,0,0.60407936643012128
E02333,evaluation,-1.8801066689268411,-5.1122560054244177,0,0.07201587783510903
E02334,evaluation,1.3859349857556933,2.7262439658136639,1,0.79626663324391311
E02335,evaluation,-1.2062879441817267,-3.4950910660361441,0,0.14835704555862225
E02336,evaluation,3.1997326050719099,7.0793582521725842,1,0.97179591865280912
E02337,evaluation,-1.1237084528252026,-3.2969002867804864,0,0.16131852715870906
E02338,evaluation,1.8668691578259535,3.8804859787822878,1,0.87437883598584143
E02339,evaluation,-1.0153858442664236,-3.0369260262394167,1,0.17968796005157239
E02340,evaluation,-1.4879500288493981,-4.1710800692385552,0,0.11051021778347819
E02341,evaluation,-1.8876771099225778,-5.1304250638141857,0,0.071411117949313943
E02342,evaluation,1.380705008670986,2.7136920208103663,1,0.79524661357705761
E02343,evaluation,-1.2014237484572452,-3.4834169962973887,0,0.1490960535150809
E02344,evaluation,-0.46178917266187375,-1.708294014388497,0,0.29856365233673809
E02345,evaluation,0.48081226998606053,0.55394944796654533,1,0.56880438170354453
E02346,evaluation,-0.36810149408699855,-1.4834435858087964,1,0.32262774985873333
E02347,evaluation,0.8343722400382414,1.4024933760917793,0,0.66846412097694952
E02348,evaluation,0.94359492337573136,1.6646278161017549,1,0.69684397110082341
E02349,evaluation,1.7038062390937976,3.4891349738251143,1,0.8512662923919303
E02350,evaluation,0.20521253504243811,-0.10748991589814855,1,0.4865669938165606
E02351,evaluation,-0.26202652479713046,-1.228863659513113,0,0.35104890169038627
E02352,evaluation,0.3428559253362275,0.22285422080694595,0,0.52782799086056953
E02353,evaluation,0.58347522562299936,0.8003405414951984,1,0.59872856880173519
E02354,evaluation,0.18250773865135356,-0.16198142723675146,1,0.47976338222019033
E02355,evaluation,0.66652350448155617,0.99965641075573475,1,0.62241895797865043
E02356,evaluation,1.2188959396111845,2.3253502550668426,1,0.76181845958588446
E02357,evaluation,0.4681083128814893,0.52345995091557429,0,0.5650615104354757
E02358,evaluation,-1.9436961769224648,-5.2648708246139151,0,0.067079881285329573
E02359,evaluation,0.22886528519178448,-0.050723315539717206,1,0.49365992538912162
E02360,evaluation,0.25441355280364308,0.010592526728743445,1,0.50132406274605301
E02361,evaluation,-0.39900138192083423,-1.5576033166100021,0,0.31457821358248034
E02362,evaluation,-0.1917441923305242,-1.0601860615932579,1,0.37049519033765915
E02363,evaluation,0.71752403027792211,1.1220576726670131,1,0.63669055972106259
E02364,evaluation,-2.1026127967918158,-5.6462707123003577,0,0.056086713488539885
E02365,evaluation,-1.8604264519187061,-5.065023484604894,0,0.073610183020525424
E02366,evaluation,-0.40276222273704354,-1.5666293345689044,1,0.31360593943652176
E02367,evaluation,1.4860636023407023,2.9665526456176856,0,0.81506693995974355
E02368,evaluation,0.23446501415446583,-0.037283966029281967,0,0.49533963921097768
E02369,evaluation,1.7081861825652573,3.4996468381566177,1,0.8519305285692822
E02370,evaluation,-0.51150841566125493,-1.8276201975870117,0,0.28622080635191011
E02371,evaluation,1.4946804511445475,2.987233082746914,1,0.8166204752539149
E02372,evaluation,-1.5517982727681632,-4.3243158546435909,0,0.10320056375792418
E02373,evaluation,0.53648857091985391,0.68757257020764928,0,0.58510996266777393
E02374,evaluation,0.24890794741945299,-0.0026209261933127781,1,0.49967238427272082
E02375,evaluation,0.51536540006973186,0.6368769601673564,1,0.57894365071278875
E02376,evaluation,-0.60981072216441268,-2.0635457331945903,0,0.26274054139102709
E02377,evaluation,0.65018017310618281,0.96043241545483882,1,0.61779892777575296
E02378,evaluation,-1.0579344603870338,-3.1390427049288809,0,0.17228463743028857
E02379,evaluation,-0.52839644116906381,-1.8681514588057531,0,0.28209856943857259
E02380,evaluation,0.91837398116465807,1.604097554795179,1,0.69041256381719185
E02381,evaluation,-0.12822920314132211,-0.90775008753917308,0,0.38843983565911167
E02382,evaluation,-0.8984274000578456,-2.7562257601388294,1,0.20131225049404708
E02383,evaluation,0.37487641550196926,0.29970339720472627,1,0.53739297755902637
E02384,evaluation,-0.23228806531475832,-1.1574913567554199,0,0.35922126409462596
E02385,evaluation,1.6575139648728203,3.3780335156947685,1,0.84409481019972754
E02386,evaluation,1.3367326199625327,2.6081582879100784,0,0.78652069582456952
E02387,evaluation,-0.29102759220329466,-1.298466221287907,0,0.34316237489308643
E02388,evaluation,-0.3142032200300377,-1.3540877280720904,0,0.33692140054324587
E02389,evaluation,-0.051383423857500776,-0.72332021725800177,0,0.410557759941441
E02390,evaluation,0.34079996391763551,0.21791991340232519,0,0.52721307108562421
E02391,evaluation,-0.82804953130786618,-2.5873188751388789,0,0.2152340571299379
E02392,evaluation,1.0348047807458087,1.8835314737899407,0,0.71945619001580785
E02393,evaluation,-0.6566448470352434,-2.1759476328845841,1,0.25200001395261779
E02394,evaluation,-1.5270862228553748,-4.2650069348528987,0,0.10597756327022013
E02395,evaluation,0.84319741591781439,1.4236737982027545,1,0.67080692024088173
E02396,evaluation,0.51626567348610297,0.63903761636664702,1,0.57920697754151229
E02397,evaluation,-2.5289825718793333,-6.6695581725103992,0,0.034397144119348112
E02398,evaluation,2.7937934754048466,6.1051043409716321,1,0.95489258319878723
E02399,evaluation,0.8162000835587423,1.3588802005409812,1,0.66361372213173808
E02400,evaluation,1.602262138797832,3.2454291331147966,1,0.83516916155393761
E02401,evaluation,0.27177597067671366,0.052262329624112813,1,0.50653241949201211
E02402,evaluation,-0.46372168609641801,-1.7129320466314031,1,0.29807822307906168
E02403,evaluation,0.14529969426436923,-0.25128073376551385,0,0.46863116183132364
E02404,evaluation,-1.5398844046769247,-4.2957225712246192,0,0.10453124708058895
E02405,evaluation,0.83070886111456466,1.3937012666749551,0,0.6674891475628596
E02406,evaluation,-0.90071272340472153,-2.7617105361713317,0,0.20087167507307221
E02407,evaluation,0.14598826696955794,-0.24962815927306092,1,0.46883692589454778
E02408,evaluation,0.48113196464123953,0.5547167151389748,1,0.56889847147751038
E02409,evaluation,-0.5322581160943165,-1.8774194786263596,0,0.28116104289257632
E02410,evaluation,-1.1480860761946967,-3.3554065828672721,0,0.15739983052199047
E02411,evaluation,-0.80880914856866759,-2.5411419565648021,0,0.21915952568964739
E02412,evaluation,1.2164136702180992,2.3193928085234381,1,0.76127754553819615
E02413,evaluation,-1.1587590277395523,-3.3810216665749255,0,0.15570867238949659
E02414,evaluation,-1.3512733447176986,-3.8430560273224765,0,0.12769126982207266
E02415,evaluation,-0.024577163144941305,-0.65898519154785906,0,0.41836408754185045
E02416,evaluation,0.39068216480552403,0.33763719553325766,1,0.54210469923331783
E02417,evaluation,0.86797747584520912,1.4831459420285018,1,0.67733972588310509
E02418,evaluation,0.1496557734917362,-0.24082614361983312,0,0.46993305243219546
E02419,evaluation,-0.73588020388805497,-2.3661124893313317,0,0.23450312035084042
E02420,evaluation,2.2970093797895399,4.9128225114948956,1,0.9210290311987801
E02421,evaluation,0.029069055115485125,-0.53023426772283566,0,0.43410622201115162
E02422,evaluation,-0.39866339274335394,-1.5567921425840494,1,0.31466567232785236
E02423,evaluation,-0.16315068124919715,-0.99156163499807315,0,0.37853270343942569
E02424,evaluation,-0.88345379432910121,-2.7202891063898429,0,0.20421680960687238
E02425,evaluation,1.2322202975768386,2.3573287141844124,1,0.76470756663606576
E02426,evaluation,0.31752834276901276,0.16206802264563058,1,0.52024742446514283
E02427,evaluation,-0.33865801906990706,-1.4127792457677768,1,0.33039709178272963
E02428,evaluation,-0.64168264680475506,-2.1400383523314122,1,0.25539943741315635
E02429,evaluation,0.92031693466433251,1.6087606431943979,1,0.69091069382542569
E02430,evaluation,1.0209152989175403,1.8501967174020963,1,0.71607979150137335
E02431,evaluation,-0.60835464869215328,-2.0600511568611677,0,0.26307914528433923
E02432,evaluation,-0.56596859922841225,-1.9583246381481891,0,0.2730580294822445
E02433,evaluation,0.34599343185170223,0.23038423644408534,1,0.52876622779432847
E02434,evaluation,0.13311850481782744,-0.28051558843721414,0,0.46499292163437494
E02435,evaluation,0.094052963371619877,-0.37427288790811231,0,0.45335194438502352
E02436,evaluation,-0.036989819298297498,-0.68877556631591397,1,0.41474402737276322
E02437,evaluation,0.26798224023385986,0.043157376561263616,0,0.50539446274874156
E02438,evaluation,0.3406015999362666,0.21744383984703985,1,0.52715373778558006
E02439,evaluation,-1.1928477500364485,-3.4628346000874766,0,0.15040638129966227
E02440,evaluation,0.88009112806169632,1.5122187073480711,0,0.68050843700129227
E02441,evaluation,1.4801605172903012,2.9523852414967227,1,0.81399680966330124
E02442,evaluation,0.27961262550166921,0.071070301204006148,1,0.5088828529372339
E02443,evaluation,-0.17847101508554541,-1.028330436205309,0,0.3742176099126916
E02444,evaluation,1.0004311227688807,1.8010346946453133,0,0.71105580605510599
E02445,evaluation,0.24270560629500582,-0.017506544891985998,0,0.49781169586076546
E02446,evaluation,0.84607603147032728,1.4305824755287855,0,0.67156927399651933
E02447,evaluation,1.3623738157234577,2.6696971577362985,1,0.79164151563995122
E02448,evaluation,-0.059720337290774306,-0.74332880949785829,0,0.4081389040059285
E02449,evaluation,-0.73642587263770642,-2.3674220943304953,1,0.23438559626842939
E02450,evaluation,-0.99184453209322065,-2.9804268770237297,0,0.18388969362854671
E02451,evaluation,-0.30767818790904961,-1.338427650981719,0,0.33867290076721124
E02452,evaluation,0.41079696056359055,0.38591270535261735,0,0.54808997290262196
E02453,evaluation,1.0443376674310652,1.906410401834556,0,0.72175931275739569
E02454,evaluation,-0.27459850071772252,-1.2590364017225339,0,0.3476197923239211
E02455,evaluation,1.2284477910704912,2.3482746985691785,1,0.76389204668319044
E02456,evaluation,1.1399770882620262,2.1359450118288628,1,0.74421115133939653
E02457,evaluation,0.82051817655885462,1.3692436237412511,0,0.66476945604565196
E02458,evaluation,0.3395002263868051,0.21480054332833221,1,0.52682428843045226
E02459,evaluation,0.98765562761740144,1.7703735062817634,0,0.70789588960730143
E02460,evaluation,1.1072482013294691,2.0573956831907259,1,0.73666336739601712
E02461,evaluation,0.10282859993269429,-0.35321136016153371,0,0.45596297849231765
E02462,evaluation,1.5482919921760174,3.1159007812224417,1,0.82605905062381035
E02463,evaluation,0.11760535935248217,-0.31774713755404277,0,0.46036494117395793
E02464,evaluation,0.13955045177252914,-0.26507891574593007,0,0.4669135563478703
E02465,evaluation,-2.2080639429329598,-5.8993534630391027,0,0.049751792353255657
E02466,evaluation,2.8039510721959897,6.1294825732703755,1,0.95541470033467346
E02467,evaluation,-1.3552757063998704,-3.8526616953596888,0,0.12715725626214308
E02468,evaluation,-0.55735163522565367,-1.9376439245415686,0,0.27511537237804295
E02469,evaluation,-0.57217875347179281,-1.9732290083323027,0,0.27158129485709137
E02470,evaluation,0.31537736145412604,0.15690566748990253,1,0.51960315493234466
E02471,evaluation,-0.26844880712329633,-1.2442771370959111,1,0.34929522378522748
E02472,evaluation,0.68417224131187326,1.042013379148496,0,0.62738313385838251
E02473,evaluation,-0.19032824490795899,-1.0567877877791014,1,0.37089156462242617
E02474,evaluation,0.079357477855744957,-0.40954205314621206,0,0.44898537748599793
E02475,evaluation,-1.314628431209047,-3.7551082349017131,0,0.13267006533827577
E02476,evaluation,0.56569600619976401,0.75767041487943365,1,0.59359213844219694
E02477,evaluation,-0.57822941745042866,-1.9877506018810287,1,0.27014731305781109
E02478,evaluation,-0.29266315345954497,-1.3023915683029079,0,0.34272012071604258
E02479,evaluation,-0.37391308212046787,-1.4973913970891228,1,0.32110556797590056
E02480,evaluation,-0.3944815190611079,-1.5467556457466589,0,0.3157488687135786
E02481,evaluation,-0.12730598956563421,-0.90553437495752209,1,0.38870304422143609
E02482,evaluation,0.52655525529764635,0.66373261271435113,1,0.58221340851608527
E02483,evaluation,-1.2505270502139862,-3.6012649205135672,0,0.14177409336844154
E02484,evaluation,-0.5430659660476399,-1.9033583185143357,0,0.27854725489997711
E02485,evaluation,-1.6225656580760506,-4.494157579382521,0,0.095601740523501358
E02486,evaluation,-0.65726524625982596,-2.1774365910235822,1,0.25185970853196354
E02487,evaluation,-0.54538870348626989,-1.9089328883670476,1,0.27798747168535154
E02488,evaluation,-0.4607541365677213,-1.7058099277625312,0,0.29882383032878623
E02489,evaluation,0.20316726476255012,-0.11239856456987973,0,0.48595387612637592
E02490,evaluation,0.60005938103927392,0.84014251449425748,0,0.60350030097237073
E02491,evaluation,1.9597196640768251,4.1033271937843807,1,0.88611560803108158
E02492,evaluation,-1.5738259806773016,-4.3771823536255239,0,0.10077969376763765
E02493,evaluation,-0.80659351625194742,-2.5358244390046738,1,0.21961485515223239
E02494,evaluation,0.72164410104264942,1.1319458425023585,1,0.63783342944906884
E02495,evaluation,-0.81587130601184354,-2.5580911344284245,0,0.21771273294953819
E02496,evaluation,-0.19716827820972446,-1.0732038677033386,0,0.36897841251260322
E02497,evaluation,0.24069704971217226,-0.022327080690786594,1,0.49720914389770959
E02498,evaluation,0.3931155282773906,0.3434772678657374,1,0.54282944199803274
E02499,evaluation,-0.32778721985487813,-1.3866893276517076,1,0.33328944960765766
E02500,evaluation,-0.42529916502840875,-1.6207179960681808,1,0.30781400066971432
E02501,evaluation,-0.49500574826413013,-1.7880137958339124,0,0.29028363699085502
E02502,evaluation,0.64541882743807966,0.94900518585139115,0,0.61644890457956736
E02503,evaluation,0.50731375649830968,0.61755301559594311,0,0.57658659250600974
E02504,evaluation,-1.9700087514345741,-5.3280210034429771,0,0.065130712875773766
E02505,evaluation,-0.86230346326454665,-2.6695283118349118,0,0.20837240986561537
E02506,evaluation,0.53237421706082932,0.67769812094599036,1,0.58391091890157731
E02507,evaluation,-0.2785922247020336,-1.2686213392848806,0,0.34653375013940801
E02508,evaluation,-0.81492510233365101,-2.5558202456007622,0,0.21790617689675926
E02509,evaluation,0.16086261133297811,-0.21392973280085253,0,0.47328425085887554
E02510,evaluation,0.35790620883433533,0.25897490120240474,0,0.53232670677692284
E02511,evaluation,-1.3864123856039701,-3.9273897254495282,0,0.12306773466741898
E02512,evaluation,-0.5412979505471327,-1.8991150813131186,1,0.27897381283023232
E02513,evaluation,0.46196137118148645,0.50870729083556754,0,0.56324778972321854
E02514,evaluation,-0.48720393399160195,-1.7692894415798448,0,0.29221620409099036
E02515,evaluation,0.38580078615621161,0.32592188677490785,1,0.54065031557857413
E02516,evaluation,-0.81130569074816061,-2.5471336577955852,1,0.21864728124728658
E02517,evaluation,-0.20128229433977307,-1.0830775064154552,1,0.36782970170867568
E02518,evaluation,-0.30156917806819872,-1.3237660273636769,0,0.34031674558289987
E02519,evaluation,0.075338170760945122,-0.41918839017373166,0,0.44779243345265779
E02520,evaluation,0.47656428682666196,0.54375428838398865,1,0.56755368296081488
E02521,evaluation,0.98831345221507416,1.771952285316178,1,0.70805909222658114
E02522,evaluation,-0.44298320775185801,-1.663159698604459,1,0.30331112301240237
E02523,evaluation,1.158688110199678,2.1808514644792272,1,0.74846188128609148
E02524,evaluation,-0.11404820434666434,-0.87371569043199437,1,0.39248993599695503
E02525,evaluation,0.28020820701303589,0.072499696831286098,0,0.50906146985579592
E02526,evaluation,0.12363893067596228,-0.30326656637769051,0,0.46216414698882125
E02527,evaluation,-0.72883435388230822,-2.3492024493175396,0,0.23602429853808815
E02528,evaluation,0.99596775813756011,1.7903226195301443,1,0.70995413624695691
E02529,evaluation,0.2649156011034261,0.035797442648222599,0,0.50447456087423015
E02530,evaluation,-1.507754984391386,-4.2186119625393257,0,0.10819561395255518
E02531,evaluation,2.4825389981291934,5.3580935955100646,1,0.93577886299632085
E02532,evaluation,0.9173998902601429,1.6017597366243428,1,0.69016266202419441
E02533,evaluation,1.144374500898431,2.1464988021562341,0,0.7452143707701373
E02534,evaluation,-0.69446307393918683,-2.2667113774540484,1,0.24354235222354265
E02535,evaluation,0.024090049508653656,-0.54218388117923122,0,0.43263904487611299
E02536,evaluation,1.3135085329926282,2.5524204791823073,1,0.7818039848643008
E02537,evaluation,-2.3029637339156537,-6.1271129613975681,0,0.044635796618954282
E02538,evaluation,0.60478865749492328,0.85149277798781575,0,0.60485748930049665
E02539,evaluation,1.2901091973892065,2.4962620737340955,1,0.77697616704512629
E02540,evaluation,0.43922033283294348,0.45412879879906443,1,0.55652345412154214
E02541,evaluation,-1.0900218210924384,-3.2160523706218522,1,0.16686283215635342
E02542,evaluation,1.0494644214351216,1.9187146114442917,0,0.72299310857208576
E02543,evaluation,-1.6442572260102359,-4.5462173424245655,1,0.093374712086520428
E02544,evaluation,0.51443422922594007,0.63464215014225622,1,0.57867123923779118
E02545,evaluation,1.2362700680655276,2.367048163357266,0,0.76558085129796705
E02546,evaluation,-1.0851199273905887,-3.204287825737413,0,0.1676821867271463
E02547,evaluation,0.66153809469985547,0.9876914272796532,1,0.62101196482216781
E02548,evaluation,0.59689191819268472,0.83254060366244331,1,0.60259042228898951
E02549,evaluation,-0.24766846409287838,-1.1944043138229081,1,0.35498405672535288
E02550,evaluation,-0.015917669284242011,-0.63820240628218083,0,0.420894807136655
E02551,evaluation,-0.753772026864726,-2.4090528644753424,1,0.23067096827403097
E02552,evaluation,1.0090544676420106,1.821730722340825,1,0.71317720976922561
E02553,evaluation,0.34263929184711384,0.22233430043307323,1,0.52776320165791268
E02554,evaluation,-3.0753820261377336,-7.9809168627305596,0,0.018155517273916004
E02555,evaluation,0.41531262547498976,0.39675030113997545,0,0.54943178767086154
E02556,evaluation,1.0715673249248643,1.9717615798196739,1,0.72827353387376004
E02557,evaluation,-0.017330861921141489,-0.64159406861073953,0,0.42048151677371842
E02558,evaluation,1.9257889616690402,4.0218935080056966,1,0.88194163442538531
E02559,evaluation,0.18516225288581087,-0.15561059307405389,0,0.48055848257779482
E02560,evaluation,-0.13765138459108617,-0.9303633230186068,0,0.3857573118880866
E02561,evaluation,0.81223832239025939,1.3493719737366225,1,0.66255163465074118
E02562,evaluation,-1.9229899060611912,-5.2151757745468581,0,0.068651670504925905
E02563,evaluation,0.087836625864640264,-0.38919209792486331,0,0.45150392717523818
E02564,evaluation,-1.3272624246919813,-3.7854298192607549,0,0.13093522696790835
E02565,evaluation,0.63248434457244174,0.9179624269738601,0,0.61277246385105588
E02566,evaluation,-0.62117031323603589,-2.090808751766486,1,0.26010856279406502
E02567,evaluation,0.80756147626842778,1.3381475430442267,0,0.66129573013711096
E02568,evaluation,-0.20917146472225925,-1.1020115153334222,0,0.36563109701858604
E02569,evaluation,-1.9184361078073531,-5.204246658737647,0,0.06900189143285658
E02570,evaluation,0.014678708987661453,-0.56477109842961248,0,0.42986902417984074
E02571,evaluation,0.46730023140319038,0.52152055536765685,1,0.56482317570493634
E02572,evaluation,1.4158794777325854,2.7981107465582049,1,0.80203394777461112
E02573,evaluation,-0.56858396324822069,-1.9646015117957294,0,0.27243550201646927
E02574,evaluation,-0.27068750249921414,-1.2496500059981139,0,0.34868487675376519
E02575,evaluation,-1.0916662043944951,-3.2199988905467882,1,0.16658869059196701
E02576,evaluation,1.5897264021729858,3.2153433652151655,1,0.83308787918953853
E02577,evaluation,0.5911684891352188,0.8188043739245251,0,0.60094452583765468
E02578,evaluation,-0.11246662693796626,-0.86991990465111901,0,0.39294256480776024
E02579,evaluation,-0.181407061381506,-1.0353769473156142,0,0.37339290452115653
E02580,evaluation,0.45467342967933616,0.49121623123040681,1,0.56109521492037673
E02581,evaluation,-0.81679654857384965,-2.5603117165772389,0,0.21752369421591999
E02582,evaluation,0.43163989915147155,0.43593575796353179,1,0.55427724706189296
E02583,evaluation,-0.8873674452507383,-2.7296818686017721,0,0.20345465001636551
E02584,evaluation,1.7237040373296726,3.5368896895912143,1,0.85426416570769603
E02585,evaluation,-0.36184551810652371,-1.468429243455657,0,0.32427053994227095
E02586,evaluation,0.71924450420214481,1.1261868100851475,1,0.63716799195404727
E02587,evaluation,0.34948732597965215,0.23876958235116519,0,0.52981079910001527
E02588,evaluation,0.7899543841848593,1.2958905220436621,0,0.65654728267455131
E02589,evaluation,-0.95810829974733036,-2.899459919393593,1,0.19004312895923298
E02590,evaluation,0.73829365996011587,1.171904783904278,0,0.64243589849714466
E02591,evaluation,0.043196145242570955,-0.49632925141782969,0,0.43827529871307386
E02592,evaluation,0.28498022800161021,0.083952547203864469,0,0.51049252778629783
E02593,evaluation,-1.2654174867740902,-3.6370019682578163,0,0.13961384021361878
E02594,evaluation,0.95474204624975401,1.6913809109994093,1,0.6996623364939345
E02595,evaluation,-0.95972255040124632,-2.9033341209629913,0,0.1897451363672911
E02596,evaluation,1.3697614350901119,2.6874274442162687,1,0.79309999832139355
E02597,evaluation,0.0078727634068718744,-0.58110536782350752,0,0.42786856628339509
E02598,evaluation,-0.52113134496723146,-1.8507152279213552,0,0.28386750238815561
E02599,evaluation,-0.098902198052785648,-0.83736527532668559,0,0.39683202630644748
E02600,evaluation,-1.002511436380183,-3.0060274473124391,0,0.1819764677387409
E02601,evaluation,0.83151933442620574,1.3956464026228939,1,0.66770497130832251
E02602,evaluation,-0.82940456057575718,-2.5905709453818173,0,0.21495953338367979
E02603,evaluation,-0.60386954304332752,-2.0492869033039858,0,0.26412389986037127
E02604,evaluation,-0.76762780160057476,-2.4423067238413791,0,0.22773354399087847
E02605,evaluation,-0.13516469506320886,-0.92439526815170114,1,0.38646461363197943
E02606,evaluation,0.39659134537300561,0.35181922889521344,1,0.54386434966524022
E02607,evaluation,-0.93434847800994725,-2.8424363472238734,0,0.19447068343073379
E02608,evaluation,-0.16439550094876371,-0.99454920227703281,0,0.37818136108263062
E02609,evaluation,-1.2084680762631295,-3.5003233830315108,0,0.14802680516664515
E02610,evaluation,-0.63570524830038655,-2.1256925959209276,1,0.25676589929761245
E02611,evaluation,-0.45109893196203099,-1.6826374367088741,0,0.30125711938076644
E02612,evaluation,0.078836225682677813,-0.4107930583615732,0,0.44883063464228429
E02613,evaluation,-0.13894745177186349,-0.93347388425247235,1,0.38538885585185684
E02614,evaluation,-1.5102958196699332,-4.224709967207839,0,0.10790176903971606
E02615,evaluation,1.6765961696072968,3.4238308070575125,1,0.84708455585745845
E02616,evaluation,0.16695639154331857,-0.19930466029603544,1,0.47510751380412669
E02617,evaluation,1.065796220081817,1.9579109281963607,0,0.72690090842737798
E02618,evaluation,-0.035183248511639717,-0.68443979642793529,1,0.41527033823108284
E02619,evaluation,0.70306306770225047,1.0873513624854012,1,0.63266705983682026
E02620,evaluation,-2.2675551666992568,-6.0421324000782155,0,0.04648319499837391
E02621,evaluation,-0.17091239198125477,-1.0101897407550113,1,0.37634410448830924
E02622,evaluation,1.1295726877531163,2.110974450607479,1,0.74182720412235814
E02623,evaluation,-0.30761185096033106,-1.3382684423047944,0,0.33869073026381252
E02624,evaluation,-1.0161316915490759,-3.0387160597177822,0,0.17955607222685854
E02625,evaluation,1.0591677183679444,1.9420025240830663,0,0.72531902556223649
E02626,evaluation,0.85705708725443719,1.4569370094106491,1,0.67446910655121017
E02627,evaluation,0.12488608899443931,-0.30027338641334561,0,0.46253617303476868
E02628,evaluation,0.46437313057933671,0.514495513390408,1,0.56395960948600166
E02629,evaluation,-0.13932453054195004,-0.93437887330068015,0,0.38528168161963278
E02630,evaluation,-2.0831306644586385,-5.5995135947007322,0,0.057337319526536021
E02631,evaluation,-0.66306513941312384,-2.191356334591497,0,0.25055055120835679
E02632,evaluation,-2.1673814677209946,-5.8017155225303867,0,0.052111177162733828
E02633,evaluation,1.3700728995607689,2.6881749589458455,0,0.79316132234237435
E02634,evaluation,1.0575317796016495,1.9380762710439585,1,0.72492773628837215
E02635,evaluation,-0.082756864673644806,-0.7986164752167475,1,0.40147855457622056
E02636,evaluation,-1.29177776735748,-3.7002666416579517,0,0.13585724437675831
E02637,evaluation,1.5922400800750303,3.2213761921800725,1,0.8335068976005372
E02638,evaluation,-0.61287154554412993,-2.0708917093059118,1,0.26202967469174981
E02639,evaluation,1.2087371555864264,2.3009691734074229,1,0.75959941755841465
E02640,evaluation,-0.30916150674572401,-1.3419876161897375,0,0.33827434626801128
E02641,evaluation,-0.79161235142279052,-2.499869643414697,0,0.22271142170369679
E02642,evaluation,0.55653764584458032,0.73569035002699279,1,0.59093819431348815
E02643,evaluation,1.1169235457188258,2.0806165097251816,1,0.73890947968861787
E02644,evaluation,0.59924401847608122,0.8381856443425949,0,0.60326614981209614
E02645,evaluation,1.4855535611728201,2.9653285468147681,0,0.8149746662345706
E02646,evaluation,-0.90857531616366116,-2.7805807587927869,0,0.1993614034785384
E02647,evaluation,-0.61495299608325782,-2.0758871905998189,1,0.26154697343530903
E02648,evaluation,0.081079861234751291,-0.40540833303659685,0,0.44949676725247073
E02649,evaluation,0.42183912945472057,0.41241391069132927,1,0.55136984163238389
E02650,evaluation,1.3330872017245372,2.5994092841388889,0,0.78578527058995962
E02651,evaluation,-0.08978859464230983,-0.81549262714154358,1,0.39945263579136542
E02652,evaluation,0.3646504786725478,0.27516114881411469,1,0.53434099230483223
E02653,evaluation,-0.79605399304707281,-2.5105295833129748,0,0.22179010886546666
E02654,evaluation,1.2858095665123062,2.4859429596295346,1,0.77608081978252119
E02655,evaluation,-0.68249810148263979,-2.2379954435583356,0,0.24619724319322758
E02656,evaluation,0.065477941377901111,-0.44285294069303732,1,0.44486845539741354
E02657,evaluation,-0.61638000975131313,-2.0793120234031512,0,0.26121637214307158
E02658,evaluation,0.98700360030290135,1.768808640726963,1,0.70773407239233965
E02659,evaluation,-0.0035044497889086001,-0.60841067949338057,0,0.42452977617827437
E02660,evaluation,-0.7941152286454769,-2.5058765487491446,1,0.22219192391611764
E02661,evaluation,-0.52852378099235831,-1.8684570743816598,0,0.28206762399372587
E02662,evaluation,-0.0043709944433662808,-0.61049038666407907,1,0.42427575549078667
E02663,evaluation,0.34681711963795403,0.23236108713108972,1,0.52901250918968656
E02664,evaluation,-1.188950543279685,-3.4534813038712437,1,0.1510049610555978
E02665,evaluation,0.16428593187392626,-0.20571376350257697,1,0.47430842598489709
E02666,evaluation,0.21493986540182744,-0.084144323035614144,0,0.48948351081546121
E02667,evaluation,-0.99139454490832046,-2.979346907779969,0,0.18397074526187279
E02668,evaluation,0.59065024260811105,0.8175605822594666,1,0.60079537951384654
E02669,evaluation,-1.1773360977609442,-3.4256066346262659,0,0.15280046605963987
E02670,evaluation,-0.35645883605909401,-1.4555012065418256,1,0.32568853600704945
E02671,evaluation,-1.6450453886834622,-4.548108932840309,0,0.093294675752090162
E02672,evaluation,-1.4565639837345727,-4.095753560962974,0,0.11426709666588923
E02673,evaluation,-0.97460258508781927,-2.9390462042107663,0,0.18701511092053702
E02674,evaluation,0.63237357587315013,0.91769658209556038,1,0.61274092322673535
E02675,evaluation,-0.74640519478824896,-2.3913724674917973,0,0.2322435002883928
E02676,evaluation,-0.11014810094498285,-0.8643554422679588,0,0.39360643194505057
E02677,evaluation,-0.74403101062052346,-2.3856744254892561,1,0.23275188660417301
E02678,evaluation,0.33424986850096716,0.20219968440232117,0,0.52525345420928016
E02679,evaluation,-0.0012389853540755451,-0.60297356484978126,0,0.42519406715666874
E02680,evaluation,-0.083562791073083717,-0.80055069857540095,0,0.40124618606039975
E02681,evaluation,2.0187718353913038,4.2450524049391296,1,0.89307340457247841
E02682,evaluation,-1.5422849218906498,-4.3014838125375592,1,0.10426191513180985
E02683,evaluation,1.1469210495633768,2.1526105189521041,1,0.74579415143211281
E02684,evaluation,1.5010809882630134,3.0025943718312318,1,0.81776786717549355
E02685,evaluation,0.50669373635138715,0.61606496724332904,1,0.57640494019773392
E02686,evaluation,1.4336070561246372,2.8406569346991293,1,0.80538990456176984
E02687,evaluation,0.85211233906433859,1.4450696137544123,1,0.67316495441303947
E02688,evaluation,0.49091107778039828,0.57818658667295575,1,0.57177414165184559
E02689,evaluation,0.5788396790553455,0.78921522973282909,0,0.59739139495708582
E02690,evaluation,-0.44798986572542093,-1.6751756777410103,0,0.30204305608987053
E02691,evaluation,1.247178284516129,2.3932278828387092,1,0.76792187488885
E02692,evaluation,-0.041774540376546487,-0.70025889690371157,0,0.41335103052231609
E02693,evaluation,0.16557510705041481,-0.20261974307900443,0,0.47469417267758174
E02694,evaluation,0.25425933315639332,0.010222399575343988,1,0.50127779716511611
E02695,evaluation,0.54907124509588678,0.7177709882301283,0,0.58877061686408527
E02696,evaluation,-1.4737832765895147,-4.1370798638148347,0,0.11219238668610941
E02697,evaluation,1.3099024676590556,2.5437659223817333,1,0.78106490941834106
E02698,evaluation,1.4023755883486511,2.7657014120367625,1,0.79944844592021447
E02699,evaluation,-0.73690147303047415,-2.3685635352731378,0,0.23428319658282665
E02700,evaluation,1.3627389915081372,2.6705735796195289,1,0.7917137872054083
E02701,evaluation,-0.25588017185191625,-1.214112412444599,0,0.35273100917091638
E02702,evaluation,1.127191678662723,2.1052600287905348,1,0.74127961423706135
E02703,evaluation,0.59788975990719995,0.83493542377727981,1,0.60287713705316082
E02704,evaluation,1.3219606772453172,2.5727056253887612,1,0.78352922515226608
E02705,evaluation,1.2579140978345122,2.418993834802829,1,0.77020992227300422
E02706,evaluation,0.42278090883498215,0.41467418120395705,1,0.55164937691889226
E02707,evaluation,0.25672129559509482,0.016131109428227597,1,0.50201637774755947
E02708,evaluation,0.25206732608236149,0.0049615825976675465,0,0.50062019750663367
E02709,evaluation,-0.39787962770727753,-1.5549111064974661,0,0.3148685315057565
E02710,evaluation,-0.13578538240783963,-0.9258849177788151,0,0.38628802337327345
E02711,evaluation,0.32006503280413107,0.16815607872991456,0,0.52100713614093574
E02712,evaluation,0.037921101159432487,-0.50898935721736205,1,0.4367175164612474
E02713,evaluation,-0.01882909336601666,-0.64518982407843994,0,0.4200434784032126
E02714,evaluation,0.84949670266357535,1.4387920863925805,0,0.67247400780021371
E02715,evaluation,-0.70301375021572421,-2.2872330005177379,1,0.24165698611686173
E02716,evaluation,-1.8533172901175428,-5.0479614962821024,0,0.074194046498956015
E02717,evaluation,-0.8661565151436893,-2.6787756363448545,0,0.20761074966352208
E02718,evaluation,0.26907484938330523,0.045779638519932497,0,0.50572220497434273
E02719,evaluation,-0.69509356899210384,-2.2682245655810491,0,0.24340299234376314
E02720,evaluation,0.12911075904712785,-0.29013417828689314,0,0.46379669537417534
E02721,evaluation,0.33045643123262836,0.19309543495830805,0,0.52411819754173883
E02722,evaluation,-0.53935590006231116,-1.8944541601495466,0,0.27944282034449075
E02723,evaluation,-0.39400125260833929,-1.5456030062600141,0,0.31587339669036241
E02724,evaluation,0.71015277859716663,1.1043666686332001,0,0.63464199275254785
E02725,evaluation,-0.75980122384816851,-2.4235229372356044,0,0.22938952778079771
E02726,evaluation,1.5804750415108766,3.1931400996261035,1,0.83153845621398348
E02727,evaluation,0.8864605323391076,1.5275052776138582,1,0.68216791723759396
E02728,evaluation,-0.76806175266235233,-2.4433482063896457,0,0.2276419736992078
E02729,evaluation,0.29969312168895462,0.11926349205349107,1,0.51490352042665677
E02730,evaluation,2.3984092743201848,5.1561822583684433,1,0.92943818250047427
E02731,evaluation,0.081132194836085011,-0.40528273239339596,1,0.44951230720512692
E02732,evaluation,-2.0520074343350312,-5.5248178424040741,0,0.05938965464221483
E02733,evaluation,-1.249691830913001,-3.5992603941912025,0,0.1418960867264574
E02734,evaluation,1.7422967678837449,3.5815122429209878,1,0.85701995420200006
E02735,evaluation,0.081389211228315855,-0.40466589305204193,0,0.4495886271466617
E02736,evaluation,0.55397809916710816,0.72954743800105948,0,0.59019552364606587
E02737,evaluation,-0.25742930409363612,-1.2178303298247266,0,0.35230670316699536
E02738,evaluation,0.82900504376836281,1.3896121050440708,0,0.66703520290354623
E02739,evaluation,0.14910899936161828,-0.24213840153211613,1,0.46976961657782801
E02740,evaluation,0.91091954334152492,1.5862069040196598,1,0.6884973131564015
E02741,evaluation,-0.66300577202222644,-2.1912138528533434,0,0.25056392869831401
E02742,evaluation,-0.31232405436499538,-1.3495777304759888,0,0.3374253645001552
E02743,evaluation,-0.19703458709981672,-1.07288300903956,0,0.36901576659545221
E02744,evaluation,1.4965751549970772,2.9917803719929852,1,0.81696071181215046
E02745,evaluation,1.9729661433542718,4.1351187440502528,1,0.88770990724999932
E02746,evaluation,0.33035254456246715,0.19284610694992121,1,0.52408710396272962
E02747,evaluation,-2.0573963455592774,-5.5377512293422653,0,0.059029436448055785
E02748,evaluation,-0.71900156907745971,-2.3256037657859032,0,0.23815854127873104
E02749,evaluation,0.67324257290709777,1.0157821749770348,1,0.62431196617118878
E02750,evaluation,1.0232221913606026,1.8557332592654459,0,0.71664227053015139
E02751,evaluation,1.0177452011242498,1.8425884826981993,1,0.71530574288543525
E02752,evaluation,1.1582066628744063,2.1796959908985749,1,0.7483530970783705
E02753,evaluation,-0.66911425844853534,-2.2058742202764847,0,0.24918997304241158
E02754,evaluation,0.14404579506083098,-0.25429009185400564,0,0.46825649043566475
E02755,evaluation,-0.80709383851841965,-2.537025212444207,0,0.21951197569402545
E02756,evaluation,0.43574858202589473,0.44579659686214723,1,0.55549499846331796
E02757,evaluation,-2.5314956353987852,-6.6755895249570836,0,0.034297122025353996
E02758,evaluation,-0.95176969591628968,-2.8842472701990953,0,0.19121670690073536
E02759,evaluation,0.92750582812973115,1.6260139875113544,0,0.69274990601906483
E02760,evaluation,0.56626968126758359,0.75904723504220051,0,0.59375820013656033
E02761,evaluation,-3.2909239227075893,-8.4982174144982139,0,0.014075990921323982
E02762,evaluation,-0.13707775147884488,-0.92898660354922769,0,0.38592043059039571
E02763,evaluation,0.43062182769629637,0.43349238647111121,0,0.55397540475788865
E02764,evaluation,-1.4076328665572135,-3.9783188797373126,0,0.12034581804161723
E02765,evaluation,-0.95915930007177153,-2.9019823201722517,0,0.18984907238309801
E02766,evaluation,-0.92102009257208661,-2.810448222173008,0,0.19698843240058594
E02767,evaluation,0.3563339943451504,0.25520158642836099,0,0.53185698550857097
E02768,evaluation,-0.49984238184877283,-1.7996217164370547,0,0.28908936762000215
E02769,evaluation,0.79340713183817346,1.304177116411616,1,0.6574809600329039
E02770,evaluation,-0.20352511612092861,-1.0884602786902287,0,0.36720409388546382
E02771,evaluation,-0.97315756169300338,-2.9355781480632079,0,0.18727889644194429
E02772,evaluation,-0.29753485164929816,-1.3140836439583157,1,0.34140443793571329
E02773,evaluation,0.32966709416343237,0.19120102599223765,0,0.52388194201838145
E02774,evaluation,-0.79740058484013232,-2.5137614036163174,1,0.22151132936414197
E02775,evaluation,-0.19066356365501216,-1.0575925527720291,0,0.37079768118595235
E02776,evaluation,0.35443160262631246,0.25063584630314995,0,0.53128854371034728
E02777,evaluation,-0.33356495500266325,-1.4005558920063916,0,0.33175060650586119
E02778,evaluation,-0.43141142361603285,-1.635387416678479,0,0.30625344078645894
E02779,evaluation,-1.7075317341054299,-4.6980761618530309,0,0.087142261265385226
E02780,evaluation,2.9312007941547917,6.4348819059715003,1,0.96148536159365772
E02781,evaluation,-0.3005449952771852,-1.3213079886652443,1,0.3405927160987508
E02782,evaluation,-0.6686330407388098,-2.2047192977731433,1,0.24929802841560084
E02783,evaluation,0.17153891696877765,-0.18830659927493359,0,0.47647904832089877
E02784,evaluation,0.76617005652913783,1.2388081356699305,1,0.65008300097656468
E02785,evaluation,-0.40375292969443255,-1.5690070312666382,1,0.31335008793066249
E02786,evaluation,-0.7143924942556511,-2.3145419862135626,1,0.23916351352515985
E02787,evaluation,2.2097538397599354,4.7034092154238456,1,0.91306962351874477
E02788,evaluation,1.6696465931981981,3.4071518236756755,1,0.84600119270002305
E02789,evaluation,1.2155466096371734,2.3173118631292162,1,0.76108840482582663
E02790,evaluation,-0.6440024196385592,-2.1456058071325419,1,0.25487041495488688
E02791,evaluation,-0.030158109983505928,-0.67237946396041415,1,0.41673533260521384
E02792,evaluation,-0.72281776817911092,-2.3347626436298663,0,0.23732864879251658
E02793,evaluation,-0.23262019113428559,-1.1582884587222853,0,0.35912953024037708
E02794,evaluation,0.56703414598982038,0.76088195037556894,1,0.59397945638311866
E02795,evaluation,-1.2147597592845323,-3.5154234222828773,0,0.14707716351519776
E02796,evaluation,-0.97540124338912026,-2.9409629841338885,0,0.1868694405773367
E02797,evaluation,-0.61206968946256557,-2.0689672547101572,0,0.26221578330499684
E02798,evaluation,-2.0313588987098004,-5.4752613569035207,0,0.060789036031704526
E02799,evaluation,-1.7030884477597763,-4.6874122746234628,0,0.087567344057937591
E02800,evaluation,0.57076239916901883,0.76982975800564513,1,0.59505796293753432
E02801,evaluation,1.5783599413608396,3.1880638592660149,1,0.83118261137632088
E02802,evaluation,-0.18944178312148874,-1.0546602794915729,0,0.37113980552312442
E02803,evaluation,-0.22892210385771208,-1.1494130492585088,1,0.36015152965659591
E02804,evaluation,-0.022246614500803456,-0.65339187480192829,0,0.41904476898414023
E02805,evaluation,-0.55424053474150325,-1.9301772833796078,0,0.27586052168096875
E02806,evaluation,-1.0973226500054678,-3.2335743600131228,1,0.16564843406370203
E02807,evaluation,-1.1999450656877941,-3.479868157650706,0,0.14932130793854953
E02808,evaluation,0.49144354743063595,0.57946451383352626,1,0.57193058372859662
E02809,evaluation,-0.83278779442580941,-2.5986907066219427,0,0.21427521353935156
E02810,evaluation,0.31041335756163208,0.14499205814791694,0,0.51811607361496903
E02811,evaluation,1.1505705437562004,2.1613693050148806,0,0.74662352560153789
E02812,evaluation,-0.35272797319609239,-1.4465471356706217,0,0.32667252870623253
E02813,evaluation,-0.97194313849520753,-2.932663532388498,0,0.18750080781918213
E02814,evaluation,2.1970449986891074,4.6729079968538576,1,0.91185147932732347
E02815,evaluation,1.0540134133266257,1.9296321919839015,0,0.72408503085741105
E02816,evaluation,0.095113200680590149,-0.3717283183665836,1,0.45366726570543503
E02817,evaluation,-0.30100243307283903,-1.3224058393748135,0,0.34046944411750157
E02818,evaluation,2.3643504885057509,5.0744411724138025,1,0.92671027715019727
E02819,evaluation,2.1381036151078989,4.5314486762589574,1,0.90599828089576873
E02820,evaluation,0.77942949203475198,1.2706307808834048,1,0.65369373189205959
E02821,evaluation,2.2651090086045484,4.8362616206509168,1,0.91819946087664317
E02822,evaluation,1.5808600731191165,3.1940641754858792,1,0.83160316961356917
E02823,evaluation,-0.014337924329277597,-0.63441101839026626,1,0.42135693723120271
E02824,evaluation,-0.62984188916804851,-2.1116205340033165,0,0.25811093189316131
E02825,evaluation,2.2426565231548334,4.7823756555716006,1,0.91615285834577553
E02826,evaluation,0.20016149887261644,-0.11961240270572054,0,0.48505290460435097
E02827,evaluation,0.46834545358706631,0.52402908860895903,0,0.5651314467718741
E02828,evaluation,0.99587509159048004,1.7901002198171518,1,0.70993123752013021
E02829,evaluation,1.3479199386457541,2.6350078527498098,0,0.7887661251585012
E02830,evaluation,-0.74471492729190425,-2.3873158255005702,0,0.23260535941873323
E02831,evaluation,-0.14933724683867519,-0.95840939241282042,1,0.38243994221866778
E02832,evaluation,-1.9846975277972823,-5.3632740667134771,0,0.06406564777642873
E02833,evaluation,0.45340294425284511,0.48816706620682815,1,0.56071972508550794
E02834,evaluation,-1.6936441973064946,-4.6647460735355866,0,0.088477093466625634
E02835,evaluation,-0.88195173898433599,-2.7166841735624065,0,0.2045098887498055
E02836,evaluation,-0.8137977465131826,-2.5531145916316382,0,0.21813681781433211
E02837,evaluation,-0.054667117272535405,-0.73120108145408491,1,0.40960451223311523
E02838,evaluation,0.11862584994260865,-0.31529796013773925,0,0.46066917932687618
E02839,evaluation,1.0547732235449798,1.9314557365079512,1,0.72426715287562471
E02840,evaluation,-1.4510307989193503,-4.0824739174064408,0,0.11494083698010799
E02841,evaluation,0.83941774196935615,1.4146025807264544,1,0.66980456964337409
E02842,evaluation,-1.0077880486176951,-3.0186913166824683,0,0.18103578679721433
E02843,evaluation,1.4892501516362426,2.9742003639269821,0,0.81564262677360022
E02844,evaluation,-1.3097280917396177,-3.7433474201750823,0,0.1333481790866827
E02845,evaluation,0.42785197981091289,0.42684475154619095,1,0.5531539872073129
E02846,evaluation,1.0982572542946403,2.0358174103071365,1,0.73456504045742577
E02847,evaluation,-0.59856537536463761,-2.0365569008751301,0,0.26536287314026896
E02848,evaluation,-1.4728948900088918,-4.1349477360213402,0,0.11229861616059676
E02849,evaluation,-0.043567335771859464,-0.70456160585246264,1,0.41282944179949371
E02850,evaluation,0.16322575085376775,-0.2082581979509574,0,0.47399122182538778
E02851,evaluation,0.47504392829462139,0.54010542790709126,1,0.56710584611842585
E02852,evaluation,0.60207526723703808,0.84498064136889128,1,0.60407900789342561
E02853,evaluation,-0.30333896923302522,-1.3280135261592605,1,0.33984012298570654
E02854,evaluation,0.70544282302549033,1.0930627752611768,1,0.63333047264404174
E02855,evaluation,-2.7730952781609157,-7.2554286675861972,0,0.025888817374676288
E02856,evaluation,-0.11823835542306164,-0.88377205301534789,0,0.39129165876382532
E02857,evaluation,0.51516544057161673,0.63639705737188013,1,0.57888515715671551
E02858,evaluation,-0.71294808140525767,-2.3110753953726184,0,0.23947905403937703
E02859,evaluation,-0.18124734752225197,-1.0349936340534047,0,0.37343774763442794
E02860,evaluation,-0.48656641114445925,-1.7677593867467021,0,0.29237445671864482
E02861,evaluation,0.50677713369535859,0.61626512086886065,0,0.57642937499416791
E02862,evaluation,0.50466393496740669,0.61119344392177599,0,0.57581010865807636
E02863,evaluation,-0.86480739757357061,-2.6755377541765695,0,0.20787720534694401
E02864,evaluation,-1.1324285218704446,-3.3178284524890671,0,0.15990780300058557
E02865,evaluation,1.2579214928187679,2.4190115827650427,1,0.77021149284496415
E02866,evaluation,-0.90424718727287234,-2.7701932494548935,0,0.20019170668409456
E02867,evaluation,-0.35423611358612822,-1.4501666726067077,0,0.32627458133749282
E02868,evaluation,0.022630195219446411,-0.5456875314733286,1,0.43220908833974714
E02869,evaluation,0.89258580912205732,1.5422059418929375,1,0.6837594401910857
E02870,evaluation,-0.8742029516431411,-2.6980870839435385,0,0.20602678497389657
E02871,evaluation,0.35718255205823984,0.2572381249397756,0,0.53211051116807551
E02872,evaluation,-0.74004388103372531,-2.3761053144809408,0,0.23360739736866601
E02873,evaluation,-0.83456284000214009,-2.6029508160051362,0,0.21391681292506431
E02874,evaluation,-0.82413182270447505,-2.5779163744907398,1,0.21602920064032086
E02875,evaluation,0.93189026238411565,1.6365366297218773,1,0.69386862782693592
E02876,evaluation,0.62945031204281188,0.91068074890274853,1,0.61190820303179505
E02877,evaluation,-0.13241686423767707,-0.91780047417042487,0,0.3872467505970249
E02878,evaluation,-0.16475512366461093,-0.99541229679506626,0,0.3780798836708929
E02879,evaluation,1.9664740830795659,4.1195377993909581,1,0.88693099624387528
E02880,evaluation,-2.0182570850680102,-5.4438170041632237,0,0.061692896567633902
E02881,evaluation,-1.3505715693589222,-3.8413717664614131,1,0.12778510095214257
E02882,evaluation,-1.1332173603716724,-3.3197216648920138,0,0.15978067941646296
E02883,evaluation,0.59322505312333296,0.82374012749599912,0,0.60153620017248144
E02884,evaluation,1.8009682994433931,3.7223239186641428,1,0.86543232638823087
E02885,evaluation,0.9326337874472056,1.6383210898732932,1,0.69405811804872464
E02886,evaluation,0.95446831709790569,1.6907239610349736,1,0.69959330789295771
E02887,evaluation,0.79834987758257314,1.3160397061981755,1,0.65881543574292811
E02888,evaluation,-2.9314993819922339,-7.6355985167813607,0,0.021503547110089734
E02889,evaluation,0.10404520803745705,-0.35029150071010307,1,0.45632515296171722
E02890,evaluation,-1.0597676738696196,-3.143442417287087,0,0.17197115825094902
E02891,evaluation,0.23822979477346645,-0.028248492543680559,0,0.49646899713309983
E02892,evaluation,0.79035147786989512,1.2968435468877484,1,0.65665472484862597
E02893,evaluation,-0.75576024622531868,-2.4138245909407647,0,0.23024784061185483
E02894,evaluation,0.90427883097504747,1.5702691943401139,1,0.68678568071837098
E02895,evaluation,0.56124551380506893,0.74698923313216536,0,0.59230313033686777
E02896,evaluation,0.26544179338828966,0.037060304131895205,0,0.50463240546616073
E02897,evaluation,-1.0909842537652017,-3.2183622090364841,0,0.16670233748607832
E02898,evaluation,1.6006428172443914,3.2415427613865391,1,0.83490148516205187
E02899,evaluation,-1.4263990619776785,-4.0233577487464283,0,0.11798215808433914
E02900,evaluation,0.79366631847758284,1.3047991643461989,1,0.65755099912061554
E02901,evaluation,0.13888451918244119,-0.26667715396214114,1,0.46671465664621775
E02902,evaluation,-0.022924884628359333,-0.65501972310806234,1,0.41884663526707649
E02903,evaluation,0.11506922157777208,-0.32383386821334698,1,0.45960897255086691
E02904,evaluation,1.9467160712574381,4.0721185710178514,0,0.88453139017307558
E02905,evaluation,1.4020408960991733,2.7648981506380155,1,0.79938404447331768
E02906,evaluation,1.7212224611007982,3.5309339066419159,0,0.8538930361952799
E02907,evaluation,0.14455791584663796,-0.25306100196806885,1,0.46840951040521867
E02908,evaluation,-0.49500394992531349,-1.7880094798207522,0,0.29028408158151547
E02909,evaluation,1.3985703974600525,2.756568953904126,0,0.79871533840443698
E02910,evaluation,0.12172134818904881,-0.30786876434628285,0,0.46159221643203174
E02911,evaluation,-0.035748966560125148,-0.68579751974430037,0,0.41510550593028434
E02912,evaluation,-1.0335335136432902,-3.0804804327438964,0,0.17650035710115852
E02913,evaluation,0.1750283244102559,-0.17993202141538583,1,0.47752365535388042
E02914,evaluation,2.7310696302768727,5.9545671126644946,1,0.9515372584509324
E02915,evaluation,-0.93386266617802194,-2.8412703988272527,0,0.19456202367620318
E02916,evaluation,1.3868978065797897,2.7285547357914952,1,0.79645400266612143
E02917,evaluation,-0.74479824793270344,-2.387515795038488,0,0.23258751260401328
E02918,evaluation,-0.83850746581136371,-2.6124179179472731,0,0.21312191391488583
E02919,evaluation,-0.80462079711503243,-2.5310899130760776,0,0.22002083583004339
E02920,evaluation,-0.0090204832769262451,-0.62164915986462299,0,0.42291348103075599
E02921,evaluation,-0.37265356526045113,-1.4943685566250826,0,0.32143514177197946
E02922,evaluation,-0.8931958325441699,-2.7436699981060078,0,0.20232353650509882
E02923,evaluation,0.10527494123964978,-0.34734014102484051,1,0.45669128160507488
E02924,evaluation,0.43483724628074433,0.44360939107378627,0,0.55522494934074929
E02925,evaluation,1.7210517922473065,3.5305243013935352,1,0.85386748322550476
E02926,evaluation,0.517151661392242,0.64116398734138069,1,0.57946608191437998
E02927,evaluation,1.8062383931337651,3.7349721435210363,1,0.86616712695723774
E02928,evaluation,-0.27560381310495125,-1.2614491514518829,0,0.34734626061946855
E02929,evaluation,-1.3808443044060128,-3.9140263305744307,0,0.12379065528854161
E02930,evaluation,0.15622248441793299,-0.22506603739696079,0,0.47189639698793878
E02931,evaluation,-0.3452824480325607,-1.4286778752781455,1,0.32864080342101015
E02932,evaluation,-1.5404103341475655,-4.2969848019541566,0,0.10447218660687517
E02933,evaluation,0.86504605231873721,1.4761105255649691,1,0.6765704494583703
E02934,evaluation,-1.0090432669078679,-3.021703840578883,0,0.18081257292715633
E02935,evaluation,-0.50805697096359237,-1.8193367303126218,0,0.28706770478784821
E02936,evaluation,1.1875614942127637,2.2501475861106326,1,0.75492863968009671
E02937,evaluation,1.2533883212224166,2.4081319709337996,1,0.76924730984673928
E02938,evaluation,1.4444665437059596,2.8667197048943027,1,0.80742427995024968
E02939,evaluation,-0.59114044819540135,-2.0187370756689633,1,0.26710344710589967
E02940,evaluation,-0.86732291238190184,-2.6815749897165646,1,0.2073805851471533
E02941,evaluation,1.1179047293734732,2.0829713504963356,1,0.73913656638596315
E02942,evaluation,0.28725588824613973,0.089414131790735318,1,0.51117490524200404
E02943,evaluation,-0.29069106385899124,-1.297658553261579,0,0.34325340563522549
E02944,evaluation,-2.2678874396905973,-6.0429298552574329,0,0.046465525587148442
E02945,evaluation,0.27643251329073165,0.063438031897755986,1,0.50792908921297275
E02946,evaluation,0.49398926578304664,0.58557423787931195,0,0.57267832846165401
E02947,evaluation,-0.46256069797811733,-1.7101456751474817,1,0.2983697979597329
E02948,evaluation,0.0013814731483611322,-0.5966844644439333,1,0.42596278822576139
E02949,evaluation,0.15970077699284332,-0.21671813521717603,0,0.47293670864305515
E02950,evaluation,0.81145267683698696,1.3474864244087685,1,0.66234081966000002
E02951,evaluation,0.72293097579978549,1.1350343419194853,1,0.63819007815315587
E02952,evaluation,-0.52904314163044175,-1.8697035399130599,0,0.28194143308733621
E02953,evaluation,-0.031497319819197442,-0.6755935675660738,1,0.41634476369875811
E02954,evaluation,-0.36285405270666055,-1.4708497264959852,1,0.32400540925981869
E02955,evaluation,-1.391960816766143,-3.9407059602387431,0,0.12235097833554683
E02956,evaluation,2.2847813089039675,4.8834751413695221,1,0.91995513191549838
E02957,evaluation,1.532272834306855,3.0774548023364519,1,0.82327965064209385
E02958,evaluation,-0.020077749912927566,-0.64818659979102611,1,0.41967850449495653
E02959,evaluation,-0.42189277976208583,-1.6125426714290061,0,0.30868562009142886
E02960,evaluation,-0.2465879980832765,-1.1918111953998636,0,0.35528098616337384
E02961,evaluation,0.28570413529567024,0.085689924709608567,0,0.5107096023456148
E02962,evaluation,1.1556898199794179,2.1736555679506027,1,0.74778390211268408
E02963,evaluation,0.23347735732139427,-0.039654342428653733,1,0.49504336957321166
E02964,evaluation,0.53886993312785436,0.69328783950685036,0,0.58580350231570455
E02965,evaluation,0.65593459147159627,0.97424301953183112,1,0.61942809955565592
E02966,evaluation,-0.2999420865441359,-1.3198610077059261,0,0.34075522306682421
E02967,evaluation,0.043398262542086792,-0.49584416989899166,1,0.4383350107311324
E02968,evaluation,-1.336656429019522,-3.8079754296468526,0,0.12965780910375721
E02969,evaluation,-0.44866641156681808,-1.6767993877603633,0,0.30187193397129064
E02970,evaluation,-0.40227011444080502,-1.5654482746579319,0,0.31373306928290468
E02971,evaluation,2.0596143335984376,4.3430744006362501,0,0.89766426493865059
E02972,evaluation,-1.3612902334397656,-3.8670965602554377,0,0.12635835906202758
E02973,evaluation,-2.1972224013600141,-5.873333763264033,1,0.050370468460680384
E02974,evaluation,0.70071030087619157,1.08170472210286,1,0.63201067635368025
E02975,evaluation,-0.078254739992797168,-0.78781137598271322,0,0.4027774404613727
E02976,evaluation,1.9512092364286071,4.0829021674286574,1,0.88508094404162485
E02977,evaluation,1.9133337863937241,3.9920010873449372,1,0.88037652077823703
E02978,evaluation,-1.1705844327815424,-3.4094026386757017,0,0.15385224272469186
E02979,evaluation,-0.67225231304984068,-2.2134055513196174,1,0.24848610398584531
E02980,evaluation,-0.33139983441456761,-1.3953596025949622,0,0.33232684634100956
E02981,evaluation,1.8902129127342731,3.9365109905622551,1,0.87742361272433256
E02982,evaluation,1.2816032643829156,2.4758478345189974,1,0.77520243529160271
E02983,evaluation,0.075124452935150354,-0.41970131295563917,0,0.44772901797321335
E02984,evaluation,0.42565597651350168,0.42157434363240409,1,0.55250254070982163
E02985,evaluation,0.20788642031134086,-0.10107259125278195,0,0.48736861427172828
E02986,evaluation,1.1246108173624461,2.0990659616698704,1,0.74068520859999387
E02987,evaluation,-1.1404213535272814,-3.3370112484654753,0,0.15862351964128285
E02988,evaluation,0.37785910730091871,0.30686185752220485,0,0.53828266047140205
E02989,evaluation,-0.14530650912031728,-0.94873562188876148,1,0.38358296372540618
E02990,evaluation,-0.5905914340505054,-2.0174194417212128,1,0.26723243637374389
E02991,evaluation,0.212897173905951,-0.089046782625717635,1,0.48887099056068967
E02992,evaluation,1.5224334903855665,3.0538403769253595,1,0.82155525406430618
E02993,evaluation,-1.0475322064857808,-3.114077295565874,0,0.17407199254394323
E02994,evaluation,1.3366425764884113,2.6079421835721872,1,0.78650255266720326
E02995,evaluation,-0.01420492197756862,-0.63409181274616466,0,0.42139585132449642
E02996,evaluation,-0.33209729511425529,-1.3970335082742127,0,0.33214116453139531
E02997,evaluation,0.27221670681254889,0.053320096350117363,1,0.50666461730417489
E02998,evaluation,0.77576775386001606,1.2618426092640385,0,0.6526983358616214
E02999,evaluation,-1.5021018166211972,-4.2050443598908727,0,0.10885192024493134
E03000,evaluation,1.1678069766000307,2.2027367438400738,1,0.75051640946597931
E03001,evaluation,0.46099370846800608,0.50638490032321448,0,0.5629621150699935
E03002,evaluation,0.56214098358743991,0.74913836060985572,1,0.59256259037084158
E03003,evaluation,2.3873881188440289,5.1297314852256699,1,0.92856588248986638
E03004,evaluation,0.066606094371633798,-0.44014537350807886,0,0.4452028113916075
E03005,evaluation,0.60554939859092038,0.85331855661820899,1,0.60507565342778247
E03006,evaluation,-1.4106684121238995,-3.9856041890973586,0,0.11996072975759269
E03007,evaluation,-0.26157056260140032,-1.2277693502433609,0,0.35117356109781278
E03008,evaluation,-0.12647391850130715,-0.90353740440313712,1,0.38894032364002085
E03009,evaluation,0.68845060372345934,1.0522814489363026,1,0.62858254831673066
E03010,evaluation,-0.7545299384627524,-2.4108718523106059,1,0.23050960731721853
E03011,evaluation,0.042118999604414828,-0.49891440094940442,0,0.4379571050833091
E03012,evaluation,-0.15565326479352326,-0.9735678355044558,0,0.38065148655691294
E03013,evaluation,-0.16426030628759009,-0.99422473509021625,0,0.37821951272393023
E03014,evaluation,-0.78072554566838548,-2.473741309604125,0,0.2249811632375979
E03015,evaluation,1.5035017785115881,3.0084042684278112,1,0.81820037342780905
E03016,evaluation,0.83772655350799552,1.4105437284191891,0,0.66935557417805824
E03017,evaluation,0.080198829254745044,-0.40752280978861188,0,0.44923516821801873
E03018,evaluation,0.037736679470681309,-0.50943196927036483,1,0.4366630769754658
E03019,evaluation,0.51835442167317303,0.6440506120156152,1,0.57981775528994095
E03020,evaluation,-1.5337943920088106,-4.2811065408211455,0,0.10521728960965171
E03021,evaluation,0.93037415906589094,1.6328979817581382,1,0.69348203995821889
E03022,evaluation,-0.39924092274438094,-1.5581782145865142,1,0.31451623749145613
E03023,evaluation,2.6824313151949322,5.837835156467837,1,0.94877371660420595
E03024,evaluation,1.5361589631807322,3.0867815116337569,1,0.82395710082759022
E03025,evaluation,0.75317912235024087,1.2076298936405778,1,0.6465286201588899
E03026,evaluation,-2.1861329077608076,-5.8467189786259377,0,0.051010826809738702
E03027,evaluation,-0.42462058950896209,-1.6190894148215089,0,0.30798752427418746
E03028,evaluation,-0.99372783787952279,-2.9849468109108548,0,0.18355077299852018
E03029,evaluation,-0.8813587224396644,-2.7152609338551947,1,0.20462568339252132
E03030,evaluation,0.75369613300672555,1.2088707192161414,1,0.64667038980579805
E03031,evaluation,-0.56415160772351147,-1.9539638585364276,1,0.27349104515738865
E03032,evaluation,-0.12416265719344614,-0.89799037726427078,0,0.38959969549856499
E03033,evaluation,-1.6321957316883009,-4.5172697560519222,0,0.09460723610941825
E03034,evaluation,0.91974258538902831,1.6073822049336677,0,0.69076348957553868
E03035,evaluation,0.43386504606781418,0.44127611056275395,1,0.55493682876027017
E03036,evaluation,0.28503652253597622,0.084087654086342889,0,0.51050940869746553
E03037,evaluation,-1.7045769157695936,-4.6909845978470237,0,0.087424736080895765
E03038,evaluation,0.06489819695291843,-0.44424432731299579,0,0.44469665321717783
E03039,evaluation,0.22672865931204889,-0.055851217651082696,0,0.49301905145607811
E03040,evaluation,1.1981096384778165,2.2754631323467596,0,0.75726290841024935
E03041,evaluation,-0.013908219544594896,-0.63337972690702771,0,0.42148266463194517
E03042,evaluation,-0.43343333851508764,-1.6402400124362102,0,0.305738186496541
E03043,evaluation,0.80320685438875661,1.3276964505330158,1,0.66012430834091407
E03044,evaluation,-0.13989388142288162,-0.93574531541491579,0,0.385119880432299
E03045,evaluation,-1.1151140752989408,-3.276273780717458,0,0.16271873567154696
E03046,evaluation,0.25582400716443282,0.013977617194638747,1,0.50174719503775023
E03047,evaluation,-0.63404907921221687,-2.1217177901093205,0,0.25714535295286711
E03048,evaluation,2.193716961157492,4.6649207067779814,1,0.91152994826956479
E03049,evaluation,1.2584354516446841,2.4202450839472416,1,0.77032063071873469
E03050,evaluation,-0.88049291481559078,-2.713182995557418,0,0.20479483168480281
E03051,evaluation,-0.90149865200683277,-2.7635967648163988,0,0.20072032695288444
E03052,evaluation,1.4443777018289177,2.8665064843894021,0,0.80740770254552163
E03053,evaluation,0.043200646111303226,-0.49631844933287222,0,0.43827662839649578
E03054,evaluation,-0.97052368989375615,-2.9292568557450149,0,0.18776043976382137
E03055,evaluation,0.8131428150022334,1.3515427560053599,0,0.66279426027679644
E03056,evaluation,-0.96488906532607166,-2.9157337567825721,0,0.18879379743094515
E03057,evaluation,0.63690779303034861,0.92857870327283665,1,0.61403123498796308
E03058,evaluation,-0.84753790053440514,-2.6340909612825723,1,0.21131026848817558
E03059,evaluation,-0.9818882660282755,-2.9565318384678614,0,0.18568948483640424
E03060,evaluation,0.92780039613095378,1.6267209507142888,1,0.69282513855830419
E03061,evaluation,0.40114944719367551,0.36275867326482125,1,0.54522092716186543
E03062,evaluation,1.1434249619122703,2.1442199085894487,1,0.74499796366660775
E03063,evaluation,-0.78622247807935342,-2.4869339473904479,0,0.22383308537689131
E03064,evaluation,-0.79861156724857107,-2.5166677613965707,0,0.22126083871205526
E03065,evaluation,0.94681866811492343,1.6723648034758161,1,0.697660577018692
E03066,evaluation,-0.70472678094296748,-2.291344274263122,0,0.24128047247483322
E03067,evaluation,-1.3552607351730046,-3.8526257644152109,0,0.12715925023251412
E03068,evaluation,1.4216686063555255,2.8120046552532609,1,0.80313463996900203
E03069,evaluation,0.071737013797579491,-0.42783116688580924,1,0.44672410755606073
E03070,evaluation,0.49324911189209614,0.58379786854103066,1,0.57246095979238476
E03071,evaluation,0.81025048509033804,1.3446011642168112,0,0.66201810646833237
E03072,evaluation,-0.47316282488299743,-1.7355907797191938,0,0.29571324248707698
E03073,evaluation,-1.9319725303183202,-5.2367340727639675,0,0.067965662882114225
E03074,evaluation,0.45348452949182111,0.48836287078037055,1,0.56074383955935669
E03075,evaluation,0.0087190751583159538,-0.57907421962004169,1,0.42811719402573345
E03076,evaluation,-0.012800852977776731,-0.63072204714666413,1,0.4218067161042619
E03077,evaluation,1.4344834020738588,2.8427601649772609,1,0.80555467863751717
E03078,evaluation,0.35743356415240435,0.25784055396577044,1,0.53218550349267646
E03079,evaluation,1.4313269707633638,2.8351847298320729,1,0.80496069768962131
E03080,evaluation,0.63477680066951236,0.92346432160682956,0,0.61342501230154667
E03081,evaluation,-0.62318828117205749,-2.0956518748129378,0,0.25964279899294807
E03082,evaluation,-0.60067257271216701,-2.0416141745092009,0,0.26487021953706952
E03083,evaluation,-0.97629987058404599,-2.9431196894017102,0,0.18670564102568205
E03084,evaluation,-0.41858633461689637,-1.6046072030805512,0,0.30953297193491852
E03085,evaluation,0.18961978782858754,-0.14491250921138987,0,0.48189385695558395
E03086,evaluation,-1.1815826380994292,-3.43579833143863,0,0.15214196232720881
E03087,evaluation,-0.21654325785474424,-1.1197038188513861,1,0.36358172571217146
E03088,evaluation,-0.080752858534788391,-0.79380686048349214,0,0.40205655087807191
E03089,evaluation,-0.91729565431433324,-2.8015095703544,1,0.19769636575069455
E03090,evaluation,0.10034510945126565,-0.35917173731696239,0,0.45522380826096182
E03091,evaluation,0.38198705061783789,0.31676892148281088,0,0.53951354782231387
E03092,evaluation,-1.0909323179595347,-3.2182375631028832,0,0.16671099511551873
E03093,evaluation,-0.69535691260025867,-2.2688565902406208,1,0.24334480087192933
E03094,evaluation,0.66169524505662336,0.98806858813589604,1,0.62105634736412818
E03095,evaluation,-1.2802071996369009,-3.6724972791285619,1,0.13749556373298072
E03096,evaluation,0.54624729535194039,0.71099350884465695,0,0.58794988985728436
E03097,evaluation,-0.18773843786772421,-1.0505722508825381,0,0.37161699386598879
E03098,evaluation,0.81944533639202954,1.3666688073408708,0,0.66448249497476242
E03099,evaluation,-0.59076882493102212,-2.017845179834453,1,0.26719075457776714
E03100,evaluation,-0.65875415046277142,-2.1810099611106515,0,0.2515231991893162
E03101,evaluation,0.092623315900378422,-0.37770404183909179,0,0.45292681743609481
E03102,evaluation,1.6885379598121504,3.452491103549161,1,0.84893155491647809
E03103,evaluation,1.121705682644865,2.0920936383476758,1,0.74001505770905529
E03104,evaluation,-1.1814503008337027,-3.4354807220008867,0,0.15216244843951657
E03105,evaluation,0.92569578438037359,1.6216698825128963,1,0.69228739667812289
E03106,evaluation,-1.0268118206118029,-3.0643483694683269,0,0.17767579929171654
E03107,evaluation,-1.2387417742750972,-3.5729802582602335,0,0.14350358322026555
E03108,evaluation,0.70234752362829889,1.0856340567079172,1,0.63246748665456787
E03109,evaluation,0.18960767533103629,-0.14494157920551293,1,0.48189022797231684
E03110,evaluation,-0.033741350547095247,-0.68097924131302856,0,0.41569054725812649
E03111,evaluation,-2.1875848321476239,-5.8502035971542972,0,0.050926549793682163
E03112,evaluation,0.46917663683256255,0.52602392839815015,0,0.56537655464188219
E03113,evaluation,-0.28254980815964115,-1.2781195395831388,1,0.34545911063133522
E03114,evaluation,-0.55344469975766564,-1.9282672794183973,0,0.27605133513344748
E03115,evaluation,-0.1179004983075909,-0.8829611959382182,0,0.39138822900017367
E03116,evaluation,0.81504430129824468,1.356106323115787,1,0.66330404481718763
E03117,evaluation,0.14292984227225636,-0.25696837854658472,0,0.46792306821072943
E03118,evaluation,-0.33020512879466635,-1.3924923091071992,0,0.33264502850316857
E03119,evaluation,0.56550016665462033,0.75720039997108868,0,0.59353544387698987
E03120,evaluation,-0.50647177204194604,-1.8155322529006703,0,0.28745717428901729
E03121,evaluation,-2.0193627724454006,-5.4464706538689613,0,0.061616135464706699
E03122,evaluation,0.16003172441649116,-0.21592386140042119,0,0.4730357030611187
E03123,evaluation,-0.10228280863716235,-0.8454787407291896,0,0.39586142904645821
E03124,evaluation,-0.62962920411357581,-2.1111100898725819,0,0.25815980730154237
E03125,evaluation,0.52231338707645281,0.6535521289834868,0,0.58097473752913564
E03126,evaluation,-1.2316360365923398,-3.5559264878216155,0,0.14455481444930438
E03127,evaluation,1.0255225218197555,1.8612540523674128,1,0.71720247819538119
E03128,evaluation,-1.5377809447757171,-4.2906742674617204,0,0.10476775493025195
E03129,evaluation,0.039397208959732276,-0.50544669849664248,0,0.43715330394223523
E03130,evaluation,-0.20060443869752687,-1.0814506528740644,0,0.36801886898616254
E03131,evaluation,0.47347599781477184,0.53634239475545231,1,0.56664388161801738
E03132,evaluation,-0.0055174136018873183,-0.61324179264452949,0,0.42393975330165595
E03133,evaluation,0.27774557852357962,0.066589388456591125,1,0.50832290471752628
E03134,evaluation,1.6515309695805247,3.3636743269932592,1,0.84314764861710023
E03135,evaluation,-0.93802214581033239,-2.8512531499447977,1,0.19378102926985816
E03136,evaluation,-0.060413951046442746,-0.74499348251146258,1,0.4079378589017274
E03137,evaluation,1.6773537166319976,3.4256489199167937,1,0.84720227088820887
E03138,evaluation,-0.37746184607504302,-1.5059084305801032,1,0.32017793312572218
E03139,evaluation,-1.3175438674406132,-3.7621052818574716,0,0.13226801181697923
E03140,evaluation,0.40557459950194985,0.3733790388046796,1,0.54653729469591938
E03141,evaluation,-0.41576642740986791,-1.597839425783683,0,0.3102566501717498
E03142,evaluation,-1.1980894415465959,-3.4754146597118303,1,0.14960438043949242
E03143,evaluation,-0.50882044926961778,-1.8211690782470824,0,0.28688023735727702
E03144,evaluation,-0.68917253029511505,-2.254014072708276,1,0.24471386459175998
E03145,evaluation,1.3127526646327321,2.5506063951185567,0,0.78164921617641492
E03146,evaluation,-1.1446144093159716,-3.3470745823583319,0,0.15795313573881503
E03147,evaluation,0.91194955779648768,1.5886789387115701,1,0.68876233848663326
E03148,evaluation,0.83979306353052718,1.415503352473265,1,0.66990417225021681
E03149,evaluation,-1.9136038484194651,-5.1926492362067158,0,0.069375336580354885
E03150,evaluation,1.1739640267846805,2.2175136642832332,0,0.75189727388597283
E03151,evaluation,0.06114746636949614,-0.45324608071320927,1,0.44358547825658401
E03152,evaluation,1.8439784092099369,3.8255481821038484,1,0.87133048189838636
E03153,evaluation,1.689209020301218,3.4541016487229226,1,0.84903479950893934
E03154,evaluation,1.2835412955466095,2.4804991093118627,0,0.77560744988178443
E03155,evaluation,-0.51629797794497589,-1.8391151470679419,1,0.28504805031701175
E03156,evaluation,0.81892947454324672,1.3654307389037919,1,0.66434447002658348
E03157,evaluation,-0.91958094312553096,-2.8069942635012741,0,0.19726175584319181
E03158,evaluation,-1.7101568614289886,-4.7043764674295723,0,0.08689199706727678
E03159,evaluation,0.18105217091434422,-0.16547478980557384,1,0.4793274427211815
E03160,evaluation,0.16575060940301672,-0.20219853743275984,0,0.47474668879618465
E03161,evaluation,0.91024713768048915,1.584593130433174,1,0.68832423482889837
E03162,evaluation,1.6880101483825658,3.4512243561181575,0,0.84885030883027257
E03163,evaluation,0.78776441533229691,1.2906345967975126,1,0.65595445208512271
E03164,evaluation,0.16407092648875563,-0.20622977642698648,1,0.47424409509509097
E03165,evaluation,-0.80644423203646831,-2.5354661568875239,0,0.21964555863607504
E03166,evaluation,-1.4625839570050423,-4.1102014968121017,0,0.11353799278755482
E03167,evaluation,1.6047674958998703,3.2514419901596887,0,0.83558261448198878
E03168,evaluation,-0.29880061141930919,-1.3171214674063421,0,0.34106299682759816
E03169,evaluation,-1.4978074087977769,-4.1947377811146644,0,0.10935281424467655
E03170,evaluation,-0.43054197213231055,-1.6333007331175451,0,0.30647515634868144
E03171,evaluation,-0.50960523469447294,-1.8230525632667351,1,0.2866876143803363
E03172,evaluation,-0.36196485189385397,-1.4687156445452496,0,0.32423916274927889
E03173,evaluation,-0.00069626178553567936,-0.60167102828528563,1,0.42535324752652182
E03174,evaluation,0.35858404055196358,0.26060169732471261,1,0.53252920094260314
E03175,evaluation,0.15034460915419437,-0.2391729380299335,0,0.47013896097017754
E03176,evaluation,1.2786649099920615,2.4687957839809473,1,0.77458738117210546
E03177,evaluation,0.32174916933394343,0.17219800640146421,1,0.52151146366629919
E03178,evaluation,-0.28659132011840727,-1.2878191682841775,1,0.34436330805529575
E03179,evaluation,-1.2807105267934606,-3.6737052643043056,0,0.13742395161129273
E03180,evaluation,-1.0821990773154775,-3.1972777855571461,0,0.16817193435096464
E03181,evaluation,0.080486726536483477,-0.40683185631243968,0,0.4493206485837537
E03182,evaluation,1.06719244337861,1.9612618641086637,1,0.72723338911152591
E03183,evaluation,0.038474183080305396,-0.50766196060726698,0,0.43688078999458374
E03184,evaluation,0.14009881098085272,-0.26376285364595348,1,0.46707734731551637
E03185,evaluation,-0.0047492689366168041,-0.61139824544788035,1,0.42416487986020396
E03186,evaluation,-1.7173607350700046,-4.7216657641680104,0,0.086208560223817551
E03187,evaluation,-0.92597786166860674,-2.8223468680046562,0,0.19604904098905218
E03188,evaluation,1.4224223627574184,2.8138136706178041,1,0.80327761191605829
E03189,evaluation,1.5099945970671682,3.0239870329612035,1,0.81935645798981782
E03190,evaluation,2.3017870512342515,4.9242889229622042,1,0.92144502807400941
E03191,evaluation,2.1581424091888839,4.5795417820533215,1,0.90802631793077515
E03192,evaluation,-1.4813595637006705,-4.1552629528816087,0,0.11129000886640789
E03193,evaluation,-0.9540462559618309,-2.8897110143083942,1,0.19079457138309752
E03194,evaluation,0.1244896795702034,-0.3012247690315118,1,0.46241791996812731
E03195,evaluation,0.58785033782044838,0.81084081076907599,1,0.59998927129837121
E03196,evaluation,-2.1617407895166525,-5.7881778948399658,0,0.052446542237823662
E03197,evaluation,-0.68228895905456055,-2.2374935017309454,1,0.24624382238630554
E03198,evaluation,1.7512774730677507,3.6030659353626011,1,0.85833543981069471
E03199,evaluation,0.98800685695639079,1.7712164566953379,0,0.7079830343179746
E03200,evaluation,0.77277285461086742,1.2546548510660815,1,0.6518832173386705
E03201,evaluation,-0.25816838864436858,-1.2196041327464846,0,0.35210435057752709
E03202,evaluation,1.0637452621455004,1.9529886291492007,1,0.72641205817796384
E03203,evaluation,-1.0474052939624483,-3.1137727055098758,0,0.17409388922920363
E03204,evaluation,2.4133252975752253,5.1919807141805405,0,0.93060307962006927
E03205,evaluation,-0.29335508298783625,-1.3040521991708069,0,0.34253310577097074
E03206,evaluation,-1.030729401919118,-3.0737505646058834,0,0.17698997598952285
E03207,evaluation,1.0793568577760273,1.9904564586624653,1,0.73011935781004456
E03208,evaluation,0.78915477007657076,1.2939714481837696,1,0.6563308813735641
E03209,evaluation,-1.2212143205832815,-3.5309143693998757,0,0.14610818253934604
E03210,evaluation,-1.5701484423441765,-4.3683562616260234,0,0.10118032305390132
E03211,evaluation,0.96962290483540237,1.7270949716049655,1,0.70340129254886807
E03212,evaluation,-0.83939402708264643,-2.6145456649983516,0,0.21294355575146318
E03213,evaluation,-0.2277229628953388,-1.1465351109488131,0,0.36048319585634475
E03214,evaluation,-1.5840654009568844,-4.4017569622965222,0,0.099671628956739367
E03215,evaluation,0.50719400572153728,0.61726561373168953,0,0.57655150976563441
E03216,evaluation,-1.4166587178697172,-3.9999809228873211,0,0.11920392351298487
E03217,evaluation,-1.2499998488915252,-3.5999996373396606,0,0.14185108697369117
E03218,evaluation,-0.3654649776502969,-1.4771159463607124,1,0.32331955577225258
E03219,evaluation,0.71487098084547751,1.1156903540291458,0,0.63595380937225776
E03220,evaluation,-0.11388992872684614,-0.87333582894443063,1,0.39253522430938576
E03221,evaluation,1.5037942121394181,3.0091061091346032,1,0.81825256648327138
E03222,evaluation,-0.22817112525771818,-1.1476107006185234,1,0.36035922459581871
E03223,evaluation,-0.11576438072209121,-0.8778345137330188,0,0.39199899548790956
E03224,evaluation,0.50499425732717107,0.61198621758521055,0,0.57590692435188573
E03225,evaluation,-1.5277568591693984,-4.2666164620065556,0,0.10590133905778916
E03226,evaluation,-0.26972056715933085,-1.2473293611823939,1,0.34894843654939101
E03227,evaluation,-1.6203145411235889,-4.4887548986966133,0,0.095835559226593356
E03228,evaluation,1.3237826878732726,2.5770784508958542,1,0.7838998353027623
E03229,evaluation,-0.3471337105984702,-1.4331209054363283,0,0.32815084388066879
E03230,evaluation,-1.9304985602418239,-5.2331965445803768,0,0.068077793255786515
E03231,evaluation,-0.017519917963132521,-0.64204780311151799,0,0.4204262354831822
E03232,evaluation,0.28804612119012135,0.091310690856291288,1,0.51141185417677792
E03233,evaluation,1.3225569356754474,2.5741366456210737,1,0.78365055904634051
E03234,evaluation,-0.3617990491536453,-1.4683177179687488,0,0.32428275874733209
E03235,evaluation,0.88700273080954861,1.5288065539429163,1,0.68230896853045786
E03236,evaluation,-0.2077987037588824,-1.0987168890213177,1,0.36601326757126162
E03237,evaluation,-1.3707553878535808,-3.8898129308485938,0,0.12510981922183151
E03238,evaluation,0.081575649578024795,-0.40421844101274051,1,0.44964399071936145
E03239,evaluation,0.88447023000910419,1.5227285520218499,1,0.6816498595645375
E03240,evaluation,-0.065812009451329936,-0.75794882268319186,0,0.4063742803748569
E03241,evaluation,0.39808245472200804,0.35539789133281929,1,0.54430820469578156
E03242,evaluation,-0.38222281160173555,-1.5173347478441652,1,0.31893566365361825
E03243,evaluation,0.2764591575050232,0.063501978012055704,0,0.50793708046507302
E03244,evaluation,-1.5951769195015106,-4.4284246068036248,0,0.098481459790679335
E03245,evaluation,0.19758058971168121,-0.1258065846919651,1,0.48427936022233353
E03246,evaluation,-1.4190631873772723,-4.0057516497054531,0,0.11890130936544763
E03247,evaluation,0.1390199916879189,-0.26635201994899466,1,0.46675511850643919
E03248,evaluation,0.3978961757996789,0.35495082191922933,0,0.54425275931729644
E03249,evaluation,-0.30780834445694377,-1.3387400266966649,1,0.33863791969714352
E03250,evaluation,-0.71882296778948318,-2.3251751226947595,0,0.23819742975866537
E03251,evaluation,0.34084034399960467,0.21801682559905122,0,0.52722514921006225
E03252,evaluation,-1.1339920049603684,-3.3215808119048842,0,0.15965592288098673
E03253,evaluation,-1.2000287715614775,-3.4800690517475461,0,0.14930854915640848
E03254,evaluation,0.28564011465369843,0.085536275168876186,1,0.51069040494869955
E03255,evaluation,-0.52579762500438931,-1.8619143000105343,0,0.28273056987451428
E03256,evaluation,2.106064378385057,4.4545545081241373,1,0.90267241448928948
E03257,evaluation,1.3465487609216356,2.6317170262119252,1,0.78849184580739384
E03258,evaluation,-0.2490146836379728,-1.1976352407311346,0,0.35461425016478504
E03259,evaluation,0.080452980703957178,-0.40691284631050273,1,0.44931062886178053
E03260,evaluation,0.82614156846003417,1.3827397643040817,1,0.66627159454206286
E03261,evaluation,0.63041371077188013,0.91299290585251225,1,0.61218270901957883
E03262,evaluation,0.11890644424514919,-0.3146245338116419,0,0.46075283785863269
E03263,evaluation,-0.29151983461094283,-1.2996476030662627,0,0.34302924434672011
E03264,evaluation,-1.7276140166995562,-4.7462736400789343,0,0.08524421915999647
E03265,evaluation,-0.94170897153075561,-2.8601015316738136,0,0.193090774451074
E03266,evaluation,0.15369320772108924,-0.2311363014693858,0,0.47114007625747367
E03267,evaluation,-0.65878340763017107,-2.1810801783124103,0,0.2515165897270713
E03268,evaluation,-1.8920973760318096,-5.1410337024763422,0,0.071060178843788346
E03269,evaluation,1.3983705634335597,2.7560893522405432,0,0.79867678306773715
E03270,evaluation,0.46906498512401018,0.5257559642976245,1,0.56534363149284572
E03271,evaluation,1.3032808573567303,2.5278740576561525,1,0.77970310079376104
E03272,evaluation,-0.13624084485849039,-0.92697802766037696,0,0.38615845987510944
E03273,evaluation,1.2409197813908199,2.3782074753379678,1,0.76658073010313765
E03274,evaluation,-0.26492300958088993,-1.2358152229941357,0,0.35025748197422807
E03275,evaluation,-0.63309347242943137,-2.1194243338306351,0,0.2573644638160032
E03276,evaluation,-0.87553896117801255,-2.7012935068272301,0,0.20576465564690821
E03277,evaluation,-1.2786296543933482,-3.6687111705440358,0,0.13772021615031341
E03278,evaluation,0.79738000937927933,1.3137120225102703,1,0.65855378176614299
E03279,evaluation,0.67484539768948504,1.0196289544547641,1,0.6247629825927915
E03280,evaluation,-0.6246272176491352,-2.0991053223579246,0,0.25931101140182822
E03281,evaluation,-0.63144198290934794,-2.1154607589824348,0,0.2577434209743194
E03282,evaluation,1.5575462576019963,3.1381110182447909,0,0.82764892193688777
E03283,evaluation,1.0534244969743931,1.9282187927385435,1,0.72394381988160261
E03284,evaluation,0.34374238675875329,0.22498172822100793,1,0.52809309764684353
E03285,evaluation,0.50506153491286387,0.61214768379087336,0,0.57592664233381718
E03286,evaluation,1.1670895250844302,2.2010148602026325,1,0.7503551706377769
E03287,evaluation,0.4798465230243511,0.55163165525844271,0,0.56852012124583318
E03288,evaluation,0.94604661557085123,1.6705118773700427,1,0.69746512211370004
E03289,evaluation,2.5072188904318327,5.4173253370363987,1,0.93753587714809106
E03290,evaluation,-0.68427919695992701,-2.2422700727038247,0,0.24580080666264661
E03291,evaluation,0.25108246925063665,0.0025979262015279891,1,0.50032474072952959
E03292,evaluation,0.6164941783876311,0.87958602813031461,0,0.6082097090366021
E03293,evaluation,-1.1684313326570999,-3.4042351983770396,0,0.15418889678282949
E03294,evaluation,-1.145135840810066,-3.3483260179441583,0,0.15786993061604709
E03295,evaluation,-1.2871820783687271,-3.6892369880849452,0,0.13650598648615633
E03296,evaluation,-0.408477243426283,-1.580345384223079,1,0.31213159027492376
E03297,evaluation,1.9156537448509994,3.9975689876423979,1,0.88066939854395387
E03298,evaluation,0.98260761902179705,1.7582582856523126,1,0.70664172559306815
E03299,evaluation,-0.772178445523793,-2.453228269257103,0,0.22677458071540377
E03300,evaluation,-1.8534544243487492,-5.0482906184369973,0,0.074182743707414969
E03301,evaluation,-1.2907351716139173,-3.6977644118734014,0,0.13600419226007884
E03302,evaluation,0.42866146225300356,0.42878750940720856,1,0.55339407504276561
E03303,evaluation,0.1701959904295037,-0.19152962296919113,1,0.47607707722756593
E03304,evaluation,1.097496825855621,2.0339923820534902,1,0.73438708106607442
E03305,evaluation,-0.26513255640847005,-1.2363181353803281,0,0.35020025843831676
E03306,evaluation,1.3745504830833861,2.6989211594001263,0,0.79404142558949564
E03307,evaluation,1.9973766215354054,4.1937038916849732,1,0.89059682787218097
E03308,evaluation,-1.4566857147340941,-4.0960457153618259,0,0.11425231300697973
E03309,evaluation,-0.83087984149186411,-2.5941116195804739,1,0.21466093633253133
E03310,evaluation,1.2297924714253439,2.3515019314208252,0,0.7641829561971486
E03311,evaluation,1.2525946393488123,2.4062271344371493,0,0.76907820665022109
E03312,evaluation,-0.69790939591867973,-2.2749825502048311,0,0.2427812636146339
E03313,evaluation,1.2862422090149876,2.4869813016359701,1,0.77617102806620242
E03314,evaluation,-1.1361515687674184,-3.3267637650418043,0,0.15930854165355146
E03315,evaluation,-0.793776208028797,-2.5050628992691126,0,0.22226224040121675
E03316,evaluation,-0.30460620384711024,-1.3310548892330645,0,0.33949904302323541
E03317,evaluation,-0.12040610699614565,-0.8889746567907495,0,0.39067224969371422
E03318,evaluation,-1.2035712805421555,-3.488571073301173,1,0.14876940942799294
E03319,evaluation,-1.8869870749808537,-5.1287689799540486,0,0.071466046200198349
E03320,evaluation,-0.33514634965148099,-1.4043512391635544,0,0.33133004159138646
E03321,evaluation,1.3233513091723741,2.5760431420136976,1,0.78381213129588945
E03322,evaluation,-0.068926108936823438,-0.76542266144837623,1,0.40547312386302109
E03323,evaluation,1.2576383822299244,2.4183321173518184,1,0.77015135947773328
E03324,evaluation,0.54383054271722253,0.70519330252133405,0,0.58724711813687636
E03325,evaluation,0.43320835574147076,0.43970005377952981,0,0.5547421915593973
E03326,evaluation,0.62843227126652279,0.90823745103965459,0,0.61161805042180495
E03327,evaluation,1.0147786176927045,1.8354686824624906,0,0.71458023727989839
E03328,evaluation,1.4451711996468162,2.8684108791523588,1,0.80755572637898843
E03329,evaluation,0.64663832950189881,0.95193199080455704,1,0.61679485193759032
E03330,evaluation,-2.0217888044917549,-5.4522931307802116,0,0.061448023528531473
E03331,evaluation,-0.94061675561350577,-2.8574802134724138,1,0.1932950661038855
E03332,evaluation,-1.4569318905936728,-4.0966365374248142,0,0.11422242119464647
E03333,evaluation,-0.44084468142429351,-1.6580272354183045,1,0.30385367591076679
E03334,evaluation,-1.0205262336860383,-3.0492629608464918,0,0.17878052257890273
E03335,evaluation,-0.70604289181779112,-2.2945029403626984,0,0.24099147127114814
E03336,evaluation,0.37059490287146102,0.2894277668915064,0,0.53611546501847529
E03337,evaluation,-0.27632200085718533,-1.2631728020572448,0,0.34715091326244901
E03338,evaluation,-0.24501282912846689,-1.1880307899083205,0,0.35571406755260926
E03339,evaluation,0.57986739373380658,0.79168174496113586,1,0.59768797614922731
E03340,evaluation,-1.9872573456873155,-5.3694176296495568,0,0.063881706408516897
E03341,evaluation,-0.34195203406464075,-1.4206848817551379,0,0.3295231776910274
E03342,evaluation,0.75793056176394191,1.2190333482334603,1,0.64783054103063753
E03343,evaluation,-1.9506049159450196,-5.2814517982680469,0,0.06656291960132997
E03344,evaluation,1.5990699899065559,3.2377679757757338,1,0.8346411605879015
E03345,evaluation,-1.7525758823671849,-4.8061821176812431,1,0.082937291297331059
E03346,evaluation,-0.94101362349989481,-2.8584326963997477,0,0.1932208156270398
E03347,evaluation,0.52522181144829017,0.66053234747589629,1,0.58182413960273627
E03348,evaluation,1.7955371343090396,3.7092891223416946,1,0.86467150598713427
E03349,evaluation,-0.70982924639493516,-2.3035901913478445,0,0.24016135425436175
E03350,evaluation,-0.85559438154978651,-2.6534265157194876,0,0.20970355060744694
E03351,evaluation,0.62649489540266057,0.90358774896638538,1,0.61106565893240206
E03352,evaluation,0.23720776842064276,-0.030701355790457407,0,0.49616240588451244
E03353,evaluation,1.7999750552710654,3.719940132650557,1,0.86529345899637922
E03354,evaluation,1.0134394257647634,1.8322546218354319,0,0.71425236190222907
E03355,evaluation,0.2459597990372353,-0.009696482310635246,0,0.49878794208533278
E03356,evaluation,0.0082994591134488496,-0.58008129812772269,0,0.42799391553375321
E03357,evaluation,1.1008342062224168,2.0420020949338,0,0.73516754550663432
E03358,evaluation,-0.49191606368522345,-1.7805985528445363,0,0.29104807114739267
E03359,evaluation,-0.46260561452940985,-1.7102534748705835,1,0.2983585144017456
E03360,evaluation,-0.86804311383819865,-2.6833034732116769,1,0.20723856230508617
E03361,evaluation,1.3104255478701634,2.545021314888392,1,0.78117222812032661
E03362,evaluation,1.2202067591616874,2.3284962219880496,1,0.76210376159950433
E03363,evaluation,-1.7700844937523019,-4.8482027850055243,0,0.081353211665482511
E03364,evaluation,-1.3204443159685515,-3.7690663583245234,0,0.13186905039443964
E03365,evaluation,-1.3716675288353721,-3.8920020692048931,0,0.12499005973207414
E03366,evaluation,-1.0111108078484754,-3.0266659388363411,0,0.1804453724342456
E03367,evaluation,0.087453885491437816,-0.39011067482054923,0,0.45139018778497131
E03368,evaluation,-0.0055247701462698851,-0.61325944835104773,0,0.42393759741034232
E03369,evaluation,0.39629232999226144,0.35110159198142743,0,0.54377533404676193
E03370,evaluation,0.71008667313930163,1.1042080155343239,1,0.63462359898741127
E03371,evaluation,-0.54710792320377566,-1.9130590156890617,0,0.27757358299440577
E03372,evaluation,1.2835240636318768,2.4804577527165041,0,0.77560385099931284
E03373,evaluation,-0.027554393945960213,-0.66613054547030448,0,0.41749498253572237
E03374,evaluation,-0.41228461291407908,-1.5894830709937897,0,0.31115147762747331
E03375,evaluation,0.33663904311314047,0.20793370347153717,1,0.52596832594727783
E03376,evaluation,-0.58876673810281688,-2.0130401714467605,0,0.26766142758402317
E03377,evaluation,1.8699969690094784,3.8879927256227478,1,0.8747905293627436
E03378,evaluation,1.4288373504283902,2.8292096410281364,1,0.80449122891099178
E03379,evaluation,0.61646545460503988,0.87951709105209563,0,0.60820149547507307
E03380,evaluation,-0.32920058088988724,-1.3900813941357293,0,0.3329126847636471
E03381,evaluation,-0.40210447309327152,-1.5650507354238514,0,0.3137758668862668
E03382,evaluation,1.2376998148002367,2.3704795555205678,1,0.76588862149027426
E03383,evaluation,-0.79016230229543361,-2.4963895255090405,0,0.22301279046016964
E03384,evaluation,-1.2836592409862979,-3.6807821783671151,0,0.13700504571280298
E03385,evaluation,-1.1558137172387406,-3.3739529213729775,0,0.15617387892144025
E03386,evaluation,0.66443555627365014,0.99464533505676023,0,0.62182994215395959
E03387,evaluation,-0.24239519593601871,-1.1817484702464449,1,0.35643428932377824
E03388,evaluation,0.5372374373742862,0.68936984969828685,1,0.58532809642397121
E03389,evaluation,-0.12774368474710041,-0.90658484339304102,1,0.38857824904776311
E03390,evaluation,0.080001225691180747,-0.40799705834116617,0,0.44917649894087908
E03391,evaluation,-1.6150021816064843,-4.4760052358555624,0,0.096389370420246381
E03392,evaluation,-2.2601035665068587,-6.0242485596164608,0,0.046881134442307085
E03393,evaluation,-0.24973616908857074,-1.1993668058125697,0,0.3544161295395451
E03394,evaluation,0.1131568550130114,-0.32842354796877266,0,0.45903905953964397
E03395,evaluation,-0.32996417718530485,-1.3919140252447315,0,0.33270921889510091
E03396,evaluation,1.1666833680957198,2.2000400834297276,1,0.75026386078998275
E03397,evaluation,0.28579707357377487,0.085912976577059652,0,0.51073747100419908
E03398,evaluation,-0.75781420202320759,-2.4187540848556983,1,0.22981129467796269
E03399,evaluation,0.46126066504534496,0.5070255961088278,1,0.56304093052076543
E03400,evaluation,-0.10931444351874101,-0.86235466444497844,0,0.3938452305758845
E03401,evaluation,-0.75829294835508998,-2.4199030760522158,0,0.22970962585362925
E03402,evaluation,-1.5065304387566802,-4.2156730530160322,0,0.10833748230138218
E03403,evaluation,0.26794894928747381,0.043077478289937132,0,0.50538447662520403
E03404,evaluation,0.27797469056870544,0.067139257364893012,1,0.5083916191284813
E03405,evaluation,1.4665303708625212,2.9196728900700508,1,0.81150765820614368
E03406,evaluation,0.84796169043146363,1.4351080570355124,0,0.67206817024348797
E03407,evaluation,-0.67011784919888306,-2.2082828380773192,0,0.24896472174011974
E03408,evaluation,1.9877727460268066,4.170654590464336,1,0.88946886868922581
E03409,evaluation,-0.86792556095046092,-2.6830213462811061,0,0.20726173868336764
E03410,evaluation,-0.53293815835232916,-1.8790515800455898,0,0.28099614074081081
E03411,evaluation,-1.9908750040118999,-5.3781000096285592,0,0.063622590610335789
E03412,evaluation,-0.77249345021384863,-2.4539842805132368,1,0.22670830507936349
E03413,evaluation,-0.76478613326586276,-2.4354867198380705,0,0.22833382110735517
E03414,evaluation,-0.72202808352407699,-2.3328674004577845,1,0.2375002145559538
E03415,evaluation,1.704814898596595,3.4915557566318278,1,0.85141947731011436
E03416,evaluation,2.3398831777952194,5.0157196267085267,1,0.92469098852932907
E03417,evaluation,-1.1293555270996001,-3.3104532650390404,0,0.16040380586198855
E03418,evaluation,-2.0211502109260087,-5.4507605062224203,0,0.061492233271209729
E03419,evaluation,-1.7142476624200198,-4.7141943898080472,0,0.08650330038948334
E03420,evaluation,-0.84492065927663096,-2.6278095822639145,0,0.21183416484902703
E03421,evaluation,-0.57158453579003066,-1.9718028858960737,0,0.27172237909112507
E03422,evaluation,1.246019473754806,2.3904467370115343,1,0.76767395762223989
E03423,evaluation,-0.50419415023689484,-1.8100659605685476,0,0.28801731749260084
E03424,evaluation,0.1855025111356961,-0.15479397327432937,0,0.48066040653047909
E03425,evaluation,0.89752832897696477,1.5540679895447154,0,0.68504052013069983
E03426,evaluation,-0.071587950987991075,-0.77181108237117857,0,0.40470334565359273
E03427,evaluation,-0.65993945156346079,-2.1838546837523056,0,0.25125552112085325
E03428,evaluation,-0.79932475626499355,-2.5183794150359846,0,0.22111341109516366
E03429,evaluation,0.45211397450108959,0.48507353880261495,1,0.56033870119045281
E03430,evaluation,0.46715483677839403,0.52117160826814557,1,0.56478028997812335
E03431,evaluation,-0.49270734332525429,-1.7824976239806101,1,0.29085218372121568
E03432,evaluation,0.060867089755643235,-0.45391898458645619,0,0.44350243764073599
E03433,evaluation,-0.32832719111706726,-1.3879852586809613,0,0.33314548230747387
E03434,evaluation,0.31613665263244256,0.15872796631786212,1,0.51983058806797744
E03435,evaluation,0.40800643534356495,0.37921544482455583,0,0.54726042672005237
E03436,evaluation,1.4507433802656766,2.8817841126376238,1,0.80859275346004322
E03437,evaluation,1.8913668184804981,3.9392803643531953,1,0.87757245994807398
E03438,evaluation,-0.0056958445694817268,-0.6136700269667561,0,0.42388746356543505
E03439,evaluation,-1.3794082679030473,-3.9105798429673135,0,0.12397769077134914
E03440,evaluation,-0.9663127283779106,-2.9191505481069853,0,0.18853229453538681
E03441,evaluation,0.34038152948839501,0.21691567077214802,1,0.52708791089582141
E03442,evaluation,-1.2626715491049154,-3.6304117178517972,0,0.1400101268751904
E03443,evaluation,-0.29309964394260773,-1.3034391454622585,0,0.3426021402305871
E03444,evaluation,-1.4281299658100537,-4.0275119179441283,0,0.11776618319162994
E03445,evaluation,0.25514117513287837,0.012338820318908095,1,0.50154234764784555
E03446,evaluation,-0.8929769159654728,-2.7431445983171345,0,0.20236593662104277
E03447,evaluation,0.52372446875468281,0.65693872501123873,1,0.58138690262087578
E03448,evaluation,0.42944238851312622,0.43066173243150285,1,0.55362566967899196
E03449,evaluation,0.097943787387907252,-0.36493491026902258,1,0.45450928164312127
E03450,evaluation,1.0576553336589014,1.9383728007813632,1,0.72495730043118656
E03451,evaluation,-0.92519946873373815,-2.8204787249609717,0,0.1961963053640472
E03452,evaluation,0.18249111261876744,-0.16202132971495814,1,0.47975840258287056
E03453,evaluation,0.27086648109811517,0.05007955463547642,0,0.50625961727283231
E03454,evaluation,0.64310133837103989,0.94344321209049575,0,0.61579115642446558
E03455,evaluation,0.16167380104110246,-0.21198287750135408,1,0.4735269192972143
E03456,evaluation,-1.0831511746786249,-3.1995628192286998,1,0.16801216810456507
E03457,evaluation,-0.097199383407478454,-0.83327852017794823,0,0.39732122470180847
E03458,evaluation,-0.033800021868855834,-0.68112005248525398,1,0.41567344641192122
E03459,evaluation,-1.1843649389649524,-3.4424758535158859,0,0.15171177958302157
E03460,evaluation,-1.8522031103703669,-5.0452874648888804,0,0.074285937458509588
E03461,evaluation,0.58709330286627615,0.80902392687906277,1,0.59977122349113721
E03462,evaluation,-0.87929364863048065,-2.7103047567131537,0,0.20502929747656287
E03463,evaluation,1.893399280031461,3.9441582720755064,1,0.87783425758893552
E03464,evaluation,-0.99714762263572487,-2.9931542943257399,0,0.18293658519320458
E03465,evaluation,-1.1728558199423462,-3.4148539678616308,0,0.15349774567351726
E03466,evaluation,0.0098467022871203836,-0.57636791451091107,0,0.42844852241589548
E03467,evaluation,1.4300897836403603,2.8322154807368647,1,0.80472750762608936
E03468,evaluation,-0.13691017984185663,-0.9285844316204559,0,0.38596808621200929
E03469,evaluation,1.150574943155092,2.1613798635722206,1,0.74662452431747606
E03470,evaluation,0.13973039948520741,-0.2646470412355022,1,0.46696730465620762
E03471,evaluation,-0.87860898187417469,-2.7086615564980194,0,0.20516324440939745
E03472,evaluation,0.088488444955676843,-0.38762773210637558,1,0.4516976406489685
E03473,evaluation,0.062916028043972255,-0.44900153269446658,1,0.44410935493894138
E03474,evaluation,0.82322859005721227,1.3757486161373094,1,0.66549388929047426
E03475,evaluation,-0.10597237991638972,-0.85433371179933526,1,0.39480306275557531
E03476,evaluation,0.57672805678019001,0.78414733627245592,1,0.59678179285741684
E03477,evaluation,-0.26674929475162312,-1.2401983074038956,0,0.34975890080058963
E03478,evaluation,-0.81050868176172319,-2.5452208362281357,0,0.21881071905181815
E03479,evaluation,0.75240100904125273,1.2057624216990064,0,0.64631520488806582
E03480,evaluation,-1.5147551637612859,-4.2354123930270857,0,0.10738774650709737
E03481,evaluation,0.48504853501176853,0.56411648402824455,0,0.57005075699193575
E03482,evaluation,1.0675040846231223,1.9620098030954933,1,0.72730756526094631
E03483,evaluation,1.0541713368435599,1.9300112084245438,0,0.72412289031971411
E03484,evaluation,-0.61129439706179745,-2.0671065529483137,0,0.26239580755807868
E03485,evaluation,-0.15841196002645011,-0.98018870406348024,0,0.3798713409813021
E03486,evaluation,0.77591660061153644,1.2621998414676874,0,0.65273882403001249
E03487,evaluation,1.5998382932443542,3.2396119037864497,1,0.83476836646535524
E03488,evaluation,1.4264012197426492,2.8233629273823579,1,0.80403101914379893
E03489,evaluation,-0.89960115685265474,-2.7590427764463712,0,0.20108587789889512
E03490,evaluation,-0.1827944043194345,-1.0387065703666427,0,0.37300346967127179
E03491,evaluation,1.3777155522601194,2.7065173254242865,1,0.79466186906488456
E03492,evaluation,0.15610431405996394,-0.2253496462560865,0,0.47186105802035205
E03493,evaluation,-0.90981705051141049,-2.7835609212273851,0,0.19912366857134597
E03494,evaluation,-0.063164115425763001,-0.75159387702183111,0,0.40714102302503424
E03495,evaluation,0.34452632769839453,0.22686318647614689,1,0.52832753127158549
E03496,evaluation,-0.64071167313147781,-2.1377080155155466,0,0.25562108129097683
E03497,evaluation,-1.6249247631390971,-4.4998194315338322,1,0.095357252915989593
E03498,evaluation,-1.6344570893611017,-4.5226970144666439,0,0.094375051133375978
E03499,evaluation,1.7169877653410073,3.5207706368184168,0,0.85325791203987456
E03500,evaluation,-2.3567970859722718,-6.2563130063334516,0,0.041960653005560941
E03501,evaluation,-1.3003951425731859,-3.720948342175646,0,0.13464779302472354
E03502,evaluation,-0.41425253396629508,-1.5942060815191081,0,0.31064554734234934
E03503,evaluation,0.73816050898639285,1.171585221567343,0,0.64239919400774215
E03504,evaluation,0.0090170341598348382,-0.57835911801639639,0,0.42820473646098905
E03505,evaluation,0.51898698888913164,0.64556877333391582,0,0.58000267823443608
E03506,evaluation,1.4533037678134453,2.8879290427522686,1,0.80906782963896884
E03507,evaluation,1.7350957171573407,3.5642297211776177,1,0.85595781195050791
E03508,evaluation,0.37355772383170144,0.29653853719608347,1,0.53699955946945177
E03509,evaluation,0.34779700906245148,0.2347128217498835,0,0.52930547623102786
E03510,evaluation,0.70227649959974059,1.0854635990393775,1,0.63244767478681241
E03511,evaluation,0.14744377457538174,-0.24613494101908379,1,0.4692719055444548
E03512,evaluation,2.1587702865510496,4.5810486877225189,1,0.90808922284377525
E03513,evaluation,-1.2375052811775027,-3.5700126748260064,0,0.14368605299942017
E03514,evaluation,1.2180606599613859,2.3233455839073258,1,0.76163653697144884
E03515,evaluation,0.25542775099069759,0.013026602377674168,0,0.5016283195406841
E03516,evaluation,3.0083405312707909,6.6200172750498982,1,0.96477057437016023
E03517,evaluation,0.62707575842870522,0.90498182022889251,0,0.6112313066703976
E03518,evaluation,-0.5068200725386981,-1.8163681740928754,0,0.28737157288680248
E03519,evaluation,1.7185432531869136,3.5245038076485922,0,0.85349147097528921
E03520,evaluation,1.5062830877663165,3.0150794106391592,1,0.81869630505015101
E03521,evaluation,-0.27780036215547982,-1.2667208691731515,0,0.34674896043972186
E03522,evaluation,-0.68433530710631152,-2.2424047370551476,0,0.2457883246510493
E03523,evaluation,0.41585985867942332,0.39806366083061595,1,0.54959434775123617
E03524,evaluation,1.9420665479965131,4.0609597151916317,1,0.88396030814475768
E03525,evaluation,-0.42724569649965816,-1.6253896715991796,0,0.3073165400107058
E03526,evaluation,0.53014554091168498,0.67234929818804401,1,0.58326100123835856
E03527,evaluation,-0.20250694347259054,-1.0860166643342173,1,0.36748804544865621
E03528,evaluation,1.4325288320487599,2.8380691969170235,1,0.80518702728987579
E03529,evaluation,0.32865564137285452,0.18877353929485086,1,0.52357918969769579
E03530,evaluation,0.24673914228437302,-0.0078260585175047304,1,0.49902174393354987
E03531,evaluation,-1.3496084220694244,-3.8390602129666185,0,0.12791397471176516
E03532,evaluation,-0.086763263612279234,-0.80823183266947018,1,0.40032384967002826
E03533,evaluation,1.8895543414269418,3.9349304194246604,1,0.87733859103672218
E03534,evaluation,-0.022036461054415923,-0.65288750653059824,1,0.41910616351950392
E03535,evaluation,-0.5015729397949148,-1.8037750555077956,0,0.28866276434141069
E03536,evaluation,1.1648155596135294,2.1955573430724704,1,0.74984366421577986
E03537,evaluation,-0.14829113478887143,-0.95589872349329141,0,0.3827364703722857
E03538,evaluation,-0.40621382336537754,-1.574913176076906,1,0.31271505001444561
E03539,evaluation,-0.7692013362926019,-2.4460832071022445,1,0.22740162782898038
E03540,evaluation,-0.64955761294368086,-2.1589382710648342,1,0.25360649097957372
E03541,evaluation,-1.5503467780210283,-4.3208322672504673,0,0.10336187857657024
E03542,evaluation,0.53468647209332787,0.68324753302398678,1,0.58458490123424212
E03543,evaluation,-0.20271348061611352,-1.0865123534786725,0,0.36743043820431992
E03544,evaluation,-0.46009416926085317,-1.7042260062260475,0,0.2989897948358376
E03545,evaluation,-0.69769069156289432,-2.2744576597509463,0,0.242829514414103
E03546,evaluation,-0.38727185345148302,-1.5294524482835592,0,0.31762103245184931
E03547,evaluation,-0.55346700074615895,-1.9283208017907816,0,0.27604598702284311
E03548,evaluation,0.40864262160395454,0.38074229184949082,0,0.54744957062171495
E03549,evaluation,0.86296430587784689,1.4711143341068325,1,0.6760235680259995
E03550,evaluation,0.33732542348146449,0.20958101635551474,1,0.52617368021787003
E03551,evaluation,-0.67394631897589607,-2.2174711655421504,1,0.24810669015779352
E03552,evaluation,1.1328680247915508,2.1188832594997216,1,0.74258382556349289
E03553,evaluation,2.4107080245524375,5.1856992589258502,1,0.93039997381265893
E03554,evaluation,-0.15201487538518624,-0.96483570092444693,0,0.38168134782940288
E03555,evaluation,1.8671372368422776,3.8811293684214658,1,0.87441416684614115
E03556,evaluation,1.5875891310138097,3.210213914433143,1,0.83273094307519391
E03557,evaluation,0.70054495549722495,1.08130789319334,1,0.63196452926414382
E03558,evaluation,-0.20428791501818178,-1.0902909960436362,1,0.36699142220650938
E03559,evaluation,-0.74989530318622699,-2.3997487276469447,0,0.23149756723233519
E03560,evaluation,-0.62504096145791566,-2.1000983074989974,0,0.25921566206048335
E03561,evaluation,-1.2953784547772731,-3.7089082914654554,0,0.13535077696408704
E03562,evaluation,1.3543676819700876,2.6504824367282103,1,0.79005238702244329
E03563,evaluation,-0.46263950667382253,-1.7103348160171739,0,0.29835000046482646
E03564,evaluation,1.3974130746597473,2.7537913791833932,1,0.79849197161742291
E03565,evaluation,0.074896666979438919,-0.42024799924934658,1,0.44766142999594538
E03566,evaluation,0.27729118915752693,0.065498853978064653,1,0.50818662506368839
E03567,evaluation,0.11800019284112331,-0.31679953718130405,0,0.46048264911813314
E03568,evaluation,-0.46955054525479595,-1.7269213086115101,0,0.2966168232451234
E03569,evaluation,0.71367822566779238,1.1128277416027017,1,0.63562237384104292
E03570,evaluation,0.38571617874205505,0.32571882898093207,0,0.54062510102152239
E03571,evaluation,1.5567448568982662,3.1361876565558386,1,0.82751169860661189
E03572,evaluation,-1.6108401259812657,-4.4660163023550377,0,0.096825258547024062
E03573,evaluation,-1.6026393709382758,-4.4463344902518616,0,0.097689268115113775
E03574,evaluation,0.62273634709101777,0.89456723301844254,0,0.60999319567354882
E03575,evaluation,1.1305173554345724,2.1132416530429738,1,0.74204425145428765
E03576,evaluation,0.75789454488701713,1.2189469077288408,1,0.64782068043428576
E03577,evaluation,0.2297228254893999,-0.048665218825440282,0,0.49391714776969942
E03578,evaluation,1.2780394123841956,2.4672945897220693,1,0.7744562985741138
E03579,evaluation,-0.070200513915842436,-0.76848123339802177,0,0.40510452040129041
E03580,evaluation,-0.34970895676436964,-1.4393014962344872,0,0.32746989521364905
E03581,evaluation,-0.92058624837916392,-2.8094069961099932,0,0.19707079803856911
E03582,evaluation,-1.6579881922748969,-4.5791716614597524,0,0.09198913845885881
E03583,evaluation,0.2773809430115895,0.065714263227814818,1,0.50821354397769236
E03584,evaluation,-0.18718811842916133,-1.0492514842299872,0,0.37177121819980657
E03585,evaluation,1.0589972491560007,1.9415933979744016,1,0.72527826831303954
E03586,evaluation,1.349710189747771,2.6393044553946501,1,0.78912384045484907
E03587,evaluation,0.25848953192176422,0.020374876612234138,0,0.50254683754983975
E03588,evaluation,-0.46264397865019413,-1.7103455487604657,0,0.29834887708441071
E03589,evaluation,-0.32449665200224476,-1.3787919648053872,0,0.3341674534373576
E03590,evaluation,-1.258352821620164,-3.6200467718883935,0,0.14063529935504437
E03591,evaluation,1.7991120852871472,3.7178690046891529,1,0.86517270727773465
E03592,evaluation,2.1356061522382626,4.5254547653718307,1,0.90574273325033006
E03593,evaluation,-1.1240779058054091,-3.2977869739329817,0,0.16125855405772782
E03594,evaluation,1.0973900782808015,2.0337361878739233,1,0.73436209335215763
E03595,evaluation,0.47408235675705501,0.5377976562169321,0,0.56682254892467043
E03596,evaluation,-0.48483128769867961,-1.7635950904768309,0,0.29280542190167397
E03597,evaluation,0.82111734558893557,1.3706816294134452,1,0.66492966757851268
E03598,evaluation,0.55509870735487588,0.73223689765170208,1,0.59052072692017799
E03599,evaluation,0.61204726094168893,0.86891342626005341,0,0.60693738670080655
E03600,evaluation,-0.1385601866858486,-0.93254444804603653,0,0.38549893683453645
E03601,evaluation,0.13316291400876154,-0.28040900637897231,0,0.46500617910846642
E03602,evaluation,1.5379929747520311,3.0911831394048743,0,0.82427610526703665
E03603,evaluation,-0.21791551313192808,-1.1229972315166274,0,0.36320077990628585
E03604,evaluation,-0.8622657012682613,-2.6694376830438271,0,0.20837988472568156
E03605,evaluation,-0.61717719013726968,-2.0812252563294473,0,0.26103180419604644
E03606,evaluation,0.49078752576568019,0.57789006183763247,1,0.57173783943909851
E03607,evaluation,0.59005251837776096,0.81612604410662637,1,0.60062333705864879
E03608,evaluation,-1.0070016831827175,-3.0168040396385223,0,0.18117573448403554
E03609,evaluation,1.488578611153156,2.9725886667675745,0,0.81552142071507217
E03610,evaluation,-1.7755391173210264,-4.8612938815704627,0,0.080865369549885366
E03611,evaluation,1.2799889077205846,2.4719733785294027,1,0.77486466696046929
E03612,evaluation,-0.31273104483489972,-1.3505545076037593,0,0.3373161843900615
E03613,evaluation,0.51731632821467521,0.64155918771522058,1,0.57951423338769847
E03614,evaluation,1.1552442213998253,2.1725861313595805,0,0.74768303920289658
E03615,evaluation,-1.0502632575369271,-3.1206318180886248,0,0.17360132080144883
E03616,evaluation,-0.51580127163865519,-1.8379230519327723,0,0.28516953778560872
E03617,evaluation,0.2315986971378349,-0.044163126869196212,0,0.49447983344019963
E03618,evaluation,0.42229595540131265,0.41351029296315034,1,0.55150543899447146
E03619,evaluation,-1.6275776424110742,-4.5061863417865773,0,0.095082988085081366
E03620,evaluation,-3.40962888056429,-8.783109313354295,0,0.012230039512104923
E03621,evaluation,-2.3240348902530332,-6.1776837366072792,0,0.043569870580017191
E03622,evaluation,0.37155751800735148,0.29173804321764352,1,0.53640273086536272
E03623,evaluation,0.41900085292831923,0.40560204702796609,0,0.55052719983801579
E03624,evaluation,0.33454708319634141,0.20291299967121934,0,0.52534239036216435
E03625,evaluation,0.53689020813303601,0.6885364995192863,0,0.58522695782017686
E03626,evaluation,0.98955679624707205,1.7749363109929726,1,0.70836741254222768
E03627,evaluation,-0.95978846274576368,-2.9034923105898329,0,0.18973297647725054
E03628,evaluation,0.26993852107068694,0.047852450569648708,1,0.50598127098527468
E03629,evaluation,-0.96008833263023963,-2.9042119983125749,1,0.18967766228274235
E03630,evaluation,0.48253547088178445,0.55808513011628269,1,0.56931148039488155
E03631,evaluation,-1.5060337332774036,-4.2144809598657682,0,0.10839507412506549
E03632,evaluation,0.55729924689568855,0.73751819254965245,1,0.59115909834894376
E03633,evaluation,1.0564436928406085,1.9354648628174602,0,0.72466729262539453
E03634,evaluation,0.75122151705710039,1.2029316409370407,1,0.64599159120294536
E03635,evaluation,0.54788760487918298,0.71493025171003921,1,0.58842667430802953
E03636,evaluation,-0.64258005200186963,-2.1421921248044868,0,0.25519469929858213
E03637,evaluation,-0.8190987205557908,-2.5658369293338978,0,0.2170538458493064
E03638,evaluation,1.0015888044328214,1.8038131306387712,1,0.71134114475131371
E03639,evaluation,-0.50208681370085628,-1.8050083528820551,0,0.28853616031651225
E03640,evaluation,-0.51564119995016244,-1.8375388798803898,0,0.28520869572915425
E03641,evaluation,-0.52077668943001409,-1.8498640546320337,0,0.28395402646866313
E03642,evaluation,-1.3967220907734097,-3.9521330178561831,0,0.12173877528311117
E03643,evaluation,-1.0608097355691599,-3.1459433653659836,0,0.17179316743391304
E03644,evaluation,0.079391099395068998,-0.40946136145183443,0,0.44899535896860504
E03645,evaluation,0.6263952226816385,0.90334853443593233,1,0.61103723216356065
E03646,evaluation,0.30752084457640733,0.13805002698337754,0,0.5172494052523825
E03647,evaluation,0.77632438369507129,1.2631785208681712,1,0.65284973478479169
E03648,evaluation,0.42855568581503883,0.42853364595609322,0,0.55336270377191787
E03649,evaluation,-0.21052653716676656,-1.1052636892002397,0,0.36525401676164665
E03650,evaluation,-0.27306261936608761,-1.2553502864786101,0,0.34803787873264935
E03651,evaluation,0.64675192390086411,0.95220461736207385,1,0.6168270702897527
E03652,evaluation,-0.11949721853027025,-0.88679332447264858,0,0.39093191092034169
E03653,evaluation,-1.233031863553286,-3.5592764725278863,0,0.14434781033080943
E03654,evaluation,1.0678593917877166,1.9628625402905198,1,0.72739211929072212
E03655,evaluation,-1.4481807677181713,-4.0756338425236107,1,0.11528921392099475
E03656,evaluation,-0.0090519246564531239,-0.62172461917548749,0,0.4229042728457969
E03657,evaluation,0.96877938096549021,1.7250705143171765,0,0.70319006992791167
E03658,evaluation,-0.018341549976235497,-0.64401971994296514,1,0.4201860078190276
E03659,evaluation,0.29681296138436297,0.11235110732247111,1,0.5140401963972282
E03660,evaluation,1.7520984631887802,3.6050363116530719,1,0.85845519217963095
E03661,evaluation,0.56634221167582377,0.75922130802197707,1,0.59377919398472512
E03662,evaluation,-0.075855704941272514,-0.78205369185905405,0,0.40347013290897621
E03663,evaluation,-0.72822957602944594,-2.3477509824706702,1,0.23615518555679393
E03664,evaluation,-1.3046728856781642,-3.7312149256275942,0,0.13405079430428912
E03665,evaluation,0.16276629640089207,-0.20936088863785901,0,0.47385376042534333
E03666,evaluation,0.63809939802912397,0.93143855526989749,0,0.614370067678081
E03667,evaluation,-0.801480789334718,-2.5235538944033231,1,0.22066815232569692
E03668,evaluation,-1.809094620977046,-4.9418270903449102,0,0.077922571005810612
E03669,evaluation,0.99298177347524774,1.7831562563405945,0,0.7092157354304055
E03670,evaluation,-1.3465004236228064,-3.8316010166947354,0,0.12833059648108691
E03671,evaluation,-0.63199842832655495,-2.1167962279837318,0,0.25761569618441982
E03672,evaluation,0.75702945320204518,1.2168706876849082,1,0.64758380029371609
E03673,evaluation,0.090203823130401747,-0.38351082448703577,1,0.452207502000468
E03674,evaluation,0.62156709117538156,0.89176101882091563,1,0.60965934292496538
E03675,evaluation,-0.10737508700741122,-0.85770020881778697,1,0.39440094942036641
E03676,evaluation,0.38968548051274604,0.33524515323059045,0,0.54180779934267032
E03677,evaluation,0.43885549841591459,0.45325319619819504,0,0.55641539985599786
E03678,evaluation,1.9495211201829679,4.0788506884391227,1,0.88487473989199084
E03679,evaluation,-0.8010649544070354,-2.5225558905768848,0,0.2207539795018614
E03680,evaluation,-1.0199214347182513,-3.0478114433238028,1,0.17888710190500356
E03681,evaluation,-0.4013674528121069,-1.5632818867490563,0,0.31396633299827698
E03682,evaluation,-0.23036722240800264,-1.1528813337792063,0,0.35975200673419439
E03683,evaluation,-0.19847734491665622,-1.076345627799975,1,0.36861273459727217
E03684,evaluation,-0.68213214922444065,-2.2371171581386573,0,0.24627875020753887
E03685,evaluation,-1.2166588520629145,-3.5199812449509946,0,0.14679151427397308
E03686,evaluation,0.97578743016934832,1.7418898324064358,1,0.70494227735857218
E03687,evaluation,0.11922432529491478,-0.31386161929220452,0,0.46084761601757296
E03688,evaluation,-0.90908874046798982,-2.7818129771231757,0,0.19926308054555478
E03689,evaluation,0.33467295534643737,0.20321509283144967,0,0.52538005485528172
E03690,evaluation,0.89721636648094871,1.5533192795542767,0,0.68495974370021084
E03691,evaluation,0.90230138865862441,1.5655233327806983,1,0.68627501084130582
E03692,evaluation,-1.3154111459617714,-3.7569867503082515,0,0.13256202344173926
E03693,evaluation,1.18460916234877,2.2430619896370478,0,0.754272589826255
E03694,evaluation,0.50883216417858368,0.62119719402860085,1,0.57703136514457443
E03695,evaluation,-0.57306771611578589,-1.975362518677886,0,0.27137031555555891
E03696,evaluation,-0.85572697358693495,-2.653744736608644,0,0.20967718277419198
E03697,evaluation,0.3201900194839884,0.16845604676157211,0,0.52104456583898029
E03698,evaluation,-0.22334590774152802,-1.1360301785796671,0,0.36169495867325591
E03699,evaluation,-0.11539975300655185,-0.87695940721572441,0,0.392103285013086
E03700,evaluation,1.4469405675347369,2.8726573620833684,1,0.807885482761035
E03701,evaluation,0.69890672899242712,1.0773761495818253,1,0.63150717775527654
E03702,evaluation,0.51393476360646484,0.6334434326555155,1,0.57852510219511388
E03703,evaluation,-1.2417707628915393,-3.5802498309396942,0,0.14305740916163495
E03704,evaluation,-0.10198659693636258,-0.84476783264727018,0,0.39594644085974234
E03705,evaluation,-1.5438777724484336,-4.3053066538762401,0,0.10408353992155685
E03706,evaluation,0.14240876174472114,-0.25821897181266923,0,0.46776739056624594
E03707,evaluation,-1.0808873079480448,-3.1941295390753073,0,0.16839225369913738
E03708,evaluation,-0.094338688422276454,-0.8264128522134635,1,0.39814353010392795
E03709,evaluation,0.77264498030159212,1.2543479527238208,1,0.65184839407835393
E03710,evaluation,1.616923787987818,3.2806170911707628,1,0.83757691689604985
E03711,evaluation,-1.0440990420388914,-3.1058377008933391,0,0.17466509520876075
E03712,evaluation,-1.2652059655124883,-3.636494317229972,0,0.13964433298442488
E03713,evaluation,-0.72147283925660788,-2.3315348142158587,1,0.23762089725403718
E03714,evaluation,-0.93048057887686464,-2.8331533893044751,1,0.19519881089096194
E03715,evaluation,-0.30056802359495516,-1.3213632566278923,0,0.34058650982907546
E03716,evaluation,1.234671349951459,2.3632112398835012,1,0.76523637568022784
E03717,evaluation,2.1842465933599673,4.6421918240639215,1,0.91060918816119696
E03718,evaluation,-0.2699623909628403,-1.2479097383108166,1,0.34888251340752602
E03719,evaluation,-0.25566648155638594,-1.2135995557353261,0,0.35278955701218118
E03720,evaluation,0.44042776507993991,0.45702663619185568,1,0.55688102529716288
E03721,evaluation,0.85806383214576798,1.4593531971498428,1,0.67473430035405346
E03722,evaluation,-0.58652869538535057,-2.0076688689248412,0,0.26818819406389321
E03723,evaluation,-0.23213476413690309,-1.1571234339285674,0,0.35926360967719989
E03724,evaluation,-0.20520820871032258,-1.0924997009047741,0,0.36673490921372542
E03725,evaluation,-0.48359554627152984,-1.7606293110516718,1,0.29311257879436592
E03726,evaluation,-0.31347410379716478,-1.3523378491131954,0,0.33711689460311339
E03727,evaluation,0.79246822844219511,1.301923748261268,1,0.65722718606337249
E03728,evaluation,-0.21313243276135294,-1.1115178386272468,1,0.36452933069756421
E03729,evaluation,-0.20148989638869147,-1.0835757513328594,1,0.36777177491881091
E03730,evaluation,1.0764657374707054,1.9835177699296929,1,0.729435195043587
E03731,evaluation,-1.5444284662507051,-4.3066283190016916,0,0.10402193330222886
E03732,evaluation,0.48646775303954687,0.56752260729491255,1,0.57046811539990838
E03733,evaluation,0.13336060777675021,-0.27993454133579948,0,0.46506519722129924
E03734,evaluation,1.4476218479640526,2.874292435113726,1,0.80801233782884607
E03735,evaluation,0.81706197841900507,1.3609487482056122,1,0.6638445645640485
E03736,evaluation,-1.9496493059517028,-5.2791583342840864,0,0.066634204117590926
E03737,evaluation,-1.773552484278383,-4.8565259622681189,0,0.081042737261888764
E03738,evaluation,-0.8669705376095721,-2.6807292902629731,0,0.20745009919679802
E03739,evaluation,-0.033700814059022526,-0.68088195374165406,0,0.41570236248889575
E03740,evaluation,0.042651981962107129,-0.49763524329094289,1,0.43811454408854106
E03741,evaluation,-0.025200836693728388,-0.66048200806494806,1,0.41818198432028819
E03742,evaluation,-0.11994928927640967,-0.88787829426338316,1,0.3908027506596824
E03743,evaluation,-0.15483505609454162,-0.97160413462689987,0,0.38088299073213894
E03744,evaluation,-1.8182418981597401,-4.9637805555833756,0,0.077137530697336851
E03745,evaluation,0.29867415798884589,0.11681797917323011,0,0.51459809738128948
E03746,evaluation,0.93504054616677679,1.6440973108002641,1,0.69467103965824395
E03747,evaluation,0.679771911143501,1.0314525867444022,0,0.62614788896352491
E03748,evaluation,1.3190027487020803,2.5656065968849928,1,0.78292658199501863
E03749,evaluation,-0.64876155726332163,-2.1570277374319717,0,0.2537873562200671
E03750,evaluation,1.6350887229050817,3.3242129349721958,0,0.84052056863275049
E03751,evaluation,1.3846599206569674,2.7231838095767218,1,0.7960183021427647
E03752,evaluation,0.81153732654908595,1.347689583717806,0,0.66236353711374374
E03753,evaluation,0.75717585518514063,1.2172220524443373,1,0.64762389331494807
E03754,evaluation,0.67100331192879692,1.0104079486291124,0,0.6236815028660978
E03755,evaluation,-1.3321309749173444,-3.7971143398016265,0,0.13027186141748986
E03756,evaluation,-0.78171604020209862,-2.4761184964850367,1,0.22477398231977574
E03757,evaluation,1.5948793973243132,3.2277105535783512,1,0.83394595310933051
E03758,evaluation,0.42696600399832013,0.42471840959596829,1,0.55289118346302368
E03759,evaluation,0.47303810889181436,0.53529146134035444,1,0.56651484423681164
E03760,evaluation,1.6154836108955182,3.2771606661492432,1,0.83734167052651409
E03761,evaluation,-0.82282678208396787,-2.5747842770015228,0,0.21629454551987234
E03762,evaluation,1.2731346742566017,2.455523218215844,1,0.77342656340611415
E03763,evaluation,0.61263667179304615,0.87032801230331069,0,0.60710610886431471
E03764,evaluation,1.0752754104480911,1.9806609850754184,1,0.72915319587101834
E03765,evaluation,0.22210794727325414,-0.066940926544190038,0,0.49163316526155487
E03766,evaluation,-0.44189983248872933,-1.6605595979729504,0,0.30358591140235286
E03767,evaluation,0.20215124018305283,-0.11483702356067321,1,0.48564931455217969
E03768,evaluation,-0.56657703433132733,-1.9597848823951853,0,0.27291312619761998
E03769,evaluation,-0.19659224175650411,-1.0718213802156098,1,0.36913937167605498
E03770,evaluation,0.54514667140313866,0.70835201136753267,0,0.5876298817804736
E03771,evaluation,2.3074091549938882,4.9377819719853315,1,0.92193198270021492
E03772,evaluation,-0.83232395474762644,-2.5975774913943033,1,0.21436893965009327
E03773,evaluation,1.1414550159335917,2.1394920382406197,1,0.7445486126865698
E03774,evaluation,0.87947694939374665,1.5107446785449916,0,0.68034817644580259
E03775,evaluation,1.2523344419968683,2.4056026607924839,1,0.76902274969384021
E03776,evaluation,-2.2892572972034699,-6.0942175132883269,0,0.045342460966683588
E03777,evaluation,-0.057105795480895713,-0.7370539091541497,1,0.40889700916943306
E03778,evaluation,1.041406617280505,1.8993758814732118,1,0.72105241605403303
E03779,evaluation,-1.5634259670425943,-4.3522223209022259,0,0.10191632036092646
E03780,evaluation,-0.30395356917373767,-1.3294885660169704,0,0.33967468081422852
E03781,evaluation,0.71379861176122705,1.1131166682269451,1,0.63565583183791929
E03782,evaluation,1.6595873813458957,3.3830097152301493,1,0.84442196079167109
E03783,evaluation,1.8060608936300009,3.7345461447120019,1,0.86614243379217315
E03784,evaluation,0.093246954971600821,-0.37620730806815805,1,0.4531122573868932
E03785,evaluation,-0.050256469874409494,-0.72061552769858273,1,0.41088506703413602
E03786,evaluation,0.95761321653793086,1.698271719691034,1,0.7003858379436384
E03787,evaluation,1.4037279545106383,2.7689470908255318,1,0.79970851034270918
E03788,evaluation,1.7732640519770406,3.6558337247448969,1,0.8615133787994107
E03789,evaluation,0.14476014304182241,-0.25257565669962617,0,0.46846993684936822
E03790,evaluation,-0.17897064335910251,-1.0295295440618459,0,0.37407721769067365
E03791,evaluation,-0.81664925710143299,-2.5599582170434392,0,0.21755377978967405
E03792,evaluation,1.1028072649631295,2.0467374359115107,1,0.73562826527048775
E03793,evaluation,-0.97453368078920766,-2.9388808338940984,0,0.18702768273532122
E03794,evaluation,-0.98037606623106988,-2.9529025589545679,0,0.18596403103293604
E03795,evaluation,-0.65994552997805433,-2.1838692719473305,0,0.25125414891261055
E03796,evaluation,-1.3135246088880599,-3.7524590613313435,0,0.13282255801758516
E03797,evaluation,-0.60903904058410363,-2.0616936974018487,0,0.26291995782488536
E03798,evaluation,0.40322198003014714,0.36773275207235312,0,0.54583753152072156
E03799,evaluation,-0.5839530215979718,-2.0014872518351323,0,0.26879524076438965
E03800,evaluation,2.2213134926038611,4.7311523822492667,1,0.9141643690828728
E03801,evaluation,0.52320650176077843,0.65569560422586826,1,0.58123562198384215
E03802,evaluation,1.1292503687578761,2.1102008850189025,1,0.74175312070657562
E03803,evaluation,1.2061763904514626,2.2948233370835101,1,0.75903783012913195
E03804,evaluation,1.1327701822573411,2.1186484374176184,1,0.74256138144125228
E03805,evaluation,0.0142984568230134,-0.56568370362476783,0,0.42975719636858328
E03806,evaluation,-0.74711938790983967,-2.3930865309836151,0,0.23209072106285089
E03807,evaluation,0.66878740179061746,1.0050897642974821,1,0.62305720130828279
E03808,evaluation,0.49613329508531095,0.59071990820474618,1,0.57330782912110645
E03809,evaluation,1.1541074546954317,2.1698578912690358,1,0.74742560677246928
E03810,evaluation,0.74710808863925005,1.1930594127342,1,0.64486195701020343
E03811,evaluation,1.996472179820324,4.1915332315687781,1,0.89049103485709502
E03812,evaluation,-1.3479570276604462,-3.8350968663850709,0,0.12813519735722714
E03813,evaluation,1.3617216582930287,2.6681319799032686,1,0.79151240187222849
E03814,evaluation,0.10786292331816126,-0.34112898403641295,0,0.45746195430059094
E03815,evaluation,0.089861620072783033,-0.38433211182532068,1,0.45210578104154953
E03816,evaluation,0.66187152440654284,0.98849165857570276,1,0.62110612992176883
E03817,evaluation,-2.1120743650402791,-5.6689784760966697,0,0.055488648450100667
E03818,evaluation,0.026712528101540092,-0.53588993255630379,0,0.43341167220984023
E03819,evaluation,0.87355747464673117,1.4965379391521547,1,0.67880139938145445
E03820,evaluation,0.58400080221271222,0.80160192531050922,1,0.59888008477679455
E03821,evaluation,0.46099839969974582,0.50639615927938986,1,0.56296350012249019
E03822,evaluation,1.4127056876738846,2.7904936504173228,1,0.80142854800569296
E03823,evaluation,0.94065234095342076,1.6575656182882095,0,0.69609749972353419
E03824,evaluation,0.20338882970457248,-0.11186680870902604,0,0.48602029340061731
E03825,evaluation,-0.56335671360441575,-1.9520561126505975,1,0.27368061463958132
E03826,evaluation,-0.37622589669743728,-1.5029421520738495,0,0.32050084524594963
E03827,evaluation,-1.0574811784945657,-3.1379548283869578,1,0.17236221829175571
E03828,evaluation,-0.91965371426552134,-2.8071689142372511,0,0.19724792827554921
E03829,evaluation,-1.8599321636789092,-5.0638371928293813,0,0.07365064089225036
E03830,evaluation,0.16647036097811457,-0.200471133652525,0,0.47496206814466518
E03831,evaluation,-0.71622591325761631,-2.3189421918182789,0,0.23876340307029958
E03832,evaluation,0.36592975782253195,0.27823141877407664,0,0.53472294544854626
E03833,evaluation,-0.037778717881068027,-0.69066892291456328,0,0.41451425736759961
E03834,evaluation,0.7743572036542764,1.2584572887702632,1,0.65231453908255699
E03835,evaluation,-0.41693599731639003,-1.600646393559336,0,0.30995638819249849
E03836,evaluation,1.5729623726499364,3.1751096943598474,1,0.83027180904073894
E03837,evaluation,-1.0585146065870619,-3.1404350558089487,0,0.17218538362235147
E03838,evaluation,0.017108129435258065,-0.55894048935538065,0,0.43058365741793952
E03839,evaluation,1.2038377806538576,2.2892106735692579,0,0.75852418066900029
E03840,evaluation,1.0013659464995759,1.8032782715989821,0,0.71128622902865069
E03841,evaluation,0.83915403419444345,1.4139696820666643,1,0.6697345779213375
E03842,evaluation,0.52078366316467639,0.64988079159522327,1,0.58052779035659574
E03843,evaluation,-0.8522241000411831,-2.6453378400988394,1,0.21037459744118747
E03844,evaluation,1.2162151210340162,2.3189162904816385,0,0.76123424306731258
E03845,evaluation,0.28699443965186577,0.088786655164477812,1,0.51109650956868224
E03846,evaluation,-0.93069438953760975,-2.8336665348902632,0,0.19515850742326574
E03847,evaluation,0.38879941025505516,0.3331185846121324,1,0.54154382506186138
E03848,evaluation,-0.53148458329865222,-1.8755629999167653,1,0.28134868699812748
E03849,evaluation,-0.54646484470959211,-1.9115156273030212,0,0.27772835467965989
E03850,evaluation,1.280551052444407,2.4733225258665765,1,0.77498232412219525
E03851,evaluation,-0.33485922173940447,-1.4036621321745706,0,0.33140638200729333
E03852,evaluation,2.5292868632821492,5.4702884718771587,1,0.93906884856580097
E03853,evaluation,-0.58899731599482019,-2.0135935583875684,0,0.26760719395221133
E03854,evaluation,-1.5243244064523096,-4.2583785754855423,0,0.10629197989358938
E03855,evaluation,-0.48017669302582322,-1.7524240632619756,0,0.29396335352669528
E03856,evaluation,0.20405350797278024,-0.1102715808653274,1,0.48621954321279226
E03857,evaluation,-0.96235974462159957,-2.9096633870918391,0,0.18925907724446431
E03858,evaluation,-1.4427359832275886,-4.0625663597462127,0,0.11595731690143481
E03859,evaluation,0.03163625594728009,-0.52407298572652772,1,0.43486315920423985
E03860,evaluation,-1.0357604067420625,-3.08582497618095,0,0.17611228351445152
E03861,evaluation,-0.86565104380436375,-2.677562505130473,0,0.20771055257496987
E03862,evaluation,-0.26384874690371518,-1.2332369925689164,0,0.35055091177850312
E03863,evaluation,0.56324249443698049,0.75178198664875306,1,0.59288167946516668
E03864,evaluation,0.63439197430501348,0.92254073833203243,0,0.61331549971521837
E03865,evaluation,0.57857665613806097,0.78858397473134623,1,0.59731547950223274
E03866,evaluation,0.40950463249406704,0.38281111798576084,0,0.54770583234648473
E03867,evaluation,0.16461046334912749,-0.20493488796209403,0,0.47440552934665875
E03868,evaluation,0.90439898669047258,1.5705575680571342,0,0.68681669607811668
E03869,evaluation,1.5740790380522915,3.1777896913254993,0,0.83046055877799319
E03870,evaluation,0.070633507651014074,-0.43047958163756617,0,0.44639683737350577
E03871,evaluation,0.57064910681466596,0.76955785635519824,1,0.59502520326179387
E03872,evaluation,-0.79615955723810095,-2.5107829373714421,0,0.22176824527497194
E03873,evaluation,0.25667405946905114,0.016017742725722761,1,0.50200220713859245
E03874,evaluation,0.5423094274160124,0.70154262579842974,1,0.58680460778160537
E03875,evaluation,-0.2721534033530747,-1.2531681680473792,0,0.34828548929575126
E03876,evaluation,2.083585590915396,4.4006054181969505,1,0.90027669096363749
E03877,evaluation,0.77536663603596212,1.2608799264863091,0,0.65258921582830975
E03878,evaluation,1.5065069691976689,3.0156167260744051,1,0.81873617921691522
E03879,evaluation,-1.5829460399713986,-4.3990704959313565,0,0.099792231769370979
E03880,evaluation,0.77214886996278953,1.2531572879106947,0,0.65171327590178962
E03881,evaluation,0.33589062321591423,0.20613749571819417,0,0.52574440041061199
E03882,evaluation,-0.98540853987850952,-2.9649804957084229,0,0.18505157668399611
E03883,evaluation,0.021625054992151879,-0.54809986801883548,0,0.43191311358468892
E03884,evaluation,-0.21084132514775189,-1.1060191803546044,1,0.36516644335586912
E03885,evaluation,-0.3752673423571537,-1.5006416216571687,0,0.32075140176968348
E03886,evaluation,1.3493265422072955,2.6383837012975091,1,0.78904722010765671
E03887,evaluation,0.094384636743668898,-0.37347687181519462,0,0.45345058214481015
E03888,evaluation,1.6024039359933759,3.2457694463841018,0,0.83519258425827114
E03889,evaluation,-1.279735606923079,-3.6713654566153897,0,0.13756268921960799
E03890,evaluation,1.0358644818015494,1.8860747563237186,1,0.71971278515042081
E03891,evaluation,1.28891553496209,2.4933972839090157,1,0.77672785716266324
E03892,evaluation,0.7920135847520372,1.3008326034048894,0,0.65710426917783626
E03893,evaluation,0.8010973320848338,1.3226335970036009,1,0.65955612690588838
E03894,evaluation,-0.42394902244959953,-1.617477653879039,1,0.30815930912600187
E03895,evaluation,0.99890899555333812,1.7973815893280114,1,0.71068038624097796
E03896,evaluation,0.34444481865285487,0.22666756476685168,1,0.52830315697863339
E03897,evaluation,0.30304162249584465,0.12729989399002717,1,0.51590711671529421
E03898,evaluation,-1.0039495974439323,-3.0094790338654374,1,0.18171970535491314
E03899,evaluation,-0.32791135174320135,-1.3869872441836832,0,0.33325635077200794
E03900,evaluation,-0.60127316524827501,-2.0430555965958601,0,0.2647299107997042
E03901,evaluation,-0.78928920764883992,-2.4942940983572157,0,0.22319438894688043
E03902,evaluation,-0.1559883663362277,-0.97437207920694646,1,0.38055668849584579
E03903,evaluation,0.80462053631964936,1.3310892871671585,1,0.66050481365290592
E03904,evaluation,1.1631566213523692,2.191575891245686,0,0.7494700618495026
E03905,evaluation,-0.041403244173571496,-0.69936778601657157,0,0.41345907830297779
E03906,evaluation,-0.47021690347279338,-1.7285205683347042,0,0.29645001937873472
E03907,evaluation,-0.023510991412350427,-0.65642637938964099,0,0.41867544503676024
E03908,evaluation,-0.83521488603930938,-2.6045157264943426,0,0.21378526751288449
E03909,evaluation,0.087859270243675652,-0.38913775141517842,0,0.45151065658987849
E03910,evaluation,1.0347046648408484,1.8832911956180363,0,0.71943194062584892
E03911,evaluation,-0.37149993907494133,-1.4915998537798592,0,0.3217371636274014
E03912,evaluation,0.018072406935202227,-0.55662622335551459,0,0.43086738763240545
E03913,evaluation,-0.83070462007876333,-2.5936910881890318,0,0.21469638539058972
E03914,evaluation,0.28599466868952789,0.08638720485486695,1,0.51079672205012616
E03915,evaluation,0.62114713448072545,0.89075312275374097,1,0.60953940935279083
E03916,evaluation,-0.43116649420664177,-1.6347995860959403,0,0.3063158902524028
E03917,evaluation,0.020037424220582259,-0.55191018187060259,0,0.43144571709588325
E03918,evaluation,0.43207335621293463,0.43697605491104319,0,0.55440574818198995
E03919,evaluation,0.31307571774590481,0.15138172259017157,1,0.5189136863089675
E03920,evaluation,0.52043453681650875,0.64904288835962098,1,0.58042576579764793
E03921,evaluation,-0.1716250332744795,-1.0119000798587507,0,0.37614340954531555
E03922,evaluation,0.56871040276128759,0.76490496662709029,1,0.59446447564496363
E03923,evaluation,0.75396096389989198,1.2095063133597406,1,0.64674299917351152
E03924,evaluation,-0.72797869550861782,-2.3471488692206828,1,0.23620949624483531
E03925,evaluation,0.6633400537612939,0.99201612902710534,1,0.6215207539668185
E03926,evaluation,0.34577334623286393,0.22985603095887341,1,0.52870042015302943
E03927,evaluation,-2.5543793443193237,-6.7305104263663766,0,0.033399149194244589
E03928,evaluation,0.4231601413025784,0.41558433912618808,0,0.5517619300166261
E03929,evaluation,1.2977973841039188,2.5147137218494047,1,0.77857077055887192
E03930,evaluation,-1.22549459808591,-3.5411870354061841,0,0.14546853474495433
E03931,evaluation,0.91681972402751244,1.6003673376660297,1,0.69001376830100902
E03932,evaluation,-0.039583702803346305,-0.69500088672803106,0,0.4139886880001043
E03933,evaluation,-1.2484076036189935,-3.5961782486855842,0,0.14208383376469055
E03934,evaluation,-0.23099161701391613,-1.1543798808333987,1,0.35957944432941291
E03935,evaluation,-0.0070718958253885612,-0.61697254998093254,0,0.42348426490806584
E03936,evaluation,-0.34847610467342444,-1.4363426512162185,1,0.32779579653326341
E03937,evaluation,0.53054104688477188,0.67329851252345241,0,0.58337635830560142
E03938,evaluation,-0.78479488913017859,-2.4835077339124285,0,0.2241308473540522
E03939,evaluation,0.69826595803538316,1.0758382992849196,0,0.63132822627903062
E03940,evaluation,-1.2168201919378516,-3.5203684606508441,0,0.1467672677559447
E03941,evaluation,0.57342846368802058,0.77622831285124938,1,0.59582863853749779
E03942,evaluation,-0.54455033702649291,-1.9069208088635827,1,0.27818943945699381
E03943,evaluation,0.18474990729481983,-0.15660022249243238,1,0.48043496711763206
E03944,evaluation,0.19569082506666968,-0.13034201983999277,0,0.4837130117021981
E03945,evaluation,-0.80570343965709812,-2.5336882551770352,0,0.21979796401845755
E03946,evaluation,-0.39182428921427209,-1.540378294114253,0,0.31643819137723694
E03947,evaluation,0.73781890690463159,1.1707653765711159,1,0.64230502010329305
E03948,evaluation,1.5431977042363016,3.1036744901671236,0,0.82517892872061238
E03949,evaluation,1.1357313904754158,2.1257553371409976,1,0.74324008733521763
E03950,evaluation,0.98013834658885657,1.7523320318132556,1,0.70602709586976997
E03951,evaluation,2.1146741998719838,4.4752180796927616,1,0.90357634408920939
E03952,evaluation,-2.5898625810050167,-6.8156701944120393,0,0.032051493858211898
E03953,evaluation,-0.35196875973232766,-1.4447250233575863,0,0.3268729540561911
E03954,evaluation,-0.38839964112621528,-1.5321591387029168,1,0.31732778366154668
E03955,evaluation,-0.098163282370103702,-0.83559187768824883,0,0.39704428271947362
E03956,evaluation,1.3685686545385276,2.6845647708924663,1,0.79286502833062278
E03957,evaluation,-0.32141481616678885,-1.3713955588002933,0,0.33499080601152015
E03958,evaluation,-0.38702965205137552,-1.5288711649233013,0,0.31768402886160041
E03959,evaluation,-0.24752869209200104,-1.1940688610208023,1,0.35502246203654242
E03960,evaluation,-0.51308804121072826,-1.8314112989057478,0,0.28583370525885277
E03961,evaluation,1.4843267764991888,2.9623842635980528,1,0.81475257764918452
E03962,evaluation,0.44125030618550259,0.4590007348452062,0,0.55712458038503943
E03963,evaluation,1.012662004272699,1.8303888102544774,1,0.71406192158071302
E03964,evaluation,-0.3710158508285426,-1.4904380419885022,1,0.32186394340855273
E03965,evaluation,-0.25185546802770675,-1.2044531232664961,1,0.35383445692449328
E03966,evaluation,-0.27542048338878,-1.261009160133072,1,0.34739613461408242
E03967,evaluation,-1.2389174071780524,-3.5734017772273257,0,0.1434776806541837
E03968,evaluation,-0.81067849913883694,-2.5456283979332084,0,0.21877588825921168
E03969,evaluation,-0.47354125819618431,-1.7364990196708421,0,0.29561867309297546
E03970,evaluation,1.2700303957208721,2.4480729497300926,1,0.77277311383459413
E03971,evaluation,0.60734751657593467,0.85763403978224317,1,0.6055911483533174
E03972,evaluation,-0.9242065673501203,-2.8180957616402886,0,0.19638427398978822
E03973,evaluation,-1.6666188376559641,-4.5998852103743131,0,0.09112771453995501
E03974,evaluation,-0.41266081646007063,-1.5903859595041694,0,0.31105472501548026
E03975,evaluation,-0.7720672569664504,-2.4529614167194809,0,0.22679797758038459
E03976,evaluation,0.82866356275617803,1.3887925506148271,1,0.66694418546658629
E03977,evaluation,-0.54120525320386348,-1.8988926076892723,1,0.27899618837857743
E03978,evaluation,-0.96085435304876154,-2.9060504473170279,0,0.18953641773459565
E03979,evaluation,-0.021716284409728823,-0.65211908258334916,0,0.41919970520784711
E03980,evaluation,1.5444383417689345,3.1066520202454426,0,0.82539359201526818
E03981,evaluation,-1.0167763928259421,-3.0402633427822612,0,0.17944213094410094
E03982,evaluation,0.86678453932315103,1.4802828943755624,1,0.6770267860696102
E03983,evaluation,-1.0840134228156049,-3.2016322147574519,1,0.16786758350876846
E03984,evaluation,-2.0684895888061918,-5.5643750131348595,0,0.058294353819645886
E03985,evaluation,-0.66286890913681729,-2.1908853819283616,1,0.25059477036724509
E03986,evaluation,0.049123722543460778,-0.48210306589569413,0,0.44002723326189952
E03987,evaluation,1.3677655187431224,2.6826372449834937,1,0.79270670479319694
E03988,evaluation,-0.50482694935227079,-1.8115846784454499,0,0.28786162587997111
E03989,evaluation,-1.0711437965956789,-3.1707451118296293,0,0.17003594229507188
E03990,evaluation,-1.2874244502437138,-3.6898186805849131,0,0.13647170745152234
E03991,evaluation,0.061800411220712538,-0.4516790130702899,0,0.44377887657740017
E03992,evaluation,0.77751760516450985,1.2660422523948234,0,0.65317417742343542
E03993,evaluation,1.3985015667407072,2.7564037601776974,1,0.79870205904959279
E03994,evaluation,1.7236172716515143,3.5366814519636338,1,0.8542512027599205
E03995,evaluation,2.0658529767382863,4.3580471441718869,1,0.89834994199358131
E03996,evaluation,-0.7229446923020072,-2.3350672615248174,0,0.23730108140309802
E03997,evaluation,-0.41437652774255423,-1.5945036665821299,0,0.31061368507963177
E03998,evaluation,0.41127617216070783,0.3870628131856988,0,0.5482324025431875
E03999,evaluation,0.06590150115991468,-0.44183639721620471,1,0.44499398196134793
E04000,evaluation,0.55647903846150315,0.73554969230760758,1,0.59092119359229467
