id,repetition,x,y,true_mean
R000_0000,0,0.86294431427521379,1.2556372670827227,1.4754842698589112
R000_0001,0,-0.80534988677244868,1.1798961453725407,0.089930739424269879
R000_0002,0,-0.86906290645709317,0.10996389194378114,-0.11290784341411708
R000_0003,0,-0.89029473783136903,0.41069276015590439,-0.18532391150731797
R000_0004,0,-0.29300253350225391,2.0612019902618384,1.0641954426689961
R000_0005,0,0.57865234204296212,-0.020260342451663194,1.3467157459752768
R000_0006,0,0.76388479888446303,-0.28706029602439309,1.414026225478455
R000_0007,0,-0.70008859105426358,-0.17970924706974867,0.38002828263871224
R000_0008,0,0.68355211411854011,0.56823364469391757,1.3783495783451212
R000_0009,0,-0.67635534464302949,1.331809720977007,0.43813082717392082
R000_0010,0,0.37572155639339155,1.3756011724706072,1.3154070545610965
R000_0011,0,0.45831536430026754,2.0001297165453122,1.3250735263247932
R000_0012,0,0.3635384547991074,2.5483440899313861,1.3141522914751798
R000_0013,0,-0.85210402003477648,1.6020500894526417,-0.056819923733327338
R000_0014,0,-0.8271804567251495,-0.50251141425091406,0.022831492234092199
R000_0015,0,-0.06229046832843177,2.2491242493099808,1.2251069892027913
R000_0016,0,0.12259892956473362,0.13278285812084811,1.283018794380884
R000_0017,0,-0.80780950421735098,-0.024407111323106093,0.082493704865394202
R000_0018,0,-0.54009797859235809,0.15635689797381958,0.72402404221409711
R000_0019,0,-0.792067470812581,0.44426026430354204,0.12955817783705825
R000_0020,0,-0.76147639035410797,-0.23693531820499153,0.21744409692252775
R000_0021,0,-0.45119627049297639,0.26433565138186688,0.87050749846868269
R000_0022,0,0.60940041310157489,0.75509772553097521,1.35449775108643
R000_0023,0,-0.016850005989902828,0.83905662209215737,1.243885967802719
R000_0024,0,-0.99610888667336961,0.00057373030857721385,-0.5840918134637596
R000_0025,0,0.65504251907136202,1.7444523460257184,1.3682539331711983
R000_0026,0,0.97336635487686096,1.4788168429573258,1.5717528474902143
R000_0027,0,-0.055485231676552393,-0.39497302057941841,1.2281430976318617
R000_0028,0,0.40455110348291834,1.6597685167786542,1.3185037989632526
R000_0029,0,-0.22361492416693762,0.78037646726866305,1.1258458816381756
R000_0030,0,-0.94854956396350154,0.11256037405460539,-0.39689250669062814
R000_0031,0,-0.54269359973281506,0.91320810489856141,0.71929588185045823
R000_0032,0,0.45731536007012719,1.7297093865396136,1.3249386600719
R000_0033,0,-0.031735858030730313,2.5761516174280481,1.238113103748943
R000_0034,0,0.3098001266268644,1.9788131162444442,1.308748015714474
R000_0035,0,0.062946146953544613,0.43273400174861232,1.2692465431113289
R000_0036,0,-0.74533391993985321,0.39117546245871182,0.26195373186944781
R000_0037,0,0.05941820689187538,0.9938930523245959,1.2683058129528357
R000_0038,0,0.24919062267555869,2.2800124504946671,1.3022500425195143
R000_0039,0,-0.30316168576313585,1.0211438850204024,1.0540661416526569
R000_0040,0,0.23167896721223791,2.2304436945696375,1.3001578320567331
R000_0041,0,0.036668820843035022,1.1847396738830747,1.2618626142175369
R000_0042,0,0.12983164698040395,1.0743399193750283,1.2844402406880107
R000_0043,0,-0.37690471182740692,0.50208588092553053,0.97138396928934589
R000_0044,0,0.5341071090467655,2.0608079313668139,1.3372583982721093
R000_0045,0,-0.36072257979729061,-0.30912133601793235,0.99095338491892648
R000_0046,0,0.014475792208439531,1.4478138501976716,1.2549116408889673
R000_0047,0,-0.02939383942075513,2.2977317197281266,1.2390451106964615
R000_0048,0,0.96033760778345356,0.27288843428300091,1.5586842317550769
R000_0049,0,-0.27480609193049577,1.4724978104923088,1.0816143918629524
R000_0050,0,0.74231095834674798,0.7354822603557214,1.4033138992753635
R000_0051,0,0.38717299524907767,2.1630797989052066,1.3166121264449819
R000_0052,0,0.54676173678337037,0.81486327338897468,1.3397454687528845
R000_0053,0,0.14741755158690717,1.6057435369122488,1.2876999436016923
R000_0054,0,-0.54109222519472011,0.3497069889095194,0.72221606468834021
R000_0055,0,0.75954931478233889,1.6998390307871118,1.4118025257369025
R000_0056,0,-0.26321510098341228,2.497927836064374,1.0922359837598916
R000_0057,0,0.35519159623267038,-0.39935142194941786,1.3133047700416323
R000_0058,0,-0.036279327930652583,1.9145031586186128,1.2362792801414038
R000_0059,0,-0.40369656330375148,-0.13831380535681725,0.93713491763066925
R000_0060,0,0.83104702439984157,0.63625132226233305,1.4533523030890194
R000_0061,0,-0.31475039401537042,2.2491642084826862,1.0421502798954108
R000_0062,0,-0.88636600417132727,-1.0642668748213433,-0.17173818213066316
R000_0063,0,0.010291235527966291,0.34530867289246137,1.2535233177431975
R000_0064,0,-0.94022874999661288,0.10028724034031578,-0.36549552778687899
R000_0065,0,0.8157707899863349,0.51546665639026634,1.4435688616569113
R000_0066,0,0.67135572571539814,0.032746967317755171,1.3738799606700725
R000_0067,0,0.33909123979820577,0.6317521454562316,1.3116870449286055
R000_0068,0,-0.75090163604066107,-0.091445769187156745,0.2467457216166733
R000_0069,0,-0.76223368035256223,0.038715383153595739,0.21532464318339262
R000_0070,0,0.99727911451186912,0.056925054141552467,1.5970181156823344
R000_0071,0,0.83946229303013675,0.36967591238719044,1.4589639792474363
R000_0072,0,0.57633451260339674,1.8132369386203517,1.3461730659669933
R000_0073,0,-0.31382298377849027,1.2860483468309314,1.0431181961385627
R000_0074,0,-0.32804537073227946,0.59237225025990536,1.0279971481593593
R000_0075,0,0.64473050586084546,1.3541069412417879,1.3648975456227022
R000_0076,0,-0.26253819968141801,0.18533908077906913,1.0928450591190977
R000_0077,0,-0.59514860482349441,1.3455684902759264,0.61794453402672389
R000_0078,0,0.45289194852500225,2.1522495142607978,1.3243487242995433
R000_0079,0,0.60379706838573743,0.15027103299251388,1.3529959294761127
R001_0000,1,-0.6739462060194521,-0.17808635794506,0.44388467300605361
R001_0001,1,-0.66651202848010072,0.77172850043471142,0.46147445704813495
R001_0002,1,-0.56989766505396666,0.89629026697386727,0.66812835172946117
R001_0003,1,-0.15643564712853286,1.9388027263405951,1.1740222067637052
R001_0004,1,0.85874035763966483,1.5502103922945523,1.4724317717060447
R001_0005,1,0.16291796489577304,1.2579217787821819,1.2903577488878706
R001_0006,1,0.1081776052147525,1.5576901967967358,1.2800348188632198
R001_0007,1,0.94495793085580448,1.9331907701132909,1.5438731002027137
R001_0008,1,-0.90890707196223852,-1.2433803710195486,-0.25084584818347988
R001_0009,1,0.010524005744441567,-0.45602458160009851,1.2536012101751726
R001_0010,1,-0.84334952850689504,0.10363112003561473,-0.028468099599092023
R001_0011,1,0.056159054526550678,0.74441769429330185,1.2674231270096541
R001_0012,1,0.10648243180219819,2.2412455491337773,1.2796704838700852
R001_0013,1,-0.056453949307590623,1.3326629599484812,1.2277158903467351
R001_0014,1,-0.41769429192191176,-1.3104943513976215,0.91829972753496714
R001_0015,1,0.11751987055458257,0.07134653077449471,1.2819910578585203
R001_0016,1,0.59742581700466024,0.3341025821364032,1.3513346754788582
R001_0017,1,0.90809151950375511,1.4257118499074728,1.5109891497990335
R001_0018,1,0.46337571529352517,2.0260801173252845,1.3257647114066211
R001_0019,1,-0.4952567074049008,-0.098597077856672599,0.80159361868202839
R001_0020,1,-0.25446351011952473,0.79728524620390928,1.1000163085222658
R001_0021,1,0.68278063339786565,1.4048968870529972,1.3780599936345328
R001_0022,1,-0.030399438316334848,1.3675049113113142,1.2386460325217423
R001_0023,1,-0.19869007458305665,1.7963181184943382,1.1449672874088008
R001_0024,1,-0.67934866492683965,-0.20799101714043433,0.4309450110063654
R001_0025,1,-0.24723669521525005,1.0788627113994149,1.1062882294719416
R001_0026,1,-0.28441583192049946,2.4045468602812212,1.0725298826815772
R001_0027,1,-0.35794029878142664,0.40302884904349856,0.99423513141756459
R001_0028,1,-0.1030726701888971,1.2416323357326642,1.2051353027992582
R001_0029,1,-0.64509412477570116,-0.11271029183423975,0.51076702127089746
R001_0030,1,-0.26660695833487358,1.8543260998331155,1.089165440880338
R001_0031,1,-0.27976985335030524,2.6528170377472851,1.0769537377032909
R001_0032,1,0.42107197612400915,1.6352299895530626,1.3203915390136769
R001_0033,1,-0.2858260154212926,2.5944221647691399,1.071175270104485
R001_0034,1,0.50465300991813611,1.7202633134756091,1.3320143086046821
R001_0035,1,0.98351868222576888,0.12690521676667621,1.5822746435390367
R001_0036,1,-0.43260072382681636,-0.58584332348993262,0.89751343370385672
R001_0037,1,-0.079706113608679185,1.6620978888997235,1.2169582782636268
R001_0038,1,-0.98356840857278893,0.59758430429927878,-0.53343713937620874
R001_0039,1,0.93298593037393163,1.9486153309104031,1.5327951373165116
R001_0040,1,-0.046884798672256478,0.46864726532229228,1.2318643861319079
R001_0041,1,-0.053115109923134618,0.10775955274143034,1.2291814134955596
R001_0042,1,0.048878467236496803,0.098522293285862927,1.2654032169399299
R001_0043,1,-0.40909942572524449,0.42758351106436299,0.92994256797359998
R001_0044,1,0.21459719731296834,1.6666795513148869,1.2979820169310587
R001_0045,1,-0.79697193366582808,-0.21008263773260205,0.11503055773925452
R001_0046,1,0.34202985637038941,0.18228989687745489,1.3119812567001679
R001_0047,1,-0.77975749436206732,0.70810134618534049,0.16548642723161389
R001_0048,1,-0.69562751920485777,0.50241460855923259,0.39114774516878192
R001_0049,1,0.47856523910433713,1.1132412276849848,1.3279317585857635
R001_0050,1,-0.20062153371708291,0.44889156361863924,1.1435396013042891
R001_0051,1,-0.63002423258312046,1.2661774898453291,0.544236727229512
R001_0052,1,-0.10045453720242348,1.664407250425386,1.2065123028023352
R001_0053,1,-0.18436409257386632,1.1866759056675777,1.1552800605928535
R001_0054,1,0.11811863587578242,0.97228812988125668,1.2821135079320338
R001_0055,1,-0.072453562729120291,1.6933848881820091,1.2204188542285466
R001_0056,1,-0.5945321796137546,1.688248188723529,0.61920104877394999
R001_0057,1,-0.39193869497225964,1.9123351022180146,0.95245347782814826
R001_0058,1,0.88253007943113326,1.2369466606459443,1.4902661191008306
R001_0059,1,-0.67878853676848294,0.66862757624153257,0.43229276608033762
R001_0060,1,0.51276615291619154,1.7539822853089468,1.3333871757660618
R001_0061,1,0.29169652616625807,2.1701588355940276,1.3068932934772852
R001_0062,1,0.87690435516710497,2.7392685433398745,1.4859246887926849
R001_0063,1,0.58866705861161206,0.70916114717646728,1.3491294049108171
R001_0064,1,0.030106258956724252,0.61011636583225992,1.2598778664510037
R001_0065,1,0.75118111307896829,1.0258548254339295,1.407612042678982
R001_0066,1,-0.13781621752927387,1.1842609077649293,1.1855561519164937
R001_0067,1,0.23637671712884245,1.9456757042531374,1.30073186277574
R001_0068,1,0.61187202039744593,2.668727505740252,1.3551725471995901
R001_0069,1,-0.83410321438355961,0.25130063644282358,0.0010359171769578346
R001_0070,1,0.82764028216210628,2.0143189081205954,1.4511257885083741
R001_0071,1,0.83351319472110386,1.0738858754076095,1.4549803056787567
R001_0072,1,0.67002588369676275,1.0861673300014232,1.3734064398669554
R001_0073,1,0.23886406541155458,1.0854961370676286,1.3010318701509576
R001_0074,1,-0.8901833065716187,-0.68154671101628228,-0.18493740761997657
R001_0075,1,-0.44642889811754238,0.50446160709897114,0.87754627012603659
R001_0076,1,-0.92906780300722525,1.1314058079098677,-0.32400445709477133
R001_0077,1,0.25550476695431779,1.4374884291307448,1.3029746820739712
R001_0078,1,-0.079064776470608056,1.2843443200558784,1.2172682094730909
R001_0079,1,-0.7727130998009264,0.33951329092185945,0.18570440339912087
R002_0000,2,0.5474878668475891,1.6490465630590294,1.339892757251659
R002_0001,2,-0.58353549369852975,0.20009931457002661,0.64135096244712908
R002_0002,2,0.60347292077889292,0.94346144027228096,1.3529102275253928
R002_0003,2,0.7453771626280512,1.6939936559736881,1.4047831312809755
R002_0004,2,-0.70994320556646584,1.4975468833207115,0.35513652421784947
R002_0005,2,0.9061004102066037,1.8346668911461086,1.5093152067960056
R002_0006,2,-0.41774886124208988,0.72783011394740915,0.91822501188613881
R002_0007,2,-0.52332065890166168,1.1514868640393612,0.7539501676941921
R002_0008,2,0.10618801349479323,1.6204695675763685,1.2796069076706005
R002_0009,2,0.15675312733781488,1.4677596201548759,1.2893236870189626
R002_0010,2,0.34750114165303936,2.4959609763177593,1.3125300248371232
R002_0011,2,-0.61302007575195372,-1.4345917282690088,0.58082099157294387
R002_0012,2,0.16627175948836781,1.2218760856444038,1.2909079912776791
R002_0013,2,0.78945081984884724,3.6753995332794673,1.4278919526970426
R002_0014,2,0.94563007291444889,0.42209031390307006,1.5445066719064555
R002_0015,2,0.090852550147832334,1.9627518432824349,1.2761701885271195
R002_0016,2,-0.49818064851696886,1.8034054409223315,0.79676847003247331
R002_0017,2,-0.35360349475043384,-0.45588102098710437,0.99930247905311098
R002_0018,2,-0.43552958493656457,0.90691459803513241,0.89333972579747067
R002_0019,2,-0.9052642394179149,0.63999937738211377,-0.23787029416361416
R002_0020,2,-0.28017953620702807,0.70574307545165227,1.0765660424474437
R002_0021,2,0.63868054351382098,1.1082960034407263,1.3629980569021996
R002_0022,2,-0.7115744888729012,0.0044363987973632946,0.35097220118738437
R002_0023,2,-0.61018762553063888,-0.15393220669878249,0.58679474419481026
R002_0024,2,0.99578088641212892,2.4134328861504746,1.5953856201044669
R002_0025,2,0.46755419432857237,3.1678177532698708,1.3263467129308268
R002_0026,2,-0.19456773592080934,2.2367038681640485,1.1479845842544891
R002_0027,2,-0.83324047063409368,0.9024959152394989,0.0037658778725306874
R002_0028,2,0.19154652369480374,3.5994623331005764,1.2947946218667183
R002_0029,2,0.34110220234709332,0.58219557945627709,1.3118883496819522
R002_0030,2,0.07308736165194718,1.8003026074266779,1.2718670662453626
R002_0031,2,-0.23253803622317659,1.0059970183175262,1.1186255480382896
R002_0032,2,0.99835978020330329,1.5217056867191889,1.5981997903955676
R002_0033,2,0.66649034576603672,2.2177151970834652,1.3721605332196856
R002_0034,2,0.30397699862350147,0.54809242882320086,1.3081565032967579
R002_0035,2,-0.049209182572442556,2.472577502766649,1.2308712567248945
R002_0036,2,-0.52221553952827571,0.76908840892065156,0.75588307338605121
R002_0037,2,-0.76943763824331723,1.2414794986430726,0.19502102412717659
R002_0038,2,0.94586609266966515,0.68743389312411096,1.5447294430744729
R002_0039,2,-0.32585234416348663,2.4138171494357072,1.0303676765168999
R002_0040,2,0.2120453631628576,1.1243189600395014,1.2976441343639784
R002_0041,2,0.85828251864192073,3.0614767511836583,1.4721018633935448
R002_0042,2,-0.81586212935847935,-1.2331477506584303,0.057927641722450129
R002_0043,2,0.013166201823130219,1.0989509970398041,1.2544798707449205
R002_0044,2,-0.96787892763050953,-0.27901486106474382,-0.47137403714810344
R002_0045,2,0.42468304717246763,1.898093576304217,1.3208178017736589
R002_0046,2,-0.63740121740702782,-0.076701025091133634,0.52797666585855407
R002_0047,2,0.12411827141061571,1.3183893915020974,1.2833214496418959
R002_0048,2,-0.36595132761624294,0.95285094315254126,0.98472050065059769
R002_0049,2,-0.1381328159868398,0.77003086809165999,1.1853662577540414
R002_0050,2,-0.45492502390922152,0.4395732542019255,0.8649462959247467
R002_0051,2,0.98756495481380746,1.3320179836407537,1.5865519536918318
R002_0052,2,0.45099898193080112,1.4635436565042608,1.3240995047282085
R002_0053,2,-0.16087644764300801,1.5128564242357296,1.1711595593433259
R002_0054,2,-0.72232319675723189,-1.2992518227150263,0.32321925106906035
R002_0055,2,-0.19039645297935537,1.5951744075948708,1.1509966153446056
R002_0056,2,-0.82923145969227274,-1.3997383919218649,0.016400282784385434
R002_0057,2,0.91619484046596811,2.2634067409609919,1.5179078397771666
R002_0058,2,0.57499195719009033,2.253288360725751,1.3458614201286925
R002_0059,2,0.58827398013597265,0.8242969009492801,1.3490325253186946
R002_0060,2,0.29574720137754262,0.57510982399643129,1.3073126739809575
R002_0061,2,-0.82840928006330361,0.7874681150955567,0.018980983692157061
R002_0062,2,-0.63950361496291896,1.0494338531463683,0.52329919332863128
R002_0063,2,0.88411351700657526,1.8786134321740136,1.491502145596824
R002_0064,2,0.73675726497960969,0.14747268715756801,1.4006967007503786
R002_0065,2,0.32344904785995232,0.33513893485128676,1.3101219582994319
R002_0066,2,0.84895945163064246,1.0686689397590972,1.4654909736400423
R002_0067,2,0.51754220369189041,2.4733458260867343,1.3342200551237409
R002_0068,2,0.41794756673350419,-0.15624883448118143,1.3200268855008186
R002_0069,2,-0.32702429885863604,0.91792820119698293,1.0291026426135936
R002_0070,2,-0.54223855420929024,-0.68417375932230229,0.72012670642672916
R002_0071,2,0.35685189114165561,1.4213754110219763,1.3134727233756447
R002_0072,2,-0.1627576333729932,2.2061052473892717,1.1699336998583258
R002_0073,2,0.34943414497609582,1.0788018657155107,1.3127243227095295
R002_0074,2,-0.5420736172049696,-0.25308962214593778,0.72042764782627844
R002_0075,2,-0.19146080047896974,1.9098239347641697,1.1502319731269652
R002_0076,2,0.7397799652738668,2.0192478946448142,1.4021141658977847
R002_0077,2,-0.55209213857089257,-0.088070329520469004,0.70195281912179863
R002_0078,2,-0.56581985917362054,-1.5399019715979894,0.67598764687898183
R002_0079,2,-0.24979500877481531,0.9307169257283312,1.1040836403826704
R003_0000,3,-0.30409551635494725,1.2425972794949369,1.0531202914455582
R003_0001,3,0.42731504737456194,-0.16333818742599737,1.3211318570428037
R003_0002,3,-0.99633673382991361,-0.58369450635310938,-0.58502083039029174
R003_0003,3,0.5306896167569064,1.1899572123596835,1.3366119362602193
R003_0004,3,-0.47855187994256765,-0.010221981523608537,0.82855235857220022
R003_0005,3,-0.22375543722507185,-0.084338670646995961,1.1257337372306773
R003_0006,3,-0.084656179993004566,1.5917565687682678,1.2145403082905812
R003_0007,3,0.30370900987767246,0.92162847314339169,1.3081291800238442
R003_0008,3,-0.64186152721570977,0.68195763488643901,0.5180302220563533
R003_0009,3,-0.9509798701922898,0.35229717391613402,-0.40613804162654854
R003_0010,3,0.12729849062185261,0.79219459524150293,1.2839479374603009
R003_0011,3,-0.11204811182622598,-1.0121750515665395,1.2003120218463708
R003_0012,3,0.88127907405298944,2.9955923389690424,1.4892939706854149
R003_0013,3,-0.11629014089579925,2.3182725384423826,1.197976424738783
R003_0014,3,-0.85641523668034902,-0.59748504962750093,-0.070932052633800424
R003_0015,3,0.86644894184515198,2.0285423385236721,1.4780611627314779
R003_0016,3,-0.46225172652706203,-0.18983587662438639,0.85387509841352149
R003_0017,3,0.92597401970645632,1.1962388158450006,1.5264869520991389
R003_0018,3,0.68617002205823541,0.88463108622405051,1.3793392462904099
R003_0019,3,0.85691669636084211,0.4817396541270581,1.4711206233628897
R003_0020,3,0.36739848499415473,0.79475247657766213,1.3145472740615931
R003_0021,3,0.84886331593164321,1.6998925414290971,1.465423861632023
R003_0022,3,-0.57013162391495786,-0.025427970882710427,0.66767538759556555
R003_0023,3,0.79839631409946366,2.3817099119660394,1.4330565226242951
R003_0024,3,0.079185055931108694,1.1024488094461802,1.2733844487073529
R003_0025,3,-0.69963652241416252,0.69585884279840771,0.38115929552497785
R003_0026,3,-0.21445457507192334,1.0446643494011343,1.133050627710996
R003_0027,3,0.4876056641197879,1.7879586898052731,1.3292920997458464
R003_0028,3,-0.15015023705376884,0.95369540941790754,1.1779997333945427
R003_0029,3,-0.035945117129189352,0.80929979462317547,1.2364153382153034
R003_0030,3,-0.32295365362338524,0.98764922353560514,1.0334791019893534
R003_0031,3,-0.27242438891520626,0.61461384428340127,1.0838266863642609
R003_0032,3,0.24741988494194644,0.45774370904783568,1.3020441631282342
R003_0033,3,-0.56294031559231206,0.17145988729910111,0.68149694133181427
R003_0034,3,-0.93704801095318202,0.25639376121604629,-0.3535985968560551
R003_0035,3,0.79516427120365041,0.9746239870520117,1.4311713886867934
R003_0036,3,0.17411786253403427,2.6416068708884133,1.2921625317003076
R003_0037,3,-0.45400558600704355,1.8629528027596673,0.86632215219924835
R003_0038,3,-0.46489907377198936,0.89503017257693052,0.84982758441853978
R003_0039,3,0.58763293080341961,2.298606903858623,1.3488749100437087
R003_0040,3,0.52054750632269875,1.8800965298872869,1.334753801151594
R003_0041,3,-0.50290627314940228,0.55835857527044319,0.78890246543412246
R003_0042,3,-0.62252824577628973,2.921244557859402,0.56051744261669234
R003_0043,3,0.26571538423607333,2.4996938355033249,1.3041174447684787
R003_0044,3,0.23979177685486697,2.0587449755478491,1.3011430874001269
R003_0045,3,-0.46279596860773609,1.2222764943606736,0.85304506146960968
R003_0046,3,-0.73977716886395362,0.23105125566891221,0.27698176379592665
R003_0047,3,-0.95572675497713799,-0.91854755418817069,-0.42429497041858699
R003_0048,3,-0.57350087386486348,1.4543781574323253,0.66112752793597118
R003_0049,3,-0.4269565367130197,0.032522528472684331,0.90547326529382732
R003_0050,3,-0.41159081497485439,1.4217893407349182,0.92659319195315848
R003_0051,3,-0.57103327533225334,0.60981379600703167,0.66592763228277907
R003_0052,3,-0.52400554176130099,1.2561617136267038,0.75274991282195569
R003_0053,3,-0.083631372364923129,1.2078654613702362,1.2150446635269327
R003_0054,3,-0.76225142119717915,-0.57386171029998378,0.21527495738156022
R003_0055,3,0.23316958565902235,1.2665561390825477,1.3003410459847224
R003_0056,3,0.030492546301022383,0.27790521791186884,1.2599963085419223
R003_0057,3,-0.19430196962573576,0.94710836013207078,1.1481777201675953
R003_0058,3,-0.44118375705189505,1.4312634095129391,0.88519832133317988
R003_0059,3,-0.86598220967586137,0.19911955864935454,-0.1026040671988131
R003_0060,3,0.75491224989866512,1.645466090331742,1.4094640335683337
R003_0061,3,0.027080782037619988,0.82945062794102675,1.2589431422959112
R003_0062,3,0.13602018547437122,0.99461778535853218,1.2856183789370565
R003_0063,3,-0.93148123105162073,-0.42195534970955662,-0.33291624985385471
R003_0064,3,-0.95440553535140982,-0.13244019569153836,-0.41922817234288501
R003_0065,3,0.033430489032829414,0.29965043376674971,1.2608904943394164
R003_0066,3,0.63186322393946659,2.2955506300845423,1.3609178594611424
R003_0067,3,0.81103486466196983,1.6139633035123853,1.4406394345725964
R003_0068,3,-0.12302274326844365,1.9938344761151048,1.1941946687553715
R003_0069,3,-0.63395572030082326,0.33923209577488656,0.53560057222546364
R003_0070,3,0.28411249533578364,1.5159467744153146,1.3060995921543777
R003_0071,3,-0.55431400926865138,-0.58009002875744653,0.69780151761739695
R003_0072,3,-0.8822311566883172,1.0143923153658068,-0.15753119751759592
R003_0073,3,-0.91077973308729621,-0.63942128787813157,-0.2575450116162048
R003_0074,3,0.34478153709468495,2.6994295430511315,1.3122570568001928
R003_0075,3,-0.65400587828469137,0.08136988766729103,0.49050482089437941
R003_0076,3,-0.84867841898905594,-0.14097837242934652,-0.0456774342546995
R003_0077,3,-0.020061457572605246,0.31798849372828264,1.2426705878076794
R003_0078,3,-0.73911171541461429,-0.25833713760874388,0.2787714459034385
R003_0079,3,-0.43840075975061232,2.8770225428624157,0.88921941460142773
R004_0000,4,0.95521421299328169,3.1076445766586671,1.5536769119885698
R004_0001,4,0.68221018375950182,1.8554094909985825,1.3778464703934905
R004_0002,4,-0.79953760830047971,-0.22047005722320051,0.10738200605019843
R004_0003,4,-0.10786151659118648,0.23341225795125164,1.2025817348224743
R004_0004,4,-0.75184701419365041,1.2171993966605918,0.24414845656252404
R004_0005,4,0.64097004943014224,1.2793947828244918,1.3637109173742108
R004_0006,4,0.66119589195788708,1.1432088005113377,1.3703297753034305
R004_0007,4,-0.51117712405545168,-0.10871073704842416,0.77493274381360677
R004_0008,4,0.42266901608883889,0.14441048398524492,1.3205794113517735
R004_0009,4,0.43966743740105696,1.7309590539058402,1.3226462566534791
R004_0010,4,-0.85371076001680413,-0.30642221711347811,-0.062067739534263922
R004_0011,4,-0.92010091706359343,-0.0887400615195863,-0.29118280169629007
R004_0012,4,-0.72202619212657226,0.40749372444129234,0.32399345859649276
R004_0013,4,-0.61310939112760021,0.45068097347280439,0.58063206669512124
R004_0014,4,0.25182428900526665,0.92679859979480939,1.3025540639640056
R004_0015,4,0.78956289799364598,1.0535997760535627,1.4279556368600628
R004_0016,4,0.92202346704627502,1.5698277477677363,1.5229907304318857
R004_0017,4,0.74011893364148706,1.8615296910362853,1.4022741615162762
R004_0018,4,-0.97902421594003552,-0.24933974426255096,-0.5153123141555056
R004_0019,4,-0.3573056793374092,-0.10119769217507324,0.99498029935662857
R004_0020,4,-0.75968491269040705,-0.77248254251411641,0.2224467233534706
R004_0021,4,0.39725516164311059,1.751427449544281,1.3176991823913906
R004_0022,4,0.542569490891331,0.88481820918969467,1.3389049599489702
R004_0023,4,-0.59541311935213037,2.7849702048629883,0.61740486361821545
R004_0024,4,-0.3000317282722289,0.91973310905220262,1.0572181909725429
R004_0025,4,0.66970375448015385,0.86414850739645688,1.373292141894084
R004_0026,4,-0.36195329919742569,0.67189776869254192,0.98949402408959375
R004_0027,4,0.98645315293037727,2.4201114261719163,1.5853718792634908
R004_0028,4,0.10692668550034612,1.372309730949631,1.2797662478149536
R004_0029,4,-0.44360005112379297,-0.15787493985493106,0.88168518006147067
R004_0030,4,-0.94760292540128432,0.85000832714684971,-0.39330046412877917
R004_0031,4,-0.57890397015829786,0.8821940120856322,0.65053027374823558
R004_0032,4,-0.82776053176091913,1.3120637220833411,0.021014814689082506
R004_0033,4,-0.40631067779204821,2.5475379964051843,0.9336671129225742
R004_0034,4,-0.3929772568597083,1.0867224159509206,0.95111867705936493
R004_0035,4,-0.2037710282757994,1.8008603286129965,1.1411923340709331
R004_0036,4,0.081709504035557989,1.3064160533388498,1.2740001407628794
R004_0037,4,-0.30694611565993046,0.0053027105655454321,1.0502175135511205
R004_0038,4,-0.37475921831204451,0.46303337861715566,0.97402627448271861
R004_0039,4,-0.21232672289104726,1.1056058020248687,1.1346944825773795
R004_0040,4,-0.15431875641076287,1.8755750324669036,1.175371483929627
R004_0041,4,-0.98721511255467598,0.17927625052138663,-0.54807075421565754
R004_0042,4,-0.55658473263987784,-0.28651501050606365,0.69353856594194363
R004_0043,4,-0.99772753919509283,-1.469259120356184,-0.59069839413283631
R004_0044,4,-0.070216288607129584,0.9619293750065292,1.2214669116407326
R004_0045,4,-0.36311598692757174,1.4413371143363511,0.98811098053139679
R004_0046,4,0.58671758407600594,2.6304814731443624,1.3486506679149359
R004_0047,4,-0.62550646196631488,-0.50365440900930247,0.55407802569720266
R004_0048,4,0.23919826724979631,2.1475083689158199,1.3010719773937405
R004_0049,4,-0.95539448379901049,-0.24468563524707621,-0.4230197777091953
R004_0050,4,0.25349404840107614,2.1598840932482881,1.3027454922686945
R004_0051,4,0.26597926349968981,0.87727609837750165,1.3041465367517775
R004_0052,4,-0.35918101568648919,1.0026508679316226,0.99277466592975849
R004_0053,4,-0.17962038852608209,0.93669816584800902,1.1585888663901796
R004_0054,4,-0.61124590993257688,-1.0568766959851832,0.58456677080264063
R004_0055,4,-0.33370588162860182,0.92047807892074562,1.0218122108702983
R004_0056,4,-0.16830530659420884,0.88869842487252726,1.1662724880757165
R004_0057,4,-0.22694009348653443,1.3618913150296523,1.1231787442492898
R004_0058,4,0.78336696506314585,2.5212301719427606,1.4244735488862488
R004_0059,4,0.1062035726590651,0.57210832863506056,1.2796102697071079
R004_0060,4,0.33323256041115124,2.0935885396074951,1.3111010338181255
R004_0061,4,-0.15689214036821686,1.6566196691915653,1.173729951152614
R004_0062,4,-0.46098193681596777,0.091486160044748521,0.85580756378638323
R004_0063,4,-0.2468918108296978,0.95643041982003818,1.1065841189189385
R004_0064,4,-0.22876437575779196,1.2577129020491802,1.1217036452611342
R004_0065,4,0.80768214863738441,1.8558719737702094,1.4385947738979783
R004_0066,4,0.087257284800622115,1.1828000923965791,1.2753279462121472
R004_0067,4,-0.53633780531172293,0.44695357298839633,0.73082659467906774
R004_0068,4,-0.2463823223874686,2.5641115643714079,1.1070206602297699
R004_0069,4,-0.35450917635640633,0.27696819732884681,0.99824904870991116
R004_0070,4,-0.25111647394403813,-0.00055375717333805419,1.1029381651487027
R004_0071,4,-0.77138565207516718,0.85388540326950257,0.18948658064329726
R004_0072,4,-0.031778449772305262,1.7468187755525275,1.2380960711030415
R004_0073,4,0.48340734460781509,1.8591515521598398,1.3286535109083473
R004_0074,4,0.35068286631448298,0.7747547651987039,1.3128499811482037
R004_0075,4,0.74439029775192944,1.3281112705233917,1.4043083593986181
R004_0076,4,0.74316215421818699,1.2734700980491298,1.4037200260063705
R004_0077,4,-0.79699342205097401,-1.2905201340491086,0.11496663769812643
R004_0078,4,0.13729521477607487,1.859075722999282,1.2858568517989448
R004_0079,4,-0.73505973006384129,0.52046639121226912,0.28962284999038657
R005_0000,5,-0.19917568958267173,-0.65271707482125052,1.1446091747437077
R005_0001,5,0.82361626592167592,1.3463582470035376,1.4485290899005312
R005_0002,5,0.80720454301597555,2.7072484801165562,1.43830546155773
R005_0003,5,-0.6987190053666017,1.5833280868801316,0.38345187544425463
R005_0004,5,0.95870347151107316,1.0313015118171442,1.5570791031341396
R005_0005,5,-0.54075863273296099,0.59152878918239715,0.7228231158622912
R005_0006,5,-0.68673938854196037,0.64611765772357066,0.41302759214837703
R005_0007,5,0.43803234855966577,0.76847547153503903,1.3224417864620732
R005_0008,5,0.68288635230820849,1.9084583265405035,1.3780996211328003
R005_0009,5,0.01101371446287458,1.2109571841563067,1.2537648256207234
R005_0010,5,0.12543713345833418,1.743153585844188,1.2835824064013681
R005_0011,5,-0.77496794355610787,0.22259668432853946,0.17925977283742367
R005_0012,5,-0.35195822508435426,0.90234003715492772,1.0012096658630636
R005_0013,5,0.29822417671831269,-0.34072512077825023,1.3075677373973942
R005_0014,5,0.97529934892493308,1.0925050423391784,1.5737331642517187
R005_0015,5,0.88698570403456034,2.4775597160766125,1.4937600375482369
R005_0016,5,0.52046385400976214,0.60776359949854419,1.3347388419976218
R005_0017,5,0.42360233277090797,0.93715787720224075,1.3206896782372581
R005_0018,5,-0.80563081634876799,0.59401745998313715,0.089082874682272939
R005_0019,5,0.87253237646333015,-0.57311285070317508,1.4826042866975899
R005_0020,5,0.25663776426094809,0.86173765072648312,1.303103199603219
R005_0021,5,-0.74382902909554294,0.016838146912323132,0.26603842123239807
R005_0022,5,-0.80326400220693017,0.13119048725344379,0.096213440359440572
R005_0023,5,0.31649162092006855,0.85766818773398257,1.3094233570909102
R005_0024,5,0.22201881681694191,1.4972371760960883,1.2989451923752118
R005_0025,5,-0.15376342390197495,2.0679615105607581,1.1757238152908633
R005_0026,5,0.015166823492845927,2.6681146382025958,1.2551384804684891
R005_0027,5,0.46587442766721887,0.90338012697128711,1.3261114966821572
R005_0028,5,-0.12462973524109056,1.0850591851698792,1.1932782993361741
R005_0029,5,0.15852749040934633,1.1480290219783806,1.2896243593670387
R005_0030,5,0.34539760484679149,1.9160859324828232,1.3123188551981588
R005_0031,5,0.09475602387941473,1.8665183751292997,1.2770686700340568
R005_0032,5,-0.79428988827147728,-0.50935897979858791,0.12299022999485931
R005_0033,5,0.18661992553935591,2.4922405242598544,1.2940712851178908
R005_0034,5,0.34009532877183402,4.2431674344691199,1.3117875425470238
R005_0035,5,0.79760984909450605,1.5750811589254421,1.4325957991872984
R005_0036,5,-0.91568098550766774,0.26787001482740658,-0.2751715172633058
R005_0037,5,0.41707380124593074,1.1279684829868961,1.3199255782882955
R005_0038,5,0.6144628513482373,2.3351368138830262,1.3558881147321151
R005_0039,5,0.31597449729879323,1.3528372180106456,1.3093713044646758
R005_0040,5,-0.67962347564756631,0.22546805039357734,0.43028325110220056
R005_0041,5,0.71028863909146134,1.5789906813139392,1.3889793253485185
R005_0042,5,-0.64840980461523579,2.3182657564719937,0.50326934659231193
R005_0043,5,0.23900643078827088,1.3170913234242625,1.3010489610789002
R005_0044,5,0.52375411922128312,0.95014104233482155,1.3353316937830098
R005_0045,5,0.67750769647592501,0.86274025567803581,1.3761056841937793
R005_0046,5,0.18460584805216507,0.83593423434428071,1.2937709886744395
R005_0047,5,-0.15049539549788915,1.0274483723430354,1.1777835512097887
R005_0048,5,0.75233586828870003,1.871980551066623,1.4081824102011291
R005_0049,5,-0.78174753804100461,1.8830775298609375,0.15972988335829319
R005_0050,5,0.22729444695526113,1.9297169271364463,1.299612977026088
R005_0051,5,0.69249544584515044,1.1921385920209577,1.381775562594465
R005_0052,5,-0.54924008237246436,0.58525938476656081,0.70725272474555445
R005_0053,5,0.82940428323634441,1.2232671224634883,1.4522754370450131
R005_0054,5,0.96617760963093069,0.98766251747785894,1.5644822832830863
R005_0055,5,0.42861275242448049,2.3015894982105793,1.3212877749290446
R005_0056,5,-0.56226589340867683,-0.8435650992308793,0.68278244384061726
R005_0057,5,-0.33141274435670098,2.6415228054298812,1.0243293424167947
R005_0058,5,0.77270904193647016,1.9704709291498959,1.4186651262988186
R005_0059,5,0.58638863476938963,2.5161104862732753,1.348570315272398
R005_0060,5,-0.11556642729053612,-0.11895800177473159,1.1983774569551073
R005_0061,5,-0.1278651733400793,0.91998616771114494,1.1914171634325055
R005_0062,5,-0.7845558417281171,0.65012231989963265,0.151572564898802
R005_0063,5,0.99228465812422684,2.3841343563013653,1.5916020692365644
R005_0064,5,-0.38351465955847219,2.1733973366213366,0.9631507414586008
R005_0065,5,0.20337632780548587,1.5411523132996476,1.2964692948824961
R005_0066,5,0.64201961172412925,1.3388255967448779,1.3640401315852269
R005_0067,5,0.32111570721205318,-0.20689048563487367,1.309887980701639
R005_0068,5,-0.020688953122307341,1.3547965706926817,1.2424312001586093
R005_0069,5,0.39025790416589623,1.8144729704229943,1.3169419122676604
R005_0070,5,0.63435932456264243,1.1924342891191839,1.3616721848121425
R005_0071,5,-0.41129724688812841,1.0163683294812473,0.92698893934562032
R005_0072,5,-0.73446224963669926,0.39173905943673454,0.29121624509135846
R005_0073,5,0.64927811110095757,1.8697061234933234,1.3663590559456569
R005_0074,5,0.37971861527423956,1.563999329391391,1.3158244910391816
R005_0075,5,-0.66853441416064907,0.82240167395711639,0.45671405053197367
R005_0076,5,0.65389723165273694,1.3767709100124552,1.3678736521968706
R005_0077,5,0.27694538849582484,2.0825281017295931,1.3053378482816462
R005_0078,5,0.51340552596199185,0.72055462228315581,1.3334975953276575
R005_0079,5,0.39685534101396946,1.3957917955800323,1.3176555475206906
R006_0000,6,-0.031636486463200386,2.5406992021732995,1.2381528313380623
R006_0001,6,-0.24736668730769873,-0.27830080243611577,1.1061766236788262
R006_0002,6,0.45535154102398079,1.4306805135268581,1.3246754277285349
R006_0003,6,-0.95218835178155459,0.06315872780184234,-0.41074813200966354
R006_0004,6,0.87170452927737152,2.432413431149036,1.4819807925217054
R006_0005,6,0.014994434785888577,-0.23949686446053153,1.2550819558028052
R006_0006,6,-0.97653531198647237,-0.99233405326198243,-0.50543686430045454
R006_0007,6,-0.66058911698037814,1.8172840746183381,0.47531041386402595
R006_0008,6,-0.38461936248006756,1.0691335515515776,0.96176103341272634
R006_0009,6,0.056204383837290983,1.8331031949044307,1.2674354941732808
R006_0010,6,-0.21603975691490773,0.92682712218324192,1.1318187563637689
R006_0011,6,-0.16018089819061299,0.78545642767629109,1.1716108140035066
R006_0012,6,0.0056066611358551732,1.6724269191753296,1.2519388875932991
R006_0013,6,-0.74361281419614311,-0.05112624572384683,0.26662438592577509
R006_0014,6,-0.69549821731877692,-0.22335037891811371,0.39146866102477285
R006_0015,6,0.76324443146581844,1.8994710970532851,1.413695493171077
R006_0016,6,0.13528591090246178,2.9344905355225079,1.2854803907808601
R006_0017,6,-0.59920401982861526,0.82760226800113956,0.60963838900398326
R006_0018,6,-0.47780828103920392,1.1490073940157293,0.82972854364692128
R006_0019,6,-0.092593587534753663,1.540036435639597,1.2105666716498908
R006_0020,6,0.30372428244897542,1.4162670943064717,1.3081307374226676
R006_0021,6,0.66318194696410648,0.86649308057165053,1.3710116460429573
R006_0022,6,0.49509198923447384,0.23165092063514203,1.3304613927940103
R006_0023,6,0.13109456031504152,1.9746014880677416,1.2846834803748299
R006_0024,6,0.098869173395947474,0.25048719619325488,1.2779977186424247
R006_0025,6,0.65483344863440562,0.68192578017647942,1.3681843719874789
R006_0026,6,0.75202710613292534,1.9885140558598993,1.4080296575305624
R006_0027,6,0.81927164428288557,2.2890131070987958,1.4457656042765883
R006_0028,6,0.1346778876917043,0.18467750347540335,1.2853657647403522
R006_0029,6,-0.55651929828044278,0.85548949555879039,0.69366169808509559
R006_0030,6,-0.029881368301226896,0.94002816479328122,1.2388518382463878
R006_0031,6,-0.91847535157205851,-0.19227077704296547,-0.28528137033437262
R006_0032,6,0.48017804892275784,0.46998007422925814,1.3281704329258388
R006_0033,6,0.52540504169567437,1.1241224996417349,1.3356326479474103
R006_0034,6,0.43708443941236297,0.57470202985927221,1.3223238271208646
R006_0035,6,0.74337791379419027,1.8920026838384163,1.4038231824354637
R006_0036,6,-0.8960600020391265,0.083376839051248652,-0.20541438925606692
R006_0037,6,0.167096314481471,2.0960455878941491,1.291041970827645
R006_0038,6,0.48061433082929916,1.4451834214502035,1.3282352914117368
R006_0039,6,0.77554012273495232,2.1307900476514794,1.4201858967950518
R006_0040,6,0.064474150518724516,2.3892405680647895,1.2696492758427442
R006_0041,6,-0.99559747933388087,-1.3130387647845916,-0.58200774783569509
R006_0042,6,0.080131268140077871,1.8468838676107948,1.2736160721132765
R006_0043,6,0.076050191809382328,0.62435785372291974,1.2726097281012367
R006_0044,6,0.85353269877908744,1.8262503975561017,1.4687083881023262
R006_0045,6,0.33782041987641787,1.3587652346655141,1.311559887522487
R006_0046,6,0.4586247548036908,1.1559059330587349,1.3251153661983468
R006_0047,6,0.99556719316467013,0.75000377298338505,1.5951533218180487
R006_0048,6,0.16357114776452053,-0.75580869502528047,1.2904655848151485
R006_0049,6,-0.10251183619656268,0.34517084023837341,1.2054314021132588
R006_0050,6,0.10641050362151905,0.39040263865188063,1.2796549599911335
R006_0051,6,-0.014601479653813421,2.5651450803580422,1.2447272449033762
R006_0052,6,0.34496190222107859,1.7632295966354361,1.3122751473427219
R006_0053,6,-0.88963658570929138,-0.42971488620438736,-0.18304207437242903
R006_0054,6,0.92704924481874929,1.4796096156169904,1.5274457156323593
R006_0055,6,-0.25369858214821916,0.56807980925569213,1.1006866725251014
R006_0056,6,0.66984469244294109,1.3977120286208569,1.3733421302029769
R006_0057,6,-0.24287326213465676,2.0773519100220672,1.1100089415517591
R006_0058,6,0.83753538906788938,0.21340580737801451,1.4576648931143323
R006_0059,6,-0.56223503396411822,0.33048729736440097,0.68284122053658003
R006_0060,6,-0.91143857775917247,-1.1250814887197134,-0.25990659657812287
R006_0061,6,-0.26632204226222367,2.4975921140531301,1.0894245590157783
R006_0062,6,-0.48724378802443158,0.28132119691045476,0.81465365741658757
R006_0063,6,-0.85200554118130101,-0.34391115541445488,-0.056498727447807706
R006_0064,6,0.1018964846442052,1.5472928146554761,1.278670084705732
R006_0065,6,-0.48649805696329373,1.6515453522066195,0.81585700925334315
R006_0066,6,0.14413594985807121,1.2146537146799408,1.287112040285957
R006_0067,6,0.93263446070365763,1.4015893088021281,1.5324757961330833
R006_0068,6,-0.11170910038898518,0.004649962236593419,1.2004971155757607
R006_0069,6,0.27323681959663437,1.3204440787930065,1.3049386767179878
R006_0070,6,-0.6455688247774467,0.66402774258136077,0.50969656523956042
R006_0071,6,0.31269925063798354,1.5530438732958316,1.3090411138832065
R006_0072,6,-0.31866526748332924,0.88866868656615272,1.038036733323048
R006_0073,6,0.14543127733453765,2.0148543057102009,1.2873451863528373
R006_0074,6,0.81463869812912537,1.8995326288964376,1.442864190664493
R006_0075,6,-0.40266810342840786,1.6292885661356076,0.93849302428332004
R006_0076,6,-0.5519623725183358,1.2214496590828978,0.70219466315250145
R006_0077,6,0.49897457235743459,1.4141729668697722,1.3310837615125977
R006_0078,6,-0.2420302881740759,0.11678935402181057,1.1107220463019134
R006_0079,6,-0.66600381086022753,1.457242205080636,0.46266783387458088
R007_0000,7,0.20075645376731877,0.83777346769057903,1.2961057321853788
R007_0001,7,-0.094058941109937955,2.3913515336504343,1.2098199467663568
R007_0002,7,-0.14849349309204984,1.3836460359411897,1.1790337927987888
R007_0003,7,0.58709034076221833,0.52642217307189643,1.3487418705430636
R007_0004,7,-0.91015584483721867,-0.65211618553918727,-0.25531096584009405
R007_0005,7,-0.75065476893576055,-0.28223413894976157,0.2474232286641449
R007_0006,7,0.62178570647367737,0.41998953121145888,1.3579568087871849
R007_0007,7,0.14932739983860954,3.0109305700258879,1.2880379377571689
R007_0008,7,-0.48470101671231958,1.1074230795980273,0.81874838494498048
R007_0009,7,0.0030548887419301618,1.7164248893213456,1.2510622331827137
R007_0010,7,0.10205052593584751,1.7928344123007269,1.2787040410423218
R007_0011,7,-0.84230740975859497,0.070214720776966846,-0.025120238386868721
R007_0012,7,-0.90237081622175808,0.26835467176383693,-0.22761680777102322
R007_0013,7,-0.91933874272229477,-0.001557170452776202,-0.2884139594095998
R007_0014,7,-0.84966296832340604,-0.9185576892088323,-0.048873488811868704
R007_0015,7,0.97163365858618356,1.3476188494676649,1.5699868797145018
R007_0016,7,0.83798304795862766,0.89555487594106653,1.4579659447718134
R007_0017,7,0.42896427833261419,1.4470932015216982,1.321330134268389
R007_0018,7,0.95737890165438633,0.54727942273213315,1.5557835610824555
R007_0019,7,-0.77939069849330367,-0.78409377603877228,0.16654528131528967
R007_0020,7,0.86289292126452422,1.4501559219075451,1.4754466997030009
R007_0021,7,-0.30685614886303325,1.8041761053724765,1.0503094843931569
R007_0022,7,0.78052412433300611,-0.41216590065888914,1.4229019680342203
R007_0023,7,0.42153719803633227,1.8574937708176085,1.3204461619553927
R007_0024,7,0.12925441166261864,0.80247927613872472,1.2843285781751708
R007_0025,7,0.24404401762367978,3.1769273758615841,1.301648279753435
R007_0026,7,-0.12235226389698428,2.5947963013916535,1.1945754332144225
R007_0027,7,0.80805618194380346,0.91704053832312127,1.4388216866648795
R007_0028,7,0.12329858717622444,1.1059651824583594,1.2831584382374825
R007_0029,7,0.83245784303567127,2.39395334490704,1.4542819605792925
R007_0030,7,0.25630916343163745,0.35557787091764381,1.3030659718371898
R007_0031,7,-0.55926940352014487,-0.4478951375801965,0.68847184609954692
R007_0032,7,0.4622369253480394,-0.1005290953945468,1.3256078800277509
R007_0033,7,-0.10287073230990451,0.28153096681361522,1.205241989548177
R007_0034,7,0.27938525935393121,1.2625165941753975,1.3055985460722952
R007_0035,7,0.36083307351236282,1.8062361622012406,1.3138766823431667
R007_0036,7,-0.45899072421945375,1.8967390016663024,0.85882634551383275
R007_0037,7,0.54355567174320751,1.6691037556592256,1.3391011798468009
R007_0038,7,0.31624176063823306,1.4062136645732679,1.3093982092251326
R007_0039,7,0.98008201737849454,3.9794992500833253,1.5786793816772562
R007_0040,7,-0.94720517592501596,-0.5317839158844635,-0.39179273563942285
R007_0041,7,-0.35758325321762419,1.9104359173022962,0.99465452714719582
R007_0042,7,0.28251521031792848,1.984442228323708,1.3059308711578235
R007_0043,7,0.42476796758845548,2.3926916095764952,1.3208278897409975
R007_0044,7,0.67423370825067486,2.9089187369743077,1.3749139568326481
R007_0045,7,0.69012195125547859,2.1528979435681972,1.3808538625598747
R007_0046,7,0.82920109343746762,1.0808213993322138,1.4521426590927196
R007_0047,7,-0.73830559804238716,0.41576754403102911,0.28093656969840275
R007_0048,7,-0.063204757019355018,1.3286975890096684,1.2246928343300776
R007_0049,7,0.93756428172104389,1.1794991531140329,1.5369854971950931
R007_0050,7,0.91801542226834565,1.5156123187544304,1.5194858782535547
R007_0051,7,0.05981808392409893,1.9447621331868543,1.2684132079430588
R007_0052,7,0.040392212749931433,2.9437251480234279,1.2629630521802755
R007_0053,7,0.96454748190343609,1.6369640250546227,1.5628541319545151
R007_0054,7,-0.028687849838392898,1.0162082264102665,1.2393243005914432
R007_0055,7,0.78330319509166446,0.6437894705134195,1.4244381164702309
R007_0056,7,0.018428825642831548,1.5260789150301139,1.2562000668847002
R007_0057,7,0.65311280960477958,2.0752281238601045,1.3676142850772686
R007_0058,7,0.3679182959970746,0.76725784849096512,1.314600633192367
R007_0059,7,-0.536629517880858,1.1696624785849945,0.73030083859926886
R007_0060,7,-0.23925161168823927,2.0341694312274652,1.113059624631191
R007_0061,7,-0.85421675710463463,0.54073822372912039,-0.063723244317276384
R007_0062,7,-0.5216615001807936,1.4483044414803217,0.75685034432660314
R007_0063,7,-0.80343760589359192,-0.36378810058810895,0.095691394218759163
R007_0064,7,0.13679923239391711,0.90636061344855734,1.2857642575527586
R007_0065,7,-0.53037647485679584,0.23116407731412925,0.7414979694106133
R007_0066,7,-0.40014886995609023,1.4800335164149216,0.94180494378731194
R007_0067,7,-0.70300421026609561,0.037239488207950033,0.37271095969929235
R007_0068,7,0.12445016196746406,0.64797488493957822,1.2833872729883378
R007_0069,7,-0.89172538494872344,1.3449289675455953,-0.19029224574487213
R007_0070,7,-0.63421328813615729,1.2719273056146476,0.53503243711098747
R007_0071,7,0.6748933497477434,0.87694750334791216,1.3751527376125201
R007_0072,7,0.25714444567644801,2.0348780978548726,1.3031605294553477
R007_0073,7,-0.79239383578566436,-0.113883816111536,0.1285952340127734
R007_0074,7,0.64538942696559043,1.0250703721143788,1.3651075045350205
R007_0075,7,-0.74214101209444161,1.3155188363387684,0.27060710378217756
R007_0076,7,0.61550974724012097,1.9536880343981451,1.3561796638166597
R007_0077,7,0.97520131268904997,1.929882221473052,1.57363246836893
R007_0078,7,0.32723666573456267,1.5659714491472312,1.3105012743943287
R007_0079,7,-0.54571440379608571,1.9108002497714329,0.71375976539844876
R008_0000,8,-0.66609918018709746,0.76005151497375012,0.46244397988312902
R008_0001,8,0.073215252087927229,1.4942255094399868,1.2718993346711489
R008_0002,8,-0.63879629076677524,1.1215403600778044,0.52487502570705868
R008_0003,8,-0.4385066318171229,0.44151383313487091,0.88906693508455037
R008_0004,8,-0.33823154472470374,0.15779489185329287,1.0167981128393029
R008_0005,8,-0.67682889300105598,-0.028448301565770273,0.43699673272986717
R008_0006,8,0.49886405305517467,0.81227923531869606,1.3310658914129154
R008_0007,8,-0.17171006996176952,0.12190053993889993,1.1639911448090188
R008_0008,8,-0.1052646814424667,1.0002877534852632,1.2039720705570167
R008_0009,8,0.25298034642211409,0.75201583380852532,1.3026867069475243
R008_0010,8,-0.47329163690716936,0.47642449732351311,0.83682943644689523
R008_0011,8,0.8049803149654926,0.084538206795018001,1.4369645221907246
R008_0012,8,0.28045647471284885,1.5331099485259998,1.3057125439764841
R008_0013,8,-0.67552551367747382,0.66430380537094791,0.44011572107617958
R008_0014,8,0.26345344058369191,0.23625408245903579,1.3038671937478257
R008_0015,8,0.9242381320778954,-0.38872655836672521,1.5249455893099892
R008_0016,8,-0.36580524438532236,0.56307442548070441,0.98489580315769421
R008_0017,8,-0.28515882776215107,2.6132337642079193,1.0718168557996846
R008_0018,8,-0.11850885905291442,0.49298048298001917,1.1967403521839557
R008_0019,8,0.8209320128983586,1.41101284792938,1.4468168227401712
R008_0020,8,0.13334960304515353,2.4361921672973992,1.2851142022372437
R008_0021,8,-0.34854020574805222,0.66501690089422738,1.0051451516829035
R008_0022,8,0.51338042681675145,1.8585403387310779,1.3334932544726799
R008_0023,8,0.8853791149198762,2.2899042080796486,1.4924945349962404
R008_0024,8,0.82229856020271663,2.3002449092218176,1.4476865531604342
R008_0025,8,-0.10106796216472835,1.5253144174040028,1.2061908768257812
R008_0026,8,0.83499750282864449,1.156391647275272,1.4559667425010159
R008_0027,8,-0.93247477807414691,0.31906589443185907,-0.33659463807538392
R008_0028,8,0.28064488098401386,2.3566471268123914,1.3057325656332619
R008_0029,8,-0.63693723157840632,1.8533516640820258,0.52900635215208303
R008_0030,8,0.13769316451812141,0.1289278528867055,1.2859309875328107
R008_0031,8,0.55487971587036866,1.7689676334727853,1.3414213368894756
R008_0032,8,-0.49857045090651475,0.82782249154063259,0.79612279578910539
R008_0033,8,0.92092364718214248,0.86440331620196575,1.5220247638108892
R008_0034,8,0.074058652449518592,2.6840310901376476,1.2721116565851127
R008_0035,8,0.19837918730220405,1.630928905043959,1.2957722949187209
R008_0036,8,0.099088889878869546,-0.12407681718013008,1.2780468416169317
R008_0037,8,-0.71360869995117437,1.3386338447503956,0.34576175579640833
R008_0038,8,-0.027111910685926999,1.0771699796021756,1.2399445929107575
R008_0039,8,0.74309988234893631,2.5898729942006771,1.4036902692802173
R008_0040,8,-0.93048507070890341,-0.28380745539878,-0.3292338270209676
R008_0041,8,-0.4866610051689233,1.9344895348026006,0.81559424248168433
R008_0042,8,0.015429770723023095,1.4309914931196024,1.2552246164993197
R008_0043,8,0.86164242139130565,1.2379497106446671,1.474534477246739
R008_0044,8,0.73929615638759771,2.288631457082615,1.4018861684562594
R008_0045,8,-0.76702954996121453,-0.74835943685048412,0.20183654705780363
R008_0046,8,0.72901404961031657,1.8136343403216544,1.3971409707531111
R008_0047,8,-0.37579333772487811,-0.22640624149426736,0.97275452760511194
R008_0048,8,0.041138307197953417,1.7088819723614288,1.2631813529089717
R008_0049,8,-0.11574150668852035,2.1245998991482362,1.1982805370978691
R008_0050,8,0.30474925847543721,1.4546608887323085,1.3082351876757954
R008_0051,8,-0.21510952432613273,1.2548110628045903,1.1325424076257011
R008_0052,8,-0.78952873242707899,0.35898320516552684,0.13703035017014353
R008_0053,8,0.69434036377037378,1.2456710102975797,1.38249828642553
R008_0054,8,-0.62595165837434541,0.15451286243240364,0.55311214913784112
R008_0055,8,0.64224111300017905,2.3395790747009277,1.3641098048383562
R008_0056,8,0.64378153487426593,2.0188103328008324,1.3645962338279434
R008_0057,8,-0.25582257464564462,1.8245931146667593,1.0988214389051807
R008_0058,8,0.27417207808174049,1.1375850429247214,1.3050396848894306
R008_0059,8,-0.061746583425373425,1.3700497011248713,1.2253526522310645
R008_0060,8,0.57019147576068008,1.7423394985512592,1.3447630478371027
R008_0061,8,-0.64996227000580475,0.89603631284484297,0.49974210616847103
R008_0062,8,-0.33527336794015761,1.0357382526598546,1.0200825330769709
R008_0063,8,0.43858549340110642,0.97723269746899377,1.3225108160474801
R008_0064,8,0.84638349082045039,0.63573603397820089,1.4637001022791352
R008_0065,8,0.78142127963520402,1.8991199981016411,1.4233961726810209
R008_0066,8,-0.27679348369895052,0.87575535952880279,1.079756482943186
R008_0067,8,-0.49420828169503284,0.21088007246942264,0.80331598238832824
R008_0068,8,0.88946655697073029,0.76996041904847701,1.4957268321803781
R008_0069,8,0.95334191601006513,2.2578932858272522,1.5518653926386492
R008_0070,8,-0.10457498182475211,2.3462278126810889,1.2043390929819866
R008_0071,8,0.018783846144267757,0.75689473541864927,1.2563146921623578
R008_0072,8,-0.35599898566388366,2.0680569749130298,0.99651067391556047
R008_0073,8,0.18285663341991021,2.2138101440743587,1.2935079814109591
R008_0074,8,-0.56908147711505253,0.45144488523743231,0.66970681906121798
R008_0075,8,0.7154259353578325,2.2625404663748787,1.3911580086145867
R008_0076,8,-0.032405228654620588,-0.36847022769468318,1.2378450743178979
R008_0077,8,-0.98037002624643899,-0.58745795299265546,-0.52066744211934246
R008_0078,8,0.92111011250830788,2.0072482846559976,1.5221883101050107
R008_0079,8,-0.46015996491221789,2.0144415122825059,0.85705543151755637
R009_0000,9,0.25395809799231484,2.4556590465549881,1.3027985141114391
R009_0001,9,-0.089550055394836958,1.5978696570638331,1.212104480608486
R009_0002,9,0.11266685051869874,1.1203969021745339,1.280985662750421
R009_0003,9,-0.1495729700179067,2.6585720686501704,1.1783607123803168
R009_0004,9,-0.27219575809134167,0.97179034115248164,1.084038240492704
R009_0005,9,0.22345688851801748,1.3645094927693462,1.2991285766425911
R009_0006,9,0.90754033303985571,0.35082864739484476,1.5105247376571811
R009_0007,9,-0.72705827886703966,1.770747364021855,0.31081954927839206
R009_0008,9,-0.71483945012489492,-0.09194106580041167,0.34259983864795829
R009_0009,9,0.18904992898894801,2.4885781291979114,1.2944300341234698
R009_0010,9,-0.96788325512044082,-0.97656721419809789,-0.47139095593607339
R009_0011,9,-0.4354325534426946,1.5724825132416396,0.89347847307789996
R009_0012,9,0.52022820494782063,1.0992857780343219,1.3346967336441538
R009_0013,9,-0.069643244752452871,-0.011121572581603845,1.2217338913968592
R009_0014,9,-0.63642277614996501,0.070770888225060335,0.53014694267404217
R009_0015,9,-0.29393090579669345,0.23452636860219589,1.0632819462863023
R009_0016,9,-0.60517495079062456,1.8600191119258109,0.59728325918903846
R009_0017,9,0.60209159909375076,1.3449423068776254,1.3525464474991618
R009_0018,9,-0.09089036295987607,0.67947895171013395,1.2114294414793867
R009_0019,9,0.037159074109036627,1.117800158455696,1.2620085601943312
R009_0020,9,0.94706431792204193,0.54309056309984283,1.5458627776320677
R009_0021,9,-0.26923100050191207,1.7961824884906656,1.0867686773332874
R009_0022,9,0.041558991756735608,0.83307718367818584,1.2633041187210761
R009_0023,9,0.45971032540526879,0.76048521675612168,1.3252625991841676
R009_0024,9,-0.55669704209464022,1.0766812936410979,0.6933271858735327
R009_0025,9,-0.25815717875949495,1.6653783826224444,1.0967574518754903
R009_0026,9,0.53718934962165443,0.92599031647209773,1.3378504881945488
R009_0027,9,-0.58850676256716961,0.55728377109728855,0.63139980929273354
R009_0028,9,-0.79369356166900706,-0.054683714947313583,0.12475502225118817
R009_0029,9,0.98008746636937172,0.57342854909092478,1.5786850548756632
R009_0030,9,-0.43355202883393296,1.8554370187809595,0.89616104536195418
R009_0031,9,-0.75976163147918507,-0.013407490881420681,0.22223281305972598
R009_0032,9,-0.090543868547589224,0.29571487352811421,1.2116042798866555
R009_0033,9,0.88521687283864892,0.92077039399357896,1.4923670944539744
R009_0034,9,-0.08997181246634911,2.4354036936642096,1.2118924339148416
R009_0035,9,0.14702137083816957,2.3292073494390797,1.2876294486375679
R009_0036,9,-0.081178783072023863,0.44603308087227433,1.2162437039889824
R009_0037,9,0.57695508790985151,1.7109664441221282,1.346317784829439
R009_0038,9,0.49482412998743741,1.0647999025178612,1.3304188632396203
R009_0039,9,0.64713028013947027,1.3845608981646678,1.3656651473912846
R009_0040,9,-0.88941066657422274,-0.17397786479206326,-0.18225935424077
R009_0041,9,-0.4848108328330818,0.58529194320172073,0.81857203589512795
R009_0042,9,0.83988559970807097,1.3655348376831553,1.4592504972807325
R009_0043,9,0.072726578923365981,-0.11392364870206451,1.271775932788541
R009_0044,9,-0.21119561580682,2.1780775064330777,1.1355637816679107
R009_0045,9,-0.64218690761117103,1.2226263165231521,0.51730121531350937
R009_0046,9,-0.60198919121762362,-0.18378092708244398,0.60389395073687901
R009_0047,9,-0.47851215234028999,0.54814322670434978,0.82861524863900415
R009_0048,9,0.85414862629322541,2.7094658028751457,1.4691454427523984
R009_0049,9,0.36463243385904653,1.1884468516880369,1.3142640174037759
R009_0050,9,0.043813506376093825,0.4837533920044722,1.2639580887980237
R009_0051,9,-0.74180079843825708,0.87979662864444985,0.27152623460138314
R009_0052,9,0.17292171698694037,1.1896070264692307,1.2919741793285291
R009_0053,9,-0.24945244337853834,0.15651392607561077,1.1043798353121204
R009_0054,9,-0.66834797234450538,0.28045999148669309,0.45715367892890768
R009_0055,9,0.81368191366466891,0.63399379043944359,1.4422708044486827
R009_0056,9,0.31917786025843187,3.3620839444086847,1.3096934364757624
R009_0057,9,0.42679493421026415,1.1007602322111949,1.3210695664770575
R009_0058,9,-0.94895077964040797,0.13513558390454927,-0.39841648864570223
R009_0059,9,0.78616083184241625,1.738450018802371,1.4260340016062401
R009_0060,9,0.32118336610334208,1.867277766592784,1.3098947691889653
R009_0061,9,0.80184407881154351,1.1499752808484252,1.4350915818600749
R009_0062,9,0.086405643409031008,1.2462301738170212,1.2751263479852568
R009_0063,9,-0.12701731700630292,1.4149909760896975,1.1919069741590018
R009_0064,9,-0.49383776388715539,-0.89855827103777175,0.80392369337367731
R009_0065,9,0.19303562972467381,-0.5341277147402117,1.2950101840836714
R009_0066,9,-0.47529392059312325,1.2324405381671615,0.8336906853540933
R009_0067,9,0.46037799237610177,1.0465294204710054,1.3253534855231901
R009_0068,9,0.14291944417751634,2.3725589153267759,1.2868917807631128
R009_0069,9,-0.61733775176212835,-0.54679056840173479,0.57164906756867151
R009_0070,9,-0.60127596866048427,0.53845712139525093,0.60536808399970543
R009_0071,9,0.34703348319252814,-0.31105671797470347,1.3124830546750672
R009_0072,9,-0.34253960672172701,1.3648119092803441,1.0119676030789175
R009_0073,9,-0.31477680180108769,1.0844700602113597,1.042122681998656
R009_0074,9,-0.83984639891016366,-0.75948091967961728,-0.017236907438719973
R009_0075,9,-0.85049490734917144,0.60638027473269429,-0.051578160427684372
R009_0076,9,-0.27462862125309417,1.8994143643214374,1.0817797737168597
R009_0077,9,-0.54696723210099463,1.9822412525540418,0.7114531704621716
R009_0078,9,0.69875766565698871,2.2987934672653889,1.3842512322894402
R009_0079,9,-0.42379479656105978,0.71417240039973373,0.90988449481471201
R010_0000,10,-0.49226565491261942,2.6041504583855133,0.80649653303358748
R010_0001,10,0.85198678041569242,2.2128566670306338,1.4676153326426415
R010_0002,10,-0.721508610942174,0.29282726443709994,0.32534164607511551
R010_0003,10,-0.93655948564764269,-0.38729077947611823,-0.3517764910148049
R010_0004,10,0.60425777085312404,0.99526914283821721,1.3531179554800037
R010_0005,10,-0.2989530486830918,0.61960826111608236,1.0582980076033182
R010_0006,10,0.39841364197316342,1.0127186111011388,1.3178258751027261
R010_0007,10,0.87842331518549321,1.5996838373380746,1.4870892234096782
R010_0008,10,-0.026219348820334165,1.8006970337428303,1.2402941187713268
R010_0009,10,0.85304585139279321,2.1361916863433739,1.4683635555822765
R010_0010,10,0.73744997177376725,1.7477777453960515,1.4010200691571699
R010_0011,10,0.092786532799889132,1.2026724900776911,1.2766174041309715
R010_0012,10,-0.24082683742409694,0.62566863468957967,1.1117369049532089
R010_0013,10,-0.013458065588954682,1.1743176570970153,1.2451520092579389
R010_0014,10,-0.79389803376866697,1.0753068361364124,0.12415010275279137
R010_0015,10,0.83229156595635612,2.4010283808399073,1.4541721603150837
R010_0016,10,0.080056687986246988,0.9772450847824814,1.2735978527122647
R010_0017,10,-0.39575514879247509,1.4111024002145942,0.9475310814901523
R010_0018,10,-0.92942037059721327,-0.27225993527709802,-0.32530427823294561
R010_0019,10,-0.66628162404276581,0.093110066876778141,0.46201562773999227
R010_0020,10,0.40350752394347178,1.2333308791287385,1.3183877054064888
R010_0021,10,-0.67339084267462668,0.96008188462027944,0.44520733674777757
R010_0022,10,0.4793888486248663,2.7127104795402222,1.3280534282217098
R010_0023,10,-0.40823750808143755,0.50941316798196978,0.93109648189672678
R010_0024,10,0.34386813366659319,1.1578277270649318,1.3121654680244879
R010_0025,10,-0.43311805772442735,0.74792575752545654,0.89677837184068454
R010_0026,10,0.40926038625157846,2.7103518840982552,1.3190321012923085
R010_0027,10,-0.46653917391293187,1.4573898995022212,0.84730742069549292
R010_0028,10,-0.45423817951012202,0.39658192041209084,0.86597438005086458
R010_0029,10,0.13123099958370532,2.2257489392302197,1.2847096718165119
R010_0030,10,-0.38276336382059428,0.61632821090936796,0.96409361648531922
R010_0031,10,0.68472711914834705,1.4587484648832834,1.378792433766725
R010_0032,10,0.29642737020238341,0.16158016369498185,1.3073828139695314
R010_0033,10,0.86632683263615573,0.20701220606455117,1.4779708835948113
R010_0034,10,-0.43884567431583754,1.33052068863419,0.8885783758686554
R010_0035,10,0.090989271605795174,1.5873036312592346,1.2762019377809559
R010_0036,10,-0.41899006763401703,2.5822052618013451,0.91652284780935656
R010_0037,10,-0.41936151406178745,0.2705339737598097,0.91601244049256358
R010_0038,10,-0.64726797715746653,-0.73142795636261793,0.50585681078805222
R010_0039,10,0.1306554903721906,0.75776431610135153,1.2845990796673845
R010_0040,10,0.14140675460242402,2.3450536823929173,1.2866161247632855
R010_0041,10,-0.72324175483807718,1.9994622433136364,0.32082217591837781
R010_0042,10,-0.02468413088048238,1.5461059777818886,1.2408922943061751
R010_0043,10,-0.6758746539828171,-0.55082733175296061,0.4392809845612996
R010_0044,10,0.77793838554328132,0.2076896242961308,1.4214866447583572
R010_0045,10,-0.78519568434343912,0.89209029158210829,0.14970845949141465
R010_0046,10,-0.74481368616284138,-0.77049282405579356,0.26336703247314341
R010_0047,10,-0.60844738571596291,0.61815386348318591,0.59044808084823019
R010_0048,10,-0.70603354007499552,0.29689817247488182,0.36506626284679289
R010_0049,10,0.51675073610767042,1.4469737316964291,1.3340807398336583
R010_0050,10,0.25648624188231128,0.45746156237341773,1.3030860380061984
R010_0051,10,0.79772429220059937,1.8316380396088612,1.4326627613474863
R010_0052,10,0.26790586483572087,1.7132005356108924,1.3043583051061987
R010_0053,10,0.26427772792736404,2.70234098182127,1.3039585726813481
R010_0054,10,0.91582828948142758,1.5011741169838178,1.517591174054443
R010_0055,10,-0.75535611221363674,0.89266279058002751,0.23446961287365542
R010_0056,10,0.011317538304967734,0.3764390374787584,1.2538661606211488
R010_0057,10,-0.3484597961741529,-0.92667835753719086,1.0052373024671197
R010_0058,10,0.33168843812230975,0.565859441379856,1.3109466182520884
R010_0059,10,0.11762064192955446,0.36136390946896046,1.2820116903782499
R010_0060,10,-0.71718763830221088,1.4727564853184287,0.33654728736854755
R010_0061,10,0.084063645164910161,2.0725552421776934,1.2745677926753247
R010_0062,10,0.34992308852405873,0.38746452397220144,1.3127735110042189
R010_0063,10,-0.83109438061542096,-1.580521137036079,0.010539759723528386
R010_0064,10,0.56403657709935007,2.218486030557687,1.3433906452683595
R010_0065,10,-0.35725055877281742,1.2316584902256709,0.99504496263597275
R010_0066,10,-0.76783241490779885,0.13318881177682798,0.19956742206417344
R010_0067,10,0.70103068769898558,1.3076790421530673,1.3851657290316644
R010_0068,10,0.49363019263126806,1.1616457124970576,1.3302299278812457
R010_0069,10,0.79009766285375127,1.182414429901306,1.428259851938954
R010_0070,10,-0.84776726117592882,-0.26032538920902759,-0.042724217901219053
R010_0071,10,0.52006357606232978,0.93993095430580498,1.3346673436673171
R010_0072,10,-0.42397619661360109,0.59248772846122755,0.90963232954809592
R010_0073,10,0.8902499686647769,1.8126561732239312,1.4963511095421187
R010_0074,10,0.23865359016165621,-0.67407882045214973,1.3010065868606506
R010_0075,10,0.024964372974847659,0.1048441624527281,1.2582817843235354
R010_0076,10,0.91430754899234978,1.914236637918767,1.5162811557732667
R010_0077,10,-0.017710183034704396,1.6082698671568436,1.2435620318935845
R010_0078,10,-0.088224511264354044,2.6931932476221663,1.2127687218935919
R010_0079,10,0.86576472464277821,1.2673654388007052,1.4775557607735452
R011_0000,11,-0.55831909120253265,1.1300901851681684,0.69026865511516267
R011_0001,11,-0.49199862126381899,0.65186114418844077,0.80693263498182344
R011_0002,11,-0.86975790647428752,-0.701573195069772,-0.1152394525622904
R011_0003,11,-0.69396655732747825,-0.61416626206442215,0.39526421936109668
R011_0004,11,-0.094447963747667174,0.79118290027429161,1.2096210128195422
R011_0005,11,0.3043697688082323,2.3293366544575878,1.3081965317670423
R011_0006,11,-0.33750093231908851,0.01987459927558255,1.0176117557260331
R011_0007,11,0.30574040809657488,1.8529226191456933,1.3083360622781883
R011_0008,11,0.37373551692255447,0.76421362597177256,1.3152007919373925
R011_0009,11,-0.76222135591943818,0.86345130439909157,0.21535915862788713
R011_0010,11,-0.55734451697126053,0.68997209126847281,0.69210757397717904
R011_0011,11,-0.5456094265203888,-0.53975752534145083,0.71395275808459702
R011_0012,11,0.43581882746376022,2.0766695079289965,1.3221669856362723
R011_0013,11,-0.56377671651673444,1.3993381037193195,0.67990014595756088
R011_0014,11,-0.058483014659299393,1.035462628937508,1.22681572714798
R011_0015,11,-0.13626115162863317,0.48143911224093716,1.1864857898788193
R011_0016,11,-0.83395494329761721,-0.56814179480973881,0.0015053662327946249
R011_0017,11,0.85288928106206763,2.2740618388055327,1.4682527751199081
R011_0018,11,0.75084359963358915,2.4147323702347361,1.4074458087020676
R011_0019,11,0.59874333040709837,1.9883397481056266,1.3516742119485083
R011_0020,11,0.09913444219288281,1.5041544798600588,1.2780570195766492
R011_0021,11,0.17634016081734005,0.42950839455974077,1.2925097527470155
R011_0022,11,0.53673815199111075,0.60240389251010396,1.3377632730151414
R011_0023,11,0.4770579954518972,1.4809257425568187,1.3277102437058634
R011_0024,11,0.79093014275706097,1.4180245024618037,1.4287346000720349
R011_0025,11,-0.088854420833966996,1.0896827175022921,1.2124534851884556
R011_0026,11,0.44410697236718999,1.030665034158202,1.3232079358175162
R011_0027,11,0.91414370031805747,-0.2247011567284114,1.5161403719659623
R011_0028,11,-0.82998050427689662,-0.15153536337465079,0.014046063541690801
R011_0029,11,0.390319533153902,-0.35156601895151174,1.3169485249848289
R011_0030,11,0.53721164003450084,0.67251173991081092,1.3378548017035965
R011_0031,11,0.78907482468884038,0.97269375292605575,1.4276784959775415
R011_0032,11,0.245583163205215,1.1448526637804548,1.3018293307875188
R011_0033,11,0.50533843705335446,1.375661037572014,1.3321282972172135
R011_0034,11,-0.096000311136150041,0.64827142121570513,1.2088242878469291
R011_0035,11,-0.25390366860992608,0.044257048490385476,1.1005070915445569
R011_0036,11,-0.92674315858428646,0.31480006948587602,-0.31545179144753943
R011_0037,11,0.54450147776086943,1.4305159950690796,1.3392902306354539
R011_0038,11,-0.47893907430614324,0.13567918810830815,0.8279391154868363
R011_0039,11,-0.50805110485908256,0.73487684203913561,0.78024310872284219
R011_0040,11,-0.66033717343675336,0.0060661578906138769,0.47589546979259389
R011_0041,11,-0.20574173338720381,-0.095504316897643493,1.1397114143227651
R011_0042,11,-0.36713516344763786,-0.023614099474797756,0.98329739795932758
R011_0043,11,0.19942954267548019,2.1607278104832242,1.2959200382088703
R011_0044,11,-0.85783821463637744,-0.096068887855005419,-0.075611785256373576
R011_0045,11,-0.16033632595662373,1.4939504313357699,1.1715100697241423
R011_0046,11,-0.0075027553686071169,-0.22860621420040439,1.2473315003622922
R011_0047,11,-0.48617346200282663,1.1315254421513492,0.81638015220559723
R011_0048,11,0.67849669786143818,0.095260207170590805,1.3764689370753824
R011_0049,11,-0.15041487132921039,1.431389888668781,1.1778340088925434
R011_0050,11,0.81502720693478836,3.3451901964956443,1.4431057049357074
R011_0051,11,0.73499033888620402,0.7840215901055253,1.3998758081782832
R011_0052,11,0.32544190806120099,-0.91591432728631461,1.3103216000074263
R011_0053,11,-0.86425558381613787,0.35295042140777433,-0.096851557621207451
R011_0054,11,-0.46557623124824943,0.87655245099413626,0.84878824233898664
R011_0055,11,-0.31703366777765107,1.1684695441135355,1.0397565835479545
R011_0056,11,0.15019771053069086,1.911770720615573,1.2881909567933492
R011_0057,11,0.52496435173649547,1.2792990299363705,1.3355520829198673
R011_0058,11,0.27351620052780112,0.77459470162895994,1.3049688745449639
R011_0059,11,-0.55847569168552513,1.8654316652427734,0.68997281123040088
R011_0060,11,0.32834213926380262,0.18999525054996136,1.3106118984486199
R011_0061,11,-0.34166960332475238,1.2155925783089077,1.0129476506488142
R011_0062,11,-0.36061854126367576,0.12917645089399432,0.99107653461981349
R011_0063,11,0.55649369358264944,1.9119754868740899,1.3417622780402283
R011_0064,11,0.16341984700696699,1.5084989350264313,1.2904406351677227
R011_0065,11,-0.73906856651018216,1.5130843642550758,0.27888741752644486
R011_0066,11,-0.56298739545643151,1.4848957563199612,0.6814071348684172
R011_0067,11,0.72227960182298023,2.5343147529572922,1.3941353481486463
R011_0068,11,0.5287137525198391,1.4916237294682242,1.3362429200554324
R011_0069,11,0.29610504809261662,0.54865551069707008,1.3073495853140009
R011_0070,11,0.74259900057668382,1.7861885947489515,1.4034511819847149
R011_0071,11,-0.67805822891287737,0.55005898745512449,0.43404785383655287
R011_0072,11,0.19450355738616243,0.75156434869553412,1.2952213102303587
R011_0073,11,-0.92384360653752085,-0.19856487481413759,-0.30482690692468961
R011_0074,11,0.57317701560100276,2.1174367600493151,1.3454432337519295
R011_0075,11,-0.30950357909211501,1.7686941345581615,1.0475933150296783
R011_0076,11,-0.48789422200944754,1.4535662362212542,0.81360240549543417
R011_0077,11,0.67408705786727441,2.0556525497629381,1.3748609622339418
R011_0078,11,-0.77305112534728715,0.23635843172615667,0.18473989705707705
R011_0079,11,0.0080533529175932372,2.3458276426758919,1.2527704228854177
R012_0000,12,-0.77708543668885066,-0.14185022228061239,0.17318462134665658
R012_0001,12,-0.50305778047804761,2.2175173603451923,0.78864888722228865
R012_0002,12,0.61258876239957671,1.6700610027436245,1.3553696606585377
R012_0003,12,0.34420503846005412,1.5869371281559554,1.3121992453512947
R012_0004,12,-0.38624393673537805,0.17379295170528097,0.95971016685778787
R012_0005,12,-0.55285611007372348,0.54752188220133058,0.70052765050825117
R012_0006,12,0.88136253016314603,2.650538089967752,1.489358703675943
R012_0007,12,0.89614455978151897,1.5976631047217023,1.5010978095732195
R012_0008,12,0.44697260703186581,0.79956683707880738,1.3235756818246478
R012_0009,12,0.98530034933230759,2.8480773989902133,1.584152121637759
R012_0010,12,-0.122885966546318,1.488011955402772,1.1942724190079013
R012_0011,12,0.62683690728234032,1.5374802230022895,1.3594242239987167
R012_0012,12,-0.0021044090531350257,1.5367547602990139,1.2492601284387148
R012_0013,12,-0.43556085510793707,0.65461473447009721,0.89329500501150405
R012_0014,12,0.45951883113862402,-0.48127986667961453,1.3252365788186053
R012_0015,12,-0.59841499085667893,-0.42231991706876337,0.61125984608833306
R012_0016,12,0.15733425809124912,0.032628284940787289,1.2894224360384916
R012_0017,12,-0.92580776324555525,-0.90413834591408537,-0.31201900058327725
R012_0018,12,-0.27002241965195783,1.1320001895572482,1.0860421450970161
R012_0019,12,-0.97756398525680788,-0.29789073047073178,-0.50951399353297111
R012_0020,12,0.80042173825905194,2.490265155566612,1.4342490123854166
R012_0021,12,-0.39546437137293333,2.3700939572205746,0.94790779980180262
R012_0022,12,-0.86911718504884772,-0.32812082734056147,-0.11308984493089191
R012_0023,12,0.025093397705640896,2.1111056863299176,1.258322280822475
R012_0024,12,-0.33064170475452226,0.34221228555504979,1.0251721609876681
R012_0025,12,-0.56095820834471888,0.67155172937274576,0.68526977409381096
R012_0026,12,0.9236294033277066,-0.33279157717742258,1.5244069739166097
R012_0027,12,0.28773639554985153,0.70662055122940137,1.3064803175465647
R012_0028,12,-0.092926979001523469,1.5925761641877394,1.2103971419211474
R012_0029,12,0.79084450601454837,1.66841384271291,1.4286856971909965
R012_0030,12,0.64485942566407006,1.4363729829445817,1.3649385767721189
R012_0031,12,0.49579536407084057,2.038741409017593,1.3305733205225447
R012_0032,12,-0.81695051236652216,-0.51591649767864523,0.054581649692654555
R012_0033,12,-0.78940038417415082,1.2544028121125701,0.13740724725224762
R012_0034,12,-0.28880210854533983,2.4421145499945269,1.0682982545827249
R012_0035,12,0.12254129793511259,1.684133178701219,1.2830072710775218
R012_0036,12,0.76306234718922372,3.8381686205850269,1.4136015965180744
R012_0037,12,0.22088475570087196,2.1060171400936039,1.2987998459171517
R012_0038,12,0.52518642474708876,0.70458594052490886,1.3355926603878125
R012_0039,12,-0.44004501080793923,-0.21855755271141564,0.88684692885078187
R012_0040,12,-0.92323804100516571,-0.48635120784278119,-0.30261392913703378
R012_0041,12,0.3092223860639205,0.86368034560257412,1.3086895039307824
R012_0042,12,-0.48963641087314991,1.2877609862323358,0.81077891927969292
R012_0043,12,-0.99462820392623996,-1.5666659396460627,-0.57806208841956996
R012_0044,12,0.27616870380932301,1.9047253427963107,1.3052545464464413
R012_0045,12,-0.16292787921155383,2.2218590235585154,1.1698223711491036
R012_0046,12,-0.18446064618075875,1.1998459709926608,1.1552121702392013
R012_0047,12,-0.33095190240899575,0.49759636566293952,1.0248332995483245
R012_0048,12,-0.72154058006554456,0.3200415163378767,0.3252584102484819
R012_0049,12,0.4672340496394638,0.89702660643313004,1.3263017525524357
R012_0050,12,0.20574079842980364,2.611432037498389,1.2967939666488046
R012_0051,12,-0.90444073536429115,0.023749648647284627,-0.23494727936197424
R012_0052,12,0.34145002900003663,2.2437272677479996,1.3119231817282713
R012_0053,12,0.77075424993130426,1.0345277048970034,1.417624326329056
R012_0054,12,-0.94902598241217229,-0.77887686390769284,-0.39870224302515767
R012_0055,12,0.34165130974081337,1.4680376535850854,1.3119433403845364
R012_0056,12,-0.12053777783958797,-0.00086033747222669099,1.1956012586372649
R012_0057,12,-0.24360860059350609,0.39006763175293924,1.1093853853205651
R012_0058,12,0.081029346096320731,1.802686499792868,1.2738349690584962
R012_0059,12,0.86868254013925994,0.96714607850935064,1.4797188512309685
R012_0060,12,0.40154545697167054,1.0761336583513361,1.3181703613008917
R012_0061,12,-0.62202350410995888,0.82714407083042518,0.56160499697026234
R012_0062,12,0.66694215234837984,2.4243618174817918,1.372318699145773
R012_0063,12,-0.30275674412012488,-0.19964585862799722,1.0544755188225265
R012_0064,12,-0.75456314676579872,-0.081086125668205,0.23666205025680576
R012_0065,12,0.0061468527811614493,1.9289609977538678,1.2521232348126596
R012_0066,12,-0.20649349603329425,0.82519245860009671,1.1391440089953959
R012_0067,12,0.043674719049857202,1.2079312939735916,1.2639180223797173
R012_0068,12,-0.12335189673724822,1.6333244974950767,1.1940074051145475
R012_0069,12,-0.69661190224343428,1.0842487315007863,0.38870205465041208
R012_0070,12,0.92638927825618311,2.7462728925116395,1.5268568667259035
R012_0071,12,-0.61785251578278144,0.36286980617569276,0.57055025425340455
R012_0072,12,0.61483885830139773,0.54297314692839205,1.3559926687330279
R012_0073,12,0.60311154337879769,1.1985677861673547,1.3528148328935834
R012_0074,12,-0.90423300567263043,-0.24497505858504193,-0.2342105427534007
R012_0075,12,-0.92538335225477253,-0.37280839890404571,-0.31046309740167755
R012_0076,12,-0.042532207044897463,1.1838301930764366,1.2336992808477936
R012_0077,12,-0.35345296346526123,0.053870094605182328,0.9994773214897188
R012_0078,12,-0.69861640605834019,0.78990809820188046,0.38370799500314323
R012_0079,12,-0.97415482412448795,-1.5743154805814925,-0.49602575034651086
R013_0000,13,0.48176324450881247,1.8658303690297324,1.3284066955768898
R013_0001,13,-0.86007967693556142,0.32459377189528016,-0.083005277608659833
R013_0002,13,0.71136781943228367,1.7071248081855566,1.3894332616339944
R013_0003,13,-0.36017104694660285,0.57610740581647113,0.99160584528313034
R013_0004,13,0.81212726135776303,2.1915886429776337,1.4413108458640247
R013_0005,13,0.90546732949332043,0.58586599834924902,1.5087851129860825
R013_0006,13,-0.32028711443141433,1.146928217124709,1.0363194226601729
R013_0007,13,0.39819063774040919,0.24883431348781482,1.3178014567776064
R013_0008,13,-0.48417149165682583,0.78308146153983338,0.81959810375309439
R013_0009,13,-0.55275886058902146,0.37509362086142789,0.70070919608848348
R013_0010,13,0.40061870606496863,1.8985933715541159,1.318068115264355
R013_0011,13,-0.4753029103830253,0.86920176187521181,0.83367656021919689
R013_0012,13,0.72399765066193478,0.74422848977869793,1.3948945263177508
R013_0013,13,-0.2285889346879717,1.0999650300834083,1.121845870821822
R013_0014,13,-0.43201893914920464,1.5959506412047331,0.89833896948691461
R013_0015,13,0.39413286141288362,1.7368436500679627,1.3173596267779266
R013_0016,13,-0.82665123934711393,-0.68357331076255334,0.024487360974561279
R013_0017,13,0.52052505720946773,1.6106787857649152,1.3347497861024626
R013_0018,13,-0.8512633997503436,-0.47803368471530999,-0.054079840152318592
R013_0019,13,0.20309914884366131,0.80661785161794719,1.2964310217458972
R013_0020,13,-0.8711038660457926,-1.7015692835772713,-0.11976235993080375
R013_0021,13,0.91768071221744441,1.634325985136688,1.5191951058126603
R013_0022,13,0.075819230009944061,0.37304601745615873,1.2725522020706856
R013_0023,13,-0.65477795214854639,-0.19895846321440558,0.48873283205653406
R013_0024,13,0.022338258639677422,2.3617609849200045,1.2574525022310192
R013_0025,13,-0.95289097165604963,0.99229449606604958,-0.41343235503816911
R013_0026,13,-0.61541665176946792,-0.24936157978895579,0.57573983564299402
R013_0027,13,0.49221434662697838,1.5210156211084074,1.3300072085226007
R013_0028,13,0.68771782957012961,1.1152165827143954,1.3799294894733005
R013_0029,13,-0.81523367878641229,-0.45783497724234823,0.059856883354339141
R013_0030,13,-0.60335707700304519,1.8934058628199191,0.60106072606950978
R013_0031,13,0.11819384185355086,0.82017762341887024,1.282128863312632
R013_0032,13,-0.7832199735965315,-0.3407906748467075,0.15545782082185422
R013_0033,13,-0.19569796541006301,1.948368073944712,1.1471613563095517
R013_0034,13,-0.24413466969522379,2.3356224958116734,1.1089384251241257
R013_0035,13,-0.89430428786815752,0.46436012441886687,-0.19927673958836456
R013_0036,13,-0.94223389071475694,-0.31256472075576275,-0.37302515126579849
R013_0037,13,-0.33818535011080986,1.7126466221701939,1.0168496049969074
R013_0038,13,0.053750828069014878,1.0592405889702752,1.2667623969004629
R013_0039,13,0.91166616117418786,1.1238534311658475,1.5140201350117826
R013_0040,13,-0.26166160378449566,1.7239644444103812,1.0936319939854486
R013_0041,13,0.75123942367025465,0.59687024566654223,1.4076407838265386
R013_0042,13,-0.68714748751071952,0.84929024327937297,0.4120309448514623
R013_0043,13,0.68922724822978987,2.3288969588554949,1.3805087728105689
R013_0044,13,-0.76235812581015794,-0.20126636146055193,0.21497608294221138
R013_0045,13,-0.55617257783486229,0.79309974071663758,0.69431385869516138
R013_0046,13,-0.24140756077361436,2.8267535702081483,1.1112476540996925
R013_0047,13,0.52767943719839328,0.51357463537231507,1.3360511202375207
R013_0048,13,0.8527083008505254,0.45322632985958489,1.4681247949959133
R013_0049,13,0.2593862117871033,0.51735882163468894,1.3034131320064721
R013_0050,13,-0.33579086327976726,0.26226379974189173,1.0195098689693851
R013_0051,13,0.26195256435488878,1.4573141286057212,1.3037002589835605
R013_0052,13,0.88156328887343105,2.2120327439217871,1.489514493153882
R013_0053,13,-0.37245402210937617,1.5905319522681665,0.97684891857647749
R013_0054,13,0.76363843280377419,1.6196671309207287,1.4138988901470477
R013_0055,13,0.76003979599525362,1.6315289627517731,1.4120522815596011
R013_0056,13,0.31291159613387753,0.31967938845813593,1.3090625497676256
R013_0057,13,0.58000103322631769,1.9322220800812602,1.3470342447719073
R013_0058,13,0.99947283162443257,1.2191033420602215,1.5994205315367427
R013_0059,13,0.57877691184592872,1.1132376803659845,1.3467450792933175
R013_0060,13,0.8103618138872779,1.1309807270571866,1.4402270401289876
R013_0061,13,-0.92090110821884097,-0.29171057413420054,-0.29409327808811025
R013_0062,13,0.80646214591705379,1.3694944956801702,1.4378567157785698
R013_0063,13,0.43494269016628073,1.409060863089771,1.3220588432059768
R013_0064,13,-0.23381089256158294,0.46632934676359195,1.1175791388952108
R013_0065,13,-0.94977459973935141,-0.23735544140472936,-0.40154860782471968
R013_0066,13,-0.16963848041674323,0.94885257196575379,1.1653823291805254
R013_0067,13,0.68500979754676283,2.3244657238638231,1.3788992998092522
R013_0068,13,0.33411500852504616,1.47345284176189,1.3111892789884945
R013_0069,13,-0.41707956873251617,1.2592825922290225,0.9191407039759435
R013_0070,13,-0.022407727757026707,1.3282630814779726,1.241772277292277
R013_0071,13,0.62890037292335954,2.2465945881774476,1.3600333397707041
R013_0072,13,-0.4232703522891641,2.6210930891593245,0.9106128973292944
R013_0073,13,0.55232271259463483,1.527920365955028,1.340886497235013
R013_0074,13,0.91494466832134824,1.4016201806572208,1.5168292555026732
R013_0075,13,0.950996390491331,0.90166112560052292,1.5496098039068769
R013_0076,13,-0.48486756467376257,0.57628564317642739,0.81848091524599809
R013_0077,13,-0.50036010105715945,-0.089798738443983894,0.7931510888210046
R013_0078,13,0.88996237880099716,1.7259908354045295,1.4961217592123166
R013_0079,13,-0.22678756469628358,-0.13004325351676926,1.1233016972405461
R014_0000,14,0.10522629460010013,1.0722515521273652,1.2793986176808843
R014_0001,14,0.6207979985259291,1.9819114395226456,1.357673760898225
R014_0002,14,-0.58306241746651422,0.93215063113935204,0.6422926127564953
R014_0003,14,-0.40185914585516347,0.75311924585450096,0.93955881101177674
R014_0004,14,-0.74011487395585895,0.33519153622943043,0.27607271595389293
R014_0005,14,0.88740454384821921,2.096208242240194,1.4940910116881643
R014_0006,14,-0.47733328870753056,1.5216498256892934,0.83047880467100976
R014_0007,14,0.25941260725388449,1.7943583140568509,1.3034160961911698
R014_0008,14,0.26699805517617881,1.1227208325047613,1.3042586585128113
R014_0009,14,0.93418604704474739,1.3183753380268588,1.5338880626664269
R014_0010,14,-0.28548068145551864,1.0409939661103409,1.0715075073399833
R014_0011,14,0.43051177726984968,0.39279470339315015,1.3215172449113399
R014_0012,14,-0.17724585404404847,0.32114112525403149,1.1602256023566491
R014_0013,14,0.67245497476116212,1.0917160706126849,1.3742734038890656
R014_0014,14,0.56416992259012222,0.77724560340717352,1.3434199577009345
R014_0015,14,-0.52757211173038154,0.22204042115759681,0.7464702285449506
R014_0016,14,-0.68718589970809574,-0.59197517983184422,0.41193709633652364
R014_0017,14,-0.23777209188981296,1.2137535029924267,1.1142961569319378
R014_0018,14,0.33422763066914474,0.26781985433871491,1.311200541381115
R014_0019,14,0.8076403104014942,0.43688744213535169,1.4385694106956395
R014_0020,14,0.26235905313068919,2.3925396043211888,1.3037455414555552
R014_0021,14,0.27303085420608042,1.9633493723418025,1.30491640074506
R014_0022,14,0.31528537607264973,1.472313429883827,1.3093019063309712
R014_0023,14,0.69707661456056313,0.37341737099287697,1.3835803692232904
R014_0024,14,0.87324929666665851,2.6897723359546171,1.4831455795675192
R014_0025,14,0.49485507251477756,0.57431318655726959,1.3304237734974631
R014_0026,14,0.27602259190650225,1.1368122669487493,1.3052388582145587
R014_0027,14,-0.86358984869284638,-0.89744478559736618,-0.094637855394472448
R014_0028,14,0.12854024046007884,0.41003733889914895,1.284190002696062
R014_0029,14,-0.55618088686620015,0.64552275688777438,0.6942982355280366
R014_0030,14,0.13711038962366584,2.5920750789184739,1.2858223724499258
R014_0031,14,-0.26498135662295863,0.75984152710889175,1.0906409124765133
R014_0032,14,-0.063236172355015885,0.40146820145452644,1.2246785773106623
R014_0033,14,0.50380144130567572,2.0780696005687482,1.3318731945215183
R014_0034,14,-0.70311715424366161,-0.89052270992043048,0.37242670757641716
R014_0035,14,-0.8899528043490037,-0.017644829235724718,-0.18413811818989534
R014_0036,14,-0.68209967096238766,0.89262194632394498,0.42430489452039255
R014_0037,14,0.067807242598408646,1.7337416532246481,1.2705179925292442
R014_0038,14,-0.88795760663377399,-0.17480952267825767,-0.17723178796885031
R014_0039,14,0.50204814928922348,0.9665086918041339,1.3315844037966755
R014_0040,14,-0.81044781663292897,-1.0386556946232843,0.074481822904693962
R014_0041,14,0.70180981123623831,-0.0047826205168679525,1.385481155687287
R014_0042,14,-0.34502868365816775,1.4175426386985122,1.0091509652578659
R014_0043,14,0.12044121914750883,2.3613220022890524,1.2825852093761951
R014_0044,14,-0.15593253474600544,-0.74519074676069619,1.1743437768247429
R014_0045,14,-0.33682070906551576,0.63742400658648535,1.0183678344230283
R014_0046,14,-0.38997768477521011,0.29621147505500067,0.95496425075254554
R014_0047,14,0.33552836887673321,1.1178251798647456,1.3113306225975099
R014_0048,14,0.72105956745458877,0.41341643073333767,1.3935993728637275
R014_0049,14,-0.92002743446141677,-1.2373898696557402,-0.29091570992906068
R014_0050,14,0.89886680518005191,1.5577847810136551,1.5033195834356026
R014_0051,14,0.45282043067503719,2.2142185966019952,1.3243392737266231
R014_0052,14,0.22393421369563238,0.3203830411111569,1.2991892189162593
R014_0053,14,0.20032682381314459,1.7770363074127382,1.2960457233158809
R014_0054,14,-0.10283479286928343,1.491770587344126,1.2052609684910487
R014_0055,14,0.86168626266381865,1.3280787183888876,1.4745663959169133
R014_0056,14,0.72583468610004265,2.2260571400545004,1.3957120238880225
R014_0057,14,-0.35109403180990828,1.057599135502661,1.002208088424273
R014_0058,14,-0.92118535687961622,-1.8646022073285144,-0.29512802459243881
R014_0059,14,0.62060061483465345,2.654051005487247,1.3576173480050171
R014_0060,14,0.93976243764674194,2.2973549480004789,1.5390175954048511
R014_0061,14,-0.29452091975797057,0.35291025940854837,1.0627001223490169
R014_0062,14,-0.24133437240524791,0.36865292604172639,1.111309362237483
R014_0063,14,-0.67764703738850596,0.85166695027712613,0.43503496778165374
R014_0064,14,0.66049327749779918,1.6377218704179621,1.3700899426091977
R014_0065,14,0.00098780984417601303,-0.63550530567912955,1.2503450023421505
R014_0066,14,-0.32323681390719106,2.1016054892674649,1.0331762559613502
R014_0067,14,0.70563909321359386,0.76183017429996935,1.3870461039903139
R014_0068,14,-0.24293490245137161,0.021909564634366996,1.1099567253300613
R014_0069,14,-0.51766462089421172,1.0667827509775256,0.76379336091887262
R014_0070,14,-0.503611872943311,1.9928465138861247,0.78772076534333979
R014_0071,14,-0.94642441127809973,-0.23347230546649969,-0.38883578209545511
R014_0072,14,-0.23175757332182823,0.85033271757252504,1.1192651219161598
R014_0073,14,-0.26925792020663653,1.831041958207118,1.0867439926371989
R014_0074,14,0.16961312705060494,1.6055345436095716,1.2914477856088709
R014_0075,14,0.44911433792166244,0.91405793341569463,1.3238532657742799
R014_0076,14,0.42231285656852191,1.206994550815665,1.3205374253265663
R014_0077,14,0.43879735802687558,0.61446634959769642,1.3225372939870486
R014_0078,14,0.084663067447634521,0.54568186801435781,1.2747113355373263
R014_0079,14,0.78996960427896079,1.5854380106889583,1.4281869489449777
R015_0000,15,-0.19886293265014343,1.5709191789904373,1.1448398794349088
R015_0001,15,0.24879928535252649,1.428669976545117,1.3022046457488818
R015_0002,15,-0.33357828353655927,0.81440010149222974,1.0219526869867477
R015_0003,15,-0.22513521407530801,0.74838062871683175,1.1246298968752808
R015_0004,15,-0.94128433755738761,-0.51860238078913901,-0.36945655307103675
R015_0005,15,-0.38793369781859433,2.45295634944857,0.95756794063870876
R015_0006,15,0.28501169836156648,1.7875329047804871,1.3061943250607881
R015_0007,15,0.97338780665417057,3.2927406592656592,1.5717747653287732
R015_0008,15,-0.67662315621583624,0.59750811383827873,0.43748957412855849
R015_0009,15,-0.56468456025917235,0.86496256449815156,0.67816376080964647
R015_0010,15,-0.49878799866400869,-0.14209450154609948,0.79576219928028791
R015_0011,15,-0.47700396381518795,2.973257941056747,0.83099849753973221
R015_0012,15,0.61932299291895743,1.820147137276408,1.3572534160782763
R015_0013,15,-0.58317578537390591,1.2397727181474516,0.64206703993783631
R015_0014,15,-0.37368338652531063,-0.30623053916374166,0.97534570227014084
R015_0015,15,0.89198064110057906,1.5645569091541554,1.4977356859101696
R015_0016,15,-0.25280758798286351,1.8141830077519812,1.101465569206874
R015_0017,15,-0.18764949166078471,2.4954993267766108,1.152957747017648
R015_0018,15,0.15439645860876228,0.87244281160185921,1.2889204686271021
R015_0019,15,-0.3604519278300613,-0.0047997418104844813,0.99127368339430244
R015_0020,15,0.42888159560129901,1.5852998723923559,1.3213201661136251
R015_0021,15,-0.14309277791802799,2.1015626552155933,1.1823634436541237
R015_0022,15,-0.086237743044448312,2.707565267375232,1.2137580694613521
R015_0023,15,-0.98420896003410707,-1.5927676694043695,-0.53600185376536058
R015_0024,15,0.29551456936081943,-0.37303288525933542,1.3072886667458021
R015_0025,15,-0.69625877775063794,0.6203006255523511,0.38957990552311372
R015_0026,15,0.37102511969317287,1.012311762498866,1.3149204504611469
R015_0027,15,0.6258736643982008,2.0060726619322606,1.3591418114249041
R015_0028,15,0.029290434645296681,0.66872511188330075,1.2596270518018891
R015_0029,15,0.55806263447391902,2.266339486134219,1.3420962127652603
R015_0030,15,-0.96900874095100331,-0.76212507496579018,-0.47579488795623237
R015_0031,15,0.07115063053591042,1.0130283194001479,1.2713760568847414
R015_0032,15,0.072379624186963198,2.1971570708220565,1.2716881482914542
R015_0033,15,-0.88820289468846836,-0.21174837180510814,-0.17807966662288877
R015_0034,15,-0.63440777494503409,-0.66638378642782237,0.53460325276828979
R015_0035,15,0.27167347781842466,1.1775592610679146,1.3047693053588787
R015_0036,15,0.6280551750295349,0.83478462426153144,1.3597831627359098
R015_0037,15,0.5365988743186052,-0.41881554683214173,1.3377363887065838
R015_0038,15,-0.43885876135917123,1.7064921258590617,0.88855950947336038
R015_0039,15,0.63097657959743447,1.0670394847918678,1.3606519324329507
R015_0040,15,-0.36164870344555244,2.6330180069745146,0.98985564821961725
R015_0041,15,-0.3462073776967507,2.2181269189781934,1.0078105615771398
R015_0042,15,-0.91646990364935421,-0.55316062203934724,-0.27802132648656941
R015_0043,15,-0.54381517272787172,-0.88252120613386043,0.71724462151809532
R015_0044,15,-0.28009429424286569,0.81736591647923351,1.0766467476577852
R015_0045,15,-0.17417381370194351,0.88737677604515575,1.1623239069748958
R015_0046,15,-0.38440623734465107,0.81671181037103135,0.96202945001086215
R015_0047,15,0.57730720849437245,-0.005556053831745178,1.3464000874229705
R015_0048,15,0.0076079638024662,1.0735054820287335,1.252619706764009
R015_0049,15,-0.93986363345693835,-0.44938959417509228,-0.3641269378351133
R015_0050,15,0.040201388301091878,1.7491591847878458,1.2629071008435426
R015_0051,15,0.16926238741343824,0.70053315012938577,1.2913915132982692
R015_0052,15,-0.22792064088002695,-0.13638344544464465,1.122386926717295
R015_0053,15,0.09323616838952109,-0.047854329137292151,1.2767207969411696
R015_0054,15,-0.08411604923272642,0.76919999948463769,1.2148063775205198
R015_0055,15,-0.3524094411649954,0.17296451454224515,1.0006874504558441
R015_0056,15,-0.36962220549947489,1.4925754193430096,0.98029329834629753
R015_0057,15,-0.11382421858149283,1.8334240678217206,1.1993385330476232
R015_0058,15,-0.53932483841617129,-0.10783608182420246,0.72542726545139913
R015_0059,15,-0.81087671624875335,-0.10337164636725596,0.073175980816754027
R015_0060,15,-0.60434021674905725,0.044472684675241458,0.59901953346687731
R015_0061,15,0.87707329284916735,2.5348226017013795,1.486053928301051
R015_0062,15,0.27349736687201309,3.3708695648217279,1.3049668395075076
R015_0063,15,0.21034302754297207,0.89540888372936234,1.2974167602493869
R015_0064,15,-0.0069463551953572455,0.69590465455439909,1.2475323354128804
R015_0065,15,0.87159570467125658,2.3165919892235882,1.4818989546591701
R015_0066,15,-0.97535391258255988,-0.13505971350163265,-0.50076210239073182
R015_0067,15,0.68638589920092263,2.9651609751453782,1.3794213405480646
R015_0068,15,-0.15939052811072263,1.0052295505701789,1.1721222818491479
R015_0069,15,0.40149755590016256,-0.62856131620737909,1.318165070068966
R015_0070,15,-0.20674664311252355,1.0835415159998951,1.1389526331485933
R015_0071,15,0.201472853184546,1.2396023487346677,1.2962055510531769
R015_0072,15,-0.83450948563139948,0.43050497330411225,-0.000250991893020025
R015_0073,15,-0.12363554854910297,2.1009278215363061,1.1938458498996012
R015_0074,15,-0.25892358541738125,1.9696456828078959,1.0960767235623077
R015_0075,15,-0.30848710525414602,1.8661723093367515,1.0486385743702695
R015_0076,15,0.8646693562122747,2.3064197445751278,1.476748993609007
R015_0077,15,0.55181673776807183,1.3584509768434163,1.3407814302120737
R015_0078,15,-0.43847502968359198,0.036558746625744765,0.88911245331920696
R015_0079,15,0.79432662158793277,1.3631706435987931,1.4306863663628968
R016_0000,16,-0.27492009457254118,1.7840477594921409,1.0815081093074101
R016_0001,16,-0.13095991345107016,0.80278279925357388,1.1896166352020459
R016_0002,16,-0.66621858880200335,-0.51331729081544653,0.46216364241955277
R016_0003,16,0.15510671295409084,1.4047386835009692,1.2890424589558453
R016_0004,16,-0.60016260867216187,-0.16093451128965108,0.60766497060480318
R016_0005,16,-0.81451177003677588,-0.58514430280496277,0.062070507301325462
R016_0006,16,-0.0020982826976001512,2.2079037100332446,1.2492622920344068
R016_0007,16,-0.87588352186547658,-0.30179946710972755,-0.13590313861804315
R016_0008,16,0.70215396213715731,0.60181089421240352,1.3856208048864045
R016_0009,16,0.39454409102613486,1.5930969154909258,1.3174041932499871
R016_0010,16,0.91201102936121337,2.2350834823082435,1.5143143088799493
R016_0011,16,0.64176593662406201,1.6497692285064991,1.3639604217695958
R016_0012,16,0.49797331466135719,1.526661145196001,1.3309221976841319
R016_0013,16,-0.29785023769632413,1.7741453900488064,1.0593985585546482
R016_0014,16,-0.51076485672581762,0.44010086616889582,0.77563521108923594
R016_0015,16,0.66061281492792778,0.90421653257373502,1.3701306945530614
R016_0016,16,0.9077070799476441,2.168889697837411,1.5106651504307209
R016_0017,16,0.53775184471180082,0.94678154252097957,1.3379594784300335
R016_0018,16,0.45861738529276397,0.18994747282905022,1.3251143689687432
R016_0019,16,-0.89455179788597716,-1.3400556481087769,-0.20014095682941391
R016_0020,16,-0.24056163453530188,2.2931246146816129,1.1119600446022688
R016_0021,16,0.41511703216445617,1.1098110674367694,1.3196997431983026
R016_0022,16,0.37750727725497213,-0.30778601330785604,1.3155931542023371
R016_0023,16,0.095406625012285362,1.0237114421031046,1.277216824353963
R016_0024,16,0.70996266202385883,1.8343735695939871,1.3888425981684338
R016_0025,16,-0.87868765141318872,0.72978554231642756,-0.14543044175377262
R016_0026,16,-0.59276399003659042,-0.36581170504234484,0.62279650901746741
R016_0027,16,-0.23054637980146309,1.6892964409882758,1.1202546046718809
R016_0028,16,-0.48302220545679031,1.5737117112895627,0.82143879343118098
R016_0029,16,-0.70019190594986624,0.17376375339737049,0.37976966973030635
R016_0030,16,-0.99440327189002975,-0.12279724229245526,-0.5771472533644626
R016_0031,16,-0.28306310553407799,0.21292798642212096,1.0738241073581847
R016_0032,16,-0.49897973564811116,0.30289424527055309,0.79544423852026325
R016_0033,16,0.10270772429583941,1.1568718995380767,1.2788486343654319
R016_0034,16,-0.81038888007981913,-0.95166065160492708,0.074661189101844272
R016_0035,16,0.1728966953895017,0.87686693802592752,1.2919702282737586
R016_0036,16,0.46516056399338002,1.7312944159831591,1.3260120457892701
R016_0037,16,-0.94735111876737221,0.59865890561939372,-0.39234584777056014
R016_0038,16,-0.63510549843111375,0.55347233369227655,0.53306219368228958
R016_0039,16,-0.40732166451466512,0.94540096339397428,0.93231987394510463
R016_0040,16,-0.33445401644851036,1.2847666293340789,1.0209875858439352
R016_0041,16,-0.4503040839100787,0.76662909894932052,0.87183085276642092
R016_0042,16,-0.39152871210837259,0.83508031052604437,0.95297943459442269
R016_0043,16,0.91842215887382239,1.9265858579158657,1.5198396190222037
R016_0044,16,-0.24221500339311874,-0.34231763278876381,1.1105659459509931
R016_0045,16,0.73353135405400915,1.3110947403365019,1.3992022359394309
R016_0046,16,0.1393480912629006,2.0937838662731454,1.2862377985252358
R016_0047,16,-0.75952714641516117,-0.4812926136368112,0.22288652240689921
R016_0048,16,-0.9229162873961223,-0.06737886607604765,-0.30143895685888822
R016_0049,16,0.96888757177297569,-0.29102448008769288,1.5672057165048989
R016_0050,16,0.42806666219669398,1.6519797286860789,1.3212220753429653
R016_0051,16,0.68786627042705106,1.7812655542754017,1.3799862966333689
R016_0052,16,0.40641035684939064,1.7933935798463314,1.3187115007187062
R016_0053,16,-0.31630383235965875,1.6032506637379176,1.0405233714044624
R016_0054,16,0.051411119844736897,1.9786893115435156,1.2661134781861081
R016_0055,16,0.77553435335316068,0.19101565181308477,1.4201827814750803
R016_0056,16,0.97590799218193336,1.3234870092779443,1.5743589409613354
R016_0057,16,-0.80171407339301948,0.48216212943544373,0.10086742475647825
R016_0058,16,0.013733303994203583,1.5380932642590817,1.2546671462823509
R016_0059,16,0.14720997240006461,0.71638548552236847,1.2876630241092704
R016_0060,16,0.37623118179641257,0.91786769839148152,1.3154601022402683
R016_0061,16,-0.57756347764609139,-0.22434658105587912,0.65317057209238383
R016_0062,16,0.92668856176701175,1.7436858049218393,1.5271237554812409
R016_0063,16,-0.21402055254234953,3.0768757005022467,1.1333868329693664
R016_0064,16,-0.78550139173542677,0.51988583104586217,0.14881708993540488
R016_0065,16,-0.47194191195599955,0.94087070513267967,0.83893703248189921
R016_0066,16,-0.43715275194547787,1.2055609663132938,0.89101389322983382
R016_0067,16,0.97741418204482056,2.4591968965557367,1.575912137914282
R016_0068,16,0.41685102981481381,2.1401286744585364,1.3198997955890086
R016_0069,16,-0.10943746613071847,2.1465398863394793,1.2017314544075359
R016_0070,16,0.48775451461693975,2.1986019819403926,1.3293149634168904
R016_0071,16,0.44555197022284854,0.90826698264791039,1.3233928536615973
R016_0072,16,0.4650968567117717,2.4160558698655912,1.3260031852181595
R016_0073,16,-0.093878505453074634,1.2403560975377332,1.2099121170643437
R016_0074,16,0.43738457687321652,1.3134093650584624,1.3223611311424477
R016_0075,16,-0.59405737571990969,-0.84584104963685225,0.62016780236885061
R016_0076,16,-0.78295617800094486,0.47653080666247322,0.15622398683169147
R016_0077,16,-0.88282397576730531,-0.91442253566374887,-0.1595623231097536
R016_0078,16,0.52446629893191998,1.7077934994258273,1.3354612326361535
R016_0079,16,0.18641480314306436,1.2698447421190417,1.2940408247297095
R017_0000,17,-0.31044512584443495,0.24178157083870411,1.046622438231593
R017_0001,17,0.33408648112306261,2.6459266273334583,1.3111864262104911
R017_0002,17,-0.63354610352770524,0.37075566669581472,0.53650349739713044
R017_0003,17,-0.18302226585724624,2.4382535252886228,1.1562213014082727
R017_0004,17,-0.66644099389013434,1.2015274293713687,0.46164132755612719
R017_0005,17,-0.9487157404525699,-0.26273987504315605,-0.39752360059015723
R017_0006,17,0.63340028690794092,0.51243535809346163,1.3613813675935322
R017_0007,17,0.1785854184846829,1.6410427115912785,1.2928570180042334
R017_0008,17,0.29587570592034806,1.0068333442380437,1.3073259315066432
R017_0009,17,-0.11317312914173216,-0.53807531827844901,1.1996961325123658
R017_0010,17,0.4942157177936064,1.4360628427554969,1.3303224557141611
R017_0011,17,-0.64901564158983183,0.66394740655135787,0.50189413749521927
R017_0012,17,0.22462369820091332,1.9674170792417915,1.2992766172950032
R017_0013,17,0.5261868415921902,2.1362674132849184,1.3357759864941221
R017_0014,17,-0.75517367873702046,0.47725115758837267,0.23497428840394163
R017_0015,17,-0.90858863281468238,0.21187505772128346,-0.24970863104541507
R017_0016,17,-0.26052882690394763,1.8845034707002131,1.0946458600647815
R017_0017,17,0.98987511445066767,1.5527375026887105,1.5890156174051868
R017_0018,17,0.080604778066109217,-0.23255918046268631,1.2737315994440479
R017_0019,17,0.36684130287034922,1.6408178912255766,1.3144901247244296
R017_0020,17,-0.71003514881698759,1.5282956304738942,0.35490214485678839
R017_0021,17,0.89270512685010961,0.53524670535573204,1.4983175250329539
R017_0022,17,-0.72432824243673233,0.014039165281840016,0.31798169169658697
R017_0023,17,0.85399954118742905,0.85212753804785868,1.4690395722612148
R017_0024,17,-0.18634981403229922,1.3286632980548692,1.1538794520783124
R017_0025,17,0.76368401022326915,2.5872049090854454,1.4139224381632005
R017_0026,17,-0.544210696961833,-1.0525696352668175,0.71652005786707329
R017_0027,17,-0.4723948415166852,0.45761243793240963,0.83823051930068071
R017_0028,17,-0.075272588603958468,-0.23431753001973754,1.2190852532886569
R017_0029,17,0.11567532483156184,1.4032577303663094,1.2816116477318573
R017_0030,17,0.44692208919697496,-0.65090210832111772,1.3235691628352475
R017_0031,17,0.84986439504364619,1.3487206632618192,1.4661237631524533
R017_0032,17,-0.48855749031724338,1.3438699115886013,0.81252880030504815
R017_0033,17,0.13641957422153417,1.3204779871361421,1.2856932327296624
R017_0034,17,0.67540670499722144,0.61989649113228618,1.3753390275677371
R017_0035,17,0.35984482754598757,2.5304956394583487,1.3137762359205793
R017_0036,17,-0.84205797460821286,0.087720856180953558,-0.024319767229312284
R017_0037,17,-0.098142518818495894,2.1713613817824937,1.2077171747434665
R017_0038,17,0.8306066082780621,1.6541660432754683,1.4530630049652509
R017_0039,17,-0.49392960283921816,1.5317279321401744,0.80377310982096617
R017_0040,17,-0.3787489503407071,1.5930946453591139,0.96910092116336455
R017_0041,17,0.38648979800610062,1.5113427991859916,1.3165394071464911
R017_0042,17,0.78534178518706033,0.33914626321006902,1.4255748975510611
R017_0043,17,0.89569905274550421,2.6811306110286268,1.5007359963513001
R017_0044,17,-0.07338165180292644,0.98011871674826412,1.2199814089364156
R017_0045,17,-0.77431593124155507,-0.80065954824244767,0.18112591083234464
R017_0046,17,-0.7621108909962524,-0.91262600048442177,0.21566849000491373
R017_0047,17,-0.60190244319807906,1.0748764410803087,0.60407336133858069
R017_0048,17,-0.95434544734349358,0.080410420223834933,-0.41899797899778579
R017_0049,17,0.93258306578995009,2.5662805550177246,1.5324291272467594
R017_0050,17,0.70443059337037184,2.2408706214762115,1.3865495739415405
R017_0051,17,-0.47328387108476977,0.24174335960760507,0.83684158168486833
R017_0052,17,-0.63961861778858631,1.9129517133155201,0.52304277404385868
R017_0053,17,-0.5944744417140948,1.872630720534346,0.61931865982969259
R017_0054,17,0.69698630289334096,1.2572728135937057,1.3835444593413917
R017_0055,17,0.082583749889420632,1.1232108384373893,1.274211676224162
R017_0056,17,0.39290712954201923,1.6874929269816097,1.3172270629459111
R017_0057,17,0.39593803605304756,1.3051528604944591,1.3175556086330649
R017_0058,17,0.029719099860176179,0.31857093224603317,1.2597589527653608
R017_0059,17,-0.079603694162442729,1.2780949779546513,1.2170078245301603
R017_0060,17,0.24178494897096758,1.2705270049201396,1.3013808150931265
R017_0061,17,0.86401565794873858,3.0572549187770139,1.4762688952144594
R017_0062,17,-0.65759191669647343,1.1715461169183328,0.48225204408191014
R017_0063,17,-0.59965598505760864,2.0698878310404676,0.6087084222846717
R017_0064,17,-0.86260867899563665,-0.1344760644452237,-0.091379621562316382
R017_0065,17,0.30004335973118046,1.3324575932824771,1.3077544442315021
R017_0066,17,0.48346941121385978,1.6300814576159264,1.3286628640933067
R017_0067,17,0.68793608212167756,1.2435192061744595,1.3800130251786029
R017_0068,17,0.49775849077535872,1.0499378419511747,1.3308876304407293
R017_0069,17,-0.44080603410532238,2.4589725318614128,0.88574566624228779
R017_0070,17,-0.95435621325107878,0.79292215137993982,-0.41903922096805801
R017_0071,17,0.41468645724148767,1.8560861312750141,1.3196502399143009
R017_0072,17,-0.37770493773512448,1.4587325791042944,0.97039467804631485
R017_0073,17,-0.5345899387781412,0.58239948439507006,0.73396981782620141
R017_0074,17,-0.31051641476416858,0.90424992580765307,1.0465488240561385
R017_0075,17,0.16688305955103222,1.4610078475844988,1.2910073685138261
R017_0076,17,-0.25450685696777353,0.84205264622110687,1.0999782740959811
R017_0077,17,0.72822452819985939,1.8460283937196531,1.3967844506461771
R017_0078,17,-0.3552956387542987,0.17994019631925751,0.9973322269491578
R017_0079,17,0.34341138480711453,1.1924438126234045,1.3121196839574982
R018_0000,18,-0.53109515789491679,-0.060502653511058435,0.74021879627885245
R018_0001,18,-0.098944244886805643,2.3640973119254278,1.2073005461758299
R018_0002,18,0.65553734790883511,0.75268490886106076,1.3684188230864349
R018_0003,18,-0.089398128875783689,0.86479324942240954,1.2121807817179744
R018_0004,18,-0.32134148002834517,1.1898643268848694,1.0351988474014391
R018_0005,18,-0.06075963262795403,0.80503859591150895,1.2257970976087285
R018_0006,18,0.28317888169101346,1.3428781548351645,1.3060010444699055
R018_0007,18,0.94664416452630773,1.8994864808479728,1.545464926895336
R018_0008,18,-0.32568010574064243,1.4307915012694798,1.0305532509333222
R018_0009,18,0.28104915828425869,1.0152443442283507,1.3057754992196049
R018_0010,18,-0.53425555943916958,0.30864919674209379,0.73456977842757865
R018_0011,18,-0.64403677192588082,0.6568450991991448,0.5131478032288046
R018_0012,18,0.73632412277104375,2.1594781590769081,1.4004949446558308
R018_0013,18,0.61334482361845422,2.0789883535706482,1.3555782871090964
R018_0014,18,0.2331128313543851,2.0865172185568084,1.3003340886708967
R018_0015,18,-0.72899008232913265,-0.23430349018330332,0.30573005815086995
R018_0016,18,-0.57871253937210176,0.22339548192672831,0.65090777624056495
R018_0017,18,0.89228634582889299,0.88019134064157711,1.4979810383071381
R018_0018,18,0.88069180362027644,1.0119360246171545,1.4888389380330866
R018_0019,18,0.36403158816963921,1.2997826583167365,1.3142026337264037
R018_0020,18,0.3577236711570162,1.0804549996068011,1.3135610270435392
R018_0021,18,-0.90168435216062037,0.3112146523652205,-0.2251910068618268
R018_0022,18,-0.99984301944186815,-3.4404195562517366,-0.59935645363744516
R018_0023,18,-0.9702717322904979,0.43441642228969057,-0.48074570738290689
R018_0024,18,0.62363047620308332,1.2249807684197445,1.3584888598890514
R018_0025,18,0.54975509537376777,1.6655978176895174,1.3403559207146238
R018_0026,18,-0.28547837548221278,-0.41039860334257217,1.0715097247432881
R018_0027,18,0.88089526435868071,1.0857276568627769,1.4889964885716842
R018_0028,18,0.69208764351700625,1.5761756550925277,1.3816165544412207
R018_0029,18,-0.24208692620372663,-0.61546889754892709,1.110674191655856
R018_0030,18,-0.58763752779569689,0.94090993876850348,0.63314716525509651
R018_0031,18,-0.59163065142613736,0.25332638625653553,0.62509420115101499
R018_0032,18,-0.77806473069188775,-0.25315494711064418,0.17036742304570729
R018_0033,18,0.74463377578036316,0.31690420594575719,1.4044253269361648
R018_0034,18,0.41634382289296346,1.3616213313842076,1.3198411629284199
R018_0035,18,0.4485069569825475,0.41733769736340609,1.3237743039187331
R018_0036,18,0.11702372486883084,1.1273141314771951,1.2818893301975354
R018_0037,18,0.10743909974607724,2.7096419260756424,1.2798764548468391
R018_0038,18,-0.053520866996467742,-0.25064400879369808,1.2290043519297629
R018_0039,18,-0.17908512558586365,1.6717552053518752,1.1589589503264157
R018_0040,18,0.32403609464584626,1.5437503635672447,1.3101807845118112
R018_0041,18,0.48446903095618854,2.7524604572155367,1.3288138619747465
R018_0042,18,-0.61240173941937415,2.1420841138643607,0.58212799963092055
R018_0043,18,0.81062555737477093,2.1013789426651077,1.4403885261828664
R018_0044,18,0.23314876350024205,0.95452891725283284,1.3003384936369864
R018_0045,18,-0.62955306517867737,0.28417714345046463,0.5452672216696639
R018_0046,18,-0.77970129461374471,-1.2152351116802333,0.16564870650194785
R018_0047,18,-0.37167008228047593,-0.31821501896285276,0.97780498107895375
R018_0048,18,0.10093047685497458,1.3134551431018084,1.2784565771661596
R018_0049,18,-0.32034188893687388,1.3852869272550092,1.0362612891159404
R018_0050,18,-0.71067132855327753,0.87895661472969044,0.35327932426579722
R018_0051,18,-0.37050388702766424,1.5400300721934319,0.9792236205421827
R018_0052,18,-0.0010986263303383037,1.8435468874982437,1.2496145745550065
R018_0053,18,0.61094100575516497,2.3927341142599881,1.3549174671353046
R018_0054,18,-0.73632062179710833,-0.95515990408789753,0.28625459757322202
R018_0055,18,-0.60460231714055168,-0.15598594763438911,0.59847467279965827
R018_0056,18,-0.63683675042695898,1.0425756271484152,0.52922921802233913
R018_0057,18,-0.9121505918578876,-1.1120508960039621,-0.26246149757496529
R018_0058,18,0.17045596645804273,-0.48419893025187788,1.2915826396983081
R018_0059,18,-0.061069125127266144,0.920129520874162,1.2256579125336859
R018_0060,18,0.61401722314651952,1.3069114524635517,1.3557644331496943
R018_0061,18,0.15689594953802066,1.5284358256609816,1.2893479810112112
R018_0062,18,-0.9186042634560696,-0.51485457462662021,-0.28574882665249435
R018_0063,18,-0.46161212571879018,1.1723366718248598,0.85484921393080771
R018_0064,18,-0.54273790026069202,0.70160752586202735,0.71921495411163028
R018_0065,18,0.8283473480504846,0.99302463904281457,1.45158577045274
R018_0066,18,0.38732238993207435,2.2817520506172535,1.3166280429858792
R018_0067,18,-0.93116498949481552,0.045976856046824777,-0.33174661437843134
R018_0068,18,0.4458019108412401,1.7272067008022334,1.3234249454009974
R018_0069,18,-0.96138510304208014,0.71668642222165357,-0.44610906897175417
R018_0070,18,0.0085660750916400907,0.7597355122883549,1.2529435644690141
R018_0071,18,-0.37612637887638134,1.6408607014929397,0.97234423159970595
R018_0072,18,-0.22551606277635927,0.084146085525020675,1.1243243706470631
R018_0073,18,-0.40970814241388243,2.3719653191740999,0.92912613795978571
R018_0074,18,0.18018011973419923,1.0148132907112146,1.2931015291188659
R018_0075,18,0.55028103181192711,1.2029015405591428,1.3404640756851778
R018_0076,18,-0.17791812881224356,1.6740018381117419,1.1597635293266848
R018_0077,18,-0.89505962116017135,-0.40463171854196611,-0.20191515547761263
R018_0078,18,0.3306516871333538,0.93236936993943753,1.3108429320278696
R018_0079,18,-0.19888047363593264,1.5085533364006971,1.1448269465546339
R019_0000,19,-0.91213521452215485,-0.10698380148710082,-0.26240628948169875
R019_0001,19,-0.23152532149415239,0.89242157181389015,1.1194551485364317
R019_0002,19,0.40612923390668199,0.77832963913018738,1.3186800235510114
R019_0003,19,-0.050462300459674037,0.66908160872509448,1.230331987455471
R019_0004,19,-0.58916605523265519,0.46291804363295919,0.63007239378685809
R019_0005,19,0.50824713646199005,1.5987309556345248,1.3326160860958538
R019_0006,19,-0.97763689203014192,-1.3774681401993416,-0.50980319513086481
R019_0007,19,0.32356930357913383,0.80466732315072309,1.3101340099860068
R019_0008,19,-0.77597441647378185,0.76438751348384604,0.17637496284237164
R019_0009,19,0.91059176465700253,0.43244380171019148,1.5131056540971752
R019_0010,19,0.50900086336233752,2.0693015963792578,1.3327435680317181
R019_0011,19,0.29003724506772888,1.1127503325376145,1.3067206317319713
R019_0012,19,-0.061059798138854982,1.4528662179844534,1.2256621095539231
R019_0013,19,-0.81219148221692072,-1.6172575580317172,0.069167096927390093
R019_0014,19,-0.17531276062636292,0.63434451404750469,1.1615484898007762
R019_0015,19,0.68003608264971205,1.917067641274353,1.3770373660290156
R019_0016,19,-0.1266626749414983,1.9805657937862309,1.1921114107274891
R019_0017,19,0.993223832594885,0.35157320934188219,1.5926148571682899
R019_0018,19,0.17398885634874794,1.5787274043523976,1.2921422670538518
R019_0019,19,-0.48355171486722237,-0.051125492875172207,0.82059133764044678
R019_0020,19,-0.80981869972114895,-0.73000453589229908,0.07639554038748031
R019_0021,19,-0.20167462846233963,0.80306547901735614,1.1427574061590628
R019_0022,19,-0.018671173777450534,0.31395858331903603,1.2431987478735711
R019_0023,19,-0.09526300549904243,1.8654481314345714,1.2092032812082507
R019_0024,19,0.43620371342590247,1.627082770274072,1.3222146042028455
R019_0025,19,0.4576407917607801,1.1711420337701286,1.3249824881814709
R019_0026,19,0.75312358790253642,2.0639118527567675,1.4085729301731504
R019_0027,19,-0.51581893121316957,0.39095893986210495,0.76697886063152365
R019_0028,19,0.036499945445610749,1.6305497833598146,1.2618122665730345
R019_0029,19,-0.41183505822048883,0.29668189014202517,0.92626371724601941
R019_0030,19,-0.85961556458344579,-1.6568552311709186,-0.081472183715284308
R019_0031,19,0.98111711921310585,1.7170901409074257,1.5797586262095225
R019_0032,19,-0.85633577179392928,-0.45649918831579056,-0.070671037021823313
R019_0033,19,-0.036367368938929001,2.7976792285237693,1.2362434075119539
R019_0034,19,-0.83917746027982432,0.70313800637055868,-0.015099632722387124
R019_0035,19,0.90953264892087304,2.0164253233272191,1.5122071144504474
R019_0036,19,0.24895847928182446,1.2544897118766276,1.302223119926093
R019_0037,19,0.017672014740331976,1.5399919605354004,1.2559551193094234
R019_0038,19,0.13521969026212366,-0.056216020589077598,1.2854679227077008
R019_0039,19,0.60538862515060887,1.80002321469322,1.3534185822610336
R019_0040,19,0.53085794517932783,0.66545504303012137,1.3366435333817388
R019_0041,19,0.74678160795862225,1.126373640514543,1.4054619120718801
R019_0042,19,0.16583311944505419,1.3353702651630357,1.2908365098139842
R019_0043,19,-0.73604117889100684,-0.24613403919091448,0.28700174032134562
R019_0044,19,0.39670531671405951,2.0612727245765585,1.3176391862565529
R019_0045,19,0.0090272494084204791,1.5223380459108085,1.2530989706002917
R019_0046,19,0.39910079719077896,1.3184617202884217,1.317901208430541
R019_0047,19,-0.33836856729716325,1.4314365624876091,1.016645338744494
R019_0048,19,0.22989098142507292,1.5926777481654795,1.299936726206999
R019_0049,19,0.76049949515828263,1.9195003800711157,1.4122867823417238
R019_0050,19,-0.69705866044978371,1.2042232067202883,0.38759060662245481
R019_0051,19,-0.36373382630124707,2.6811987229817271,0.98737432312540441
R019_0052,19,0.23858553898685964,1.2855238523333681,1.3009984081934034
R019_0053,19,0.10734266710245333,1.1747498672809855,1.2798557350898045
R019_0054,19,0.078071265695280889,1.7374757035189159,1.2731104915456046
R019_0055,19,-0.74157542880885119,-0.053502051455335931,0.27213479119918405
R019_0056,19,-0.63449822026278802,0.80225309344213502,0.53440360618317861
R019_0057,19,0.4654494024794178,0.55226462793275866,1.3260522484028932
R019_0058,19,0.1132269706447282,2.1127666559167344,1.2811028863446134
R019_0059,19,-0.90582455303517384,0.14733780565339188,-0.23986127930181267
R019_0060,19,0.10871132384816118,1.1311044663286922,1.2801489246037832
R019_0061,19,-0.10730441189050821,-0.16419710180212466,1.2028811319229036
R019_0062,19,0.97880063069804657,2.1277860478365032,1.5773476681978205
R019_0063,19,0.018222866443711183,0.78891068805767728,1.2561334870987824
R019_0064,19,0.31078427250966878,-0.30675006292907536,1.308847606054709
R019_0065,19,0.76611031545708252,-0.07026096410516014,1.4151818303745622
R019_0066,19,-0.83446555528140953,-0.57779968571589724,-0.00011179583430465101
R019_0067,19,-0.62331301005817363,0.50252787839052471,0.55882435385697615
R019_0068,19,-0.44225835707848926,-0.76785087677423269,0.88363843606137338
R019_0069,19,0.94114804807776453,1.4601170893085058,1.5403053036454721
R019_0070,19,0.61716729244453106,1.7340337225807505,1.3566441201994208
R019_0071,19,-0.5466701195510586,-0.40330508877053461,0.71200074949330106
R019_0072,19,-0.95970636212387106,-0.57633657801756055,-0.43961775159231831
R019_0073,19,0.87453198746784255,1.0350849193840188,1.4841171604715149
R019_0074,19,-0.52880535382442617,-0.29465097999311796,0.74428739510273056
R019_0075,19,-0.642755833771947,0.25063162533855748,0.51602543344007556
R019_0076,19,0.23654883192964271,1.6320784733137059,1.3007527082519539
R019_0077,19,-0.96622171309690796,-1.6160058475944794,-0.4649030366190976
R019_0078,19,0.44418630914834201,1.6564269952005539,1.3232180614976399
R019_0079,19,-0.37955370458010118,0.42951302533125679,0.96810127355164077
R020_0000,20,-0.87917784237345065,1.2050561764574554,-0.1471003142231988
R020_0001,20,-0.24820670784468724,2.4122484834621769,1.1054543519827345
R020_0002,20,0.45801415912815124,1.3519357223324615,1.3250328450996045
R020_0003,20,0.89649955900762879,2.0781526099640799,1.5013864778014732
R020_0004,20,-0.6396878006915403,1.0939260364651258,0.52288849054376674
R020_0005,20,0.90687666098579567,1.0239485905888377,1.5099665903454305
R020_0006,20,0.96319620794963301,2.0810466189329504,1.5615102188288066
R020_0007,20,-0.61927410899596924,-0.76472563169591912,0.56750983366283603
R020_0008,20,0.91874756864918705,1.9047488716853844,1.5201229430847019
R020_0009,20,0.20913437509199539,1.2139553889392376,1.2972543530777108
R020_0010,20,0.21724035053504887,1.7910487517673597,1.2983283234269249
R020_0011,20,-0.61643696504183265,2.3784307613996685,0.57356915636404981
R020_0012,20,0.052144090784929542,0.63526467038297674,1.2663175122016364
R020_0013,20,-0.3740503929613419,1.1913583596838639,0.97489601024739958
R020_0014,20,0.18327134205692786,0.32035483790307417,1.2935705223779388
R020_0015,20,-0.52977045130368028,-0.12524650394984926,0.74257506142576568
R020_0016,20,0.89289700738390354,0.91504975316823178,1.4984718467431706
R020_0017,20,-0.35498297602342577,3.9892706230934474,0.99769694421543564
R020_0018,20,0.28399658540437844,-0.54680332390533359,1.306087367840818
R020_0019,20,-0.4858448765939587,0.5557513102408782,0.81690933073530769
R020_0020,20,0.44090215683225287,2.4173666627950841,1.3228015067816892
R020_0021,20,-0.26479318649497574,0.88407172962580916,1.0908112445964477
R020_0022,20,0.82974848320327732,1.8951987317945735,1.4525005708921248
R020_0023,20,-0.0075050413268329397,0.59318321586635081,1.2473306742568984
R020_0024,20,0.54494351027448085,2.0437421996612839,1.3393788767796762
R020_0025,20,0.52201656491495507,1.2706971472992972,1.3350174692754542
R020_0026,20,-0.033182788172286148,2.0115855788545001,1.2375327979544302
R020_0027,20,0.6848451492756249,0.98508475591404565,1.3788370394660867
R020_0028,20,-0.26637565996965162,-0.067255891035329141,1.0893758128992657
R020_0029,20,-0.26574707759106131,1.1043972249218088,1.089946796133654
R020_0030,20,0.54962652086451991,0.68259704705011093,1.3403295213134445
R020_0031,20,-0.65272819816162819,0.60373041956229334,0.49343141104705202
R020_0032,20,0.29778755260224732,1.9234333526009146,1.3075228489001482
R020_0033,20,-0.42152971623105162,2.1525801622111556,0.91302376468296453
R020_0034,20,-0.4668148532500449,0.10675084277574809,0.84688286424359382
R020_0035,20,-0.9076993345938893,-1.5542368831276407,-0.24653574973306447
R020_0036,20,0.083717478511528221,0.66746537403288819,1.2744847130804009
R020_0037,20,-0.55432952817343062,-0.19010952109529744,0.69777245309779534
R020_0038,20,0.74436418153021355,0.63761777856885438,1.4042958196044204
R020_0039,20,-0.67480649229233225,-1.4231885013347134,0.44183303868919832
R020_0040,20,0.57133543839271739,-0.14617587945364141,1.3450225439071359
R020_0041,20,0.84233292443754726,0.96258580336886235,1.4609150036131835
R020_0042,20,0.54196749409946654,0.81735887398206442,1.3387856313354409
R020_0043,20,-0.79188283715157937,0.64049312190411833,0.13010270278811764
R020_0044,20,-0.99150600646622467,-0.83701528425034866,-0.56539061067196306
R020_0045,20,0.73066038751459317,0.74646320080639539,1.3978879718869801
R020_0046,20,-0.88187724326032324,-0.44250209649197736,-0.15631953049850611
R020_0047,20,-0.86090726331303391,-0.16475815962939686,-0.085741899367930863
R020_0048,20,0.058696291735998329,0.12412426551013023,1.2681114288645592
R020_0049,20,0.024640500872923354,-0.52364961409020316,1.2581800300323069
R020_0050,20,0.77365157067813994,0.58027179667033923,1.4191696593194192
R020_0051,20,0.53171347672735658,1.7552587933287835,1.3368045159391171
R020_0052,20,-0.8417814650302311,-0.98684210520330073,-0.023432795171540066
R020_0053,20,0.643928162833451,0.88218338282170228,1.3646427080185726
R020_0054,20,0.13148973970745392,1.2714405430553035,1.2847592941457819
R020_0055,20,-0.51709116045318937,2.1343380783306536,0.76478449934048476
R020_0056,20,0.40360719677069512,2.2160786651451274,1.3183987786273357
R020_0057,20,-0.89399951089659146,-0.64608367401672862,-0.19821303138143032
R020_0058,20,-0.42472058375576061,1.6846230268942994,0.90859637810275529
R020_0059,20,0.34159467380669573,1.7231816689116053,1.3119376680342416
R020_0060,20,0.9125340166833773,1.4557272253346478,1.5147610100645217
R020_0061,20,-0.28415803844986276,0.45798180540993194,1.0727769192823442
R020_0062,20,-0.37800831333337004,1.2564038786513776,0.97001908991745456
R020_0063,20,0.98578633860647202,0.77538887489117836,1.5846658610524316
R020_0064,20,0.59531259330965169,0.94353870448373711,1.3507943800863913
R020_0065,20,0.59994796533711847,2.3507089741627065,1.3519864726121087
R020_0066,20,-0.44920601473098665,0.86468748696724851,0.87345573371211604
R020_0067,20,-0.87112577899455013,-1.1247244262167506,-0.11983607650513339
R020_0068,20,0.91936957710095069,0.82404906036481274,1.5206652826407598
R020_0069,20,-0.13829646137636264,0.78280458866249547,1.185268020713655
R020_0070,20,-0.72763853468223094,-0.32193084730158894,0.30929269139299587
R020_0071,20,-0.78236278254422431,-0.38555013094627388,0.15794616284780227
R020_0072,20,0.045617748131162594,1.3321629428847253,1.2644766748175076
R020_0073,20,-0.86187941005022251,-0.25150619333260066,-0.088961247634791851
R020_0074,20,0.95807659189959793,1.8260556515827358,1.5564653467489065
R020_0075,20,0.28722971485123661,0.34125285693387075,1.3064272528232159
R020_0076,20,0.092111650740397399,1.5162373308688952,1.2764618054657311
R020_0077,20,0.073752172293742646,1.5445715532864466,1.272034597843883
R020_0078,20,0.038863391592860674,2.6131395871523946,1.2625134380304708
R020_0079,20,-0.1781495747320605,0.61687039206095573,1.1596042096150581
R021_0000,21,-0.10825808535913928,0.92942342095065134,1.2023682369492663
R021_0001,21,-0.18333113654808608,1.0207990317683495,1.1560050113392759
R021_0002,21,0.60612541883638582,0.39174326859548514,1.353615293723772
R021_0003,21,0.16983845906108996,0.010927942987397188,1.2914838898180023
R021_0004,21,0.48926875361318833,2.0141805480638726,1.329548430475598
R021_0005,21,0.5999723948812643,0.86387541573932458,1.3519928231263385
R021_0006,21,0.61274813015155494,2.2571296827813434,1.3554135765529012
R021_0007,21,0.58648397918496187,2.3245605919654353,1.3485935924207089
R021_0008,21,0.13494217858036839,1.8950749955701756,1.2854156300589155
R021_0009,21,0.81147994787839095,1.2708358628408742,1.4409126826115943
R021_0010,21,-0.099068861242010753,1.6926987322374307,1.2072356752626341
R021_0011,21,0.42447916396880991,0.61822578144949702,1.3207935939341737
R021_0012,21,-0.96881032892177799,-0.75069157974896505,-0.47501797944452173
R021_0013,21,-0.42537888030762727,1.8014694811354364,0.9076786626477269
R021_0014,21,-0.67650298350568061,0.36818560368537634,0.43777735822845021
R021_0015,21,-0.41950536959786189,1.4885090935490815,0.91581464199406293
R021_0016,21,-0.95730425643717343,-0.61192770175058719,-0.43035785754518718
R021_0017,21,-0.68116260711989107,0.57239283022117515,0.4265705688455127
R021_0018,21,-0.39629596811898549,2.0472099323267323,0.94682968212211671
R021_0019,21,0.28646871750655678,1.4074546897963707,1.3063474532352031
R021_0020,21,-0.33190179693238364,-0.7402079060046598,1.0237938405187978
R021_0021,21,-0.27186862432974435,0.19463584256860311,1.084340692571798
R021_0022,21,-0.85354085376225886,0.088890446044379873,-0.061512152537205544
R021_0023,21,-0.069054551885415316,1.4789669210629528,1.222007541902467
R021_0024,21,-0.930666956139935,-1.1129772230421437,-0.32990576643959058
R021_0025,21,-0.54540696359165675,-0.33219290477434604,0.71432484758909343
R021_0026,21,0.98678714194612471,2.4179053269878961,1.5857259955458818
R021_0027,21,-0.060186004623618672,0.19938845142110817,1.2260546207043477
R021_0028,21,-0.25985416084158319,-0.1126377096079112,1.0952480747213549
R021_0029,21,-0.067044832749172167,1.2790050426758142,1.22293702596397
R021_0030,21,0.68920307219565813,1.2290543634048188,1.3804994658420502
R021_0031,21,-0.086608492455735764,-0.022025300297911832,1.2135740146785647
R021_0032,21,0.78439783182501244,1.9372066978452387,1.4250474713117351
R021_0033,21,-0.83001646627923442,1.4343509224905313,0.01393296243044273
R021_0034,21,0.51308476344579934,0.23435127110870502,1.3334421583897684
R021_0035,21,-0.59586723712155232,-0.31449343426566345,0.61647767703853484
R021_0036,21,0.71097497006059984,1.4703408432962863,1.389267788123945
R021_0037,21,0.65676414966139296,0.72458245777884678,1.3688291578732088
R021_0038,21,0.60084896546829181,1.9651244712444704,1.3522211639260897
R021_0039,21,0.31180290809929545,0.52423193160060588,1.3089505831175108
R021_0040,21,0.25858618737314876,1.1406061106915284,1.3033231796720994
R021_0041,21,0.89845437829405683,1.5093513528702087,1.5029817692842902
R021_0042,21,0.40730425504507051,0.95373318222258074,1.3188117631494602
R021_0043,21,-0.43666562039107348,0.93861824585973253,0.89171286149457196
R021_0044,21,-0.9075717370684937,0.72542835745413536,-0.24608086348256131
R021_0045,21,0.078497267531610682,2.2097396511973866,1.2732154424628406
R021_0046,21,-0.28406253567041229,1.526961831326529,1.0728683901642766
R021_0047,21,-0.56479082920926182,0.23993886537806719,0.67796028807195952
R021_0048,21,-0.6118439107963769,0.72308377885260877,0.5833057134091939
R021_0049,21,0.076802225643780142,0.14403054594558573,1.2727966107389082
R021_0050,21,-0.059559906867156398,0.44851899630755843,1.2263350343882162
R021_0051,21,0.50912222131345808,0.89184564037029035,1.3327641358877707
R021_0052,21,0.78571650721033781,2.1816695591211124,1.4257847727596802
R021_0053,21,0.14969047953397419,0.99554498850725426,1.2881018509272106
R021_0054,21,-0.77456299142048701,-0.46046869189528561,0.18041904416712118
R021_0055,21,0.099476480865388517,0.77136701704037736,1.2781333729969881
R021_0056,21,-0.29409113774448237,1.5249380993495347,1.0631240357598182
R021_0057,21,-0.57071089701366318,0.23263106610699613,0.66655290816586943
R021_0058,21,0.34701659783794891,1.5249745668275527,1.3124813590175111
R021_0059,21,-0.95209921026580902,0.059080543481238645,-0.41040778830503588
R021_0060,21,-0.31482363810076497,1.1326523867084191,1.0420737299402418
R021_0061,21,-0.51981920668052028,1.2954136358243487,0.7600582283534647
R021_0062,21,0.59999941041205429,1.7570623184270255,1.3519998467073429
R021_0063,21,-0.14275904074513557,0.88396242394738744,1.1825671406281546
R021_0064,21,-0.46724917223379325,1.1786022681552693,0.84621344162657308
R021_0065,21,-0.74162393876664279,-0.24513620531093394,0.2720038224516208
R021_0066,21,-0.19832742605452336,0.91961510585082107,1.1452343512246026
R021_0067,21,-0.56985216299054597,-0.073744870140068364,0.66821642172677598
R021_0068,21,-0.90405675181047562,-0.53112180928597685,-0.23358562715241349
R021_0069,21,0.21393030773506005,1.8753616236221742,1.2978940544592836
R021_0070,21,-0.16283026818584223,0.81248871138758605,1.1698862097551408
R021_0071,21,0.093395302757204979,1.3754254931982042,1.2767573372172973
R021_0072,21,0.98415224255289835,2.0622507074601635,1.5829412087922976
R021_0073,21,0.41248298832018593,-0.1703490499878586,1.3193979613360478
R021_0074,21,-0.40469038305640237,0.0068517137613510748,0.93581922131206552
R021_0075,21,-0.84294499308420012,0.71672534362691365,-0.027167825720909589
R021_0076,21,0.86893297608620901,1.3757877429920689,1.4799054633128388
R021_0077,21,0.26803419030896114,0.6512344728475864,1.3043723712228137
R021_0078,21,-0.1165973007394645,0.88588823439080033,1.1978058976828858
R021_0079,21,-0.049442420552988864,0.57342389425953921,1.2307710896325814
R022_0000,22,-0.16253515300212706,1.1530506103870584,1.1700790887249237
R022_0001,22,-0.85716200226042183,-0.45497722350868436,-0.073386580135933466
R022_0002,22,0.16369515452645467,0.51247858379282085,1.2904860206142066
R022_0003,22,0.88553349118427338,3.0874719089426303,1.4926158576807496
R022_0004,22,0.32993528904028335,0.52565354299196132,1.3107712772546449
R022_0005,22,0.38749943359594119,2.1357219215616152,1.3166469122767315
R022_0006,22,-0.61583293279859563,0.26464348292422307,0.57485474996617592
R022_0007,22,-0.92075045373223086,0.51715026074233961,-0.2935450375312687
R022_0008,22,0.59248653782128025,1.2299682661815614,1.3500800529887624
R022_0009,22,0.077148164163629573,1.363107368036105,1.2728823581346211
R022_0010,22,0.1303253959798687,0.61434858023007233,1.2845355111435908
R022_0011,22,-0.56092508449084155,1.0497151729916288,0.68533268912496481
R022_0012,22,-0.36443828542453471,1.6994570856501841,0.98653292690318839
R022_0013,22,-0.20138634174490555,0.87650644276516054,1.1429717987782966
R022_0014,22,-0.919630294334425,-0.7598760665780131,-0.28947272713516248
R022_0015,22,0.66105272001534443,1.9629467741132176,1.3702808454934838
R022_0016,22,-0.53445837410226371,0.83175079922245987,0.73420593003022272
R022_0017,22,-0.057557060766662227,2.1247132245011997,1.2272274103673604
R022_0018,22,-0.31418560478375501,-1.2219009475154607,1.0427400355417424
R022_0019,22,-0.8269766043739053,-0.046774161516112842,0.023469499195413857
R022_0020,22,0.67076845592659806,1.8785938769690618,1.3736705187280016
R022_0021,22,-0.071827300530013627,2.2717196407622047,1.2207131475272373
R022_0022,22,-0.92713718020731162,0.66830504342667185,-0.31689928936039635
R022_0023,22,0.42386566832126116,0.93810363978524669,1.3207208539127584
R022_0024,22,0.89465800401241946,2.6160145196415687,1.499892478541569
R022_0025,22,-0.50531623488846322,1.93274076931315,0.78485865489834294
R022_0026,22,-0.73023054424033496,-0.31075059896473511,0.30245255809283589
R022_0027,22,0.065535125928979365,1.313393674373257,1.2699272523131535
R022_0028,22,-0.50786342943203033,2.0816535356053416,0.7805607460470334
R022_0029,22,-0.69655541493846762,0.71228191797584972,0.3888425182578934
R022_0030,22,0.70372180480300539,1.3043216634617958,1.3862594928591361
R022_0031,22,0.7803517660363819,0.17009534670174031,1.4228072087680566
R022_0032,22,0.52606725574846092,2.0029551315352117,1.3357540268033075
R022_0033,22,0.15896611682764994,1.3571927083793149,1.289698303474843
R022_0034,22,-0.23696924626906912,1.6210572951734661,1.1149647924577095
R022_0035,22,0.065073553599273026,0.5979218446476583,1.2698064869866508
R022_0036,22,0.954670328196217,1.0629143469022178,1.5531496728863643
R022_0037,22,0.036106786919804845,2.0229963596356844,1.261694904690928
R022_0038,22,0.99402263340124164,2.0731853965780402,1.5934783299349484
R022_0039,22,0.23841740370732012,2.5374147693772446,1.300978192542239
R022_0040,22,0.59132222127833134,3.1157010190410013,1.3497884697359233
R022_0041,22,0.042759687401746405,1.1255373928331553,1.263653233507021
R022_0042,22,0.22334471487804608,2.1066254443563732,1.2991143090960773
R022_0043,22,-0.19316244294187124,2.0444913995384257,1.1490039293522445
R022_0044,22,-0.33701234993651608,2.1871711520173003,1.0181549638669039
R022_0045,22,-0.61027299102921662,1.625449556373356,0.58661520324094008
R022_0046,22,0.45337290345490677,1.9691515339792427,1.3244123506180183
R022_0047,22,0.75454747569464908,0.59878327953743726,1.409281812856694
R022_0048,22,0.2902171527266566,-0.081239786881970977,1.3067393781529735
R022_0049,22,-0.62166108489969196,0.72617274300563217,0.56238521707066835
R022_0050,22,-0.78645204835853311,0.52260283631290605,0.14604219558844878
R022_0051,22,-0.81050719391096049,-0.27448676654015863,0.074301097335815358
R022_0052,22,0.41529689888507249,1.3966819924826641,1.3197204426943991
R022_0053,22,0.90594440481355187,0.64499501541837112,1.5091844838319826
R022_0054,22,-0.93298571469130964,0.59091176848839155,-0.33848845697471841
R022_0055,22,-0.21591592192456543,1.3551797547312867,1.1319152140658999
R022_0056,22,-0.51550582028940295,-0.117686019240687,0.76751797059736715
R022_0057,22,-0.46116916966753552,0.17844933293186471,0.8555229806488801
R022_0058,22,-0.32777942109532954,0.5700644866924629,1.0282853852590428
R022_0059,22,0.19725195741221158,0.063426146727176169,1.2956129929519171
R022_0060,22,-0.39697846431239436,1.9669658580152551,0.94594316847144522
R022_0061,22,0.17763698198854971,0.34530867944374755,1.2927107582203161
R022_0062,22,0.20519827844967709,2.9588296983464959,1.2967197577045984
R022_0063,22,0.67035189114911087,1.2798427890880422,1.3735222739871344
R022_0064,22,-0.63258403881155112,0.77697879126629754,0.53862132258500184
R022_0065,22,0.05859429323363341,2.2805540189754536,1.2680839126855872
R022_0066,22,0.035015910624808688,1.1110868911522873,1.2613681833446175
R022_0067,22,-0.73644494979493702,-1.3730245337067661,0.28592206266217701
R022_0068,22,-0.32404255187119824,1.6163155461638703,1.0323132053758821
R022_0069,22,0.37891699768555331,1.1057545044589341,1.3157405152584007
R022_0070,22,-0.32367422866620621,1.309654425398354,1.0327079657851614
R022_0071,22,0.65992722145032356,3.3573496310375734,1.3698972519080532
R022_0072,22,0.85118249587451422,0.48374882767006977,1.4670488629318648
R022_0073,22,-0.35609262900840188,2.2731353651947384,0.99640117693067021
R022_0074,22,0.084621330360971081,1.8407808278703985,1.2747013538467222
R022_0075,22,0.5176917794320901,0.81907858621940988,1.3342464419377595
R022_0076,22,0.55920120302878673,1.8107872644780727,1.3423401044098029
R022_0077,22,0.12386750223717335,1.0858827721744961,1.2832716462038345
R022_0078,22,-0.33447837349772214,0.78288703965097872,1.0209607102399663
R022_0079,22,-0.2781583236085543,0.60920713169919449,1.0784742865765093
R023_0000,23,0.20441601180768387,2.3251601678471889,1.2966124558930057
R023_0001,23,0.55243930354676318,2.8093010655937194,1.3409107434009386
R023_0002,23,-0.11047386200928444,0.68618917790021172,1.2011695861083722
R023_0003,23,-0.60942382392798367,0.39178287309673954,0.58839979726130998
R023_0004,23,0.86165800835742301,1.4575793020143795,1.4745458248251786
R023_0005,23,-0.34154216863091769,1.7005798699949175,1.0130910110653322
R023_0006,23,0.78379760579051561,2.3027898311620234,1.4247130408134641
R023_0007,23,0.45919365014332469,2.1434649477711014,1.325192440698316
R023_0008,23,-0.44722993198188732,-0.28952730065993948,0.87636917375053813
R023_0009,23,-0.82664852898298102,-1.2272429090477557,0.024495837671984155
R023_0010,23,-0.44043122099892851,0.87521243941371962,0.88628830330811248
R023_0011,23,0.05477810954122031,1.4563759715127049,1.2670451344684937
R023_0012,23,-0.16896963688439093,0.86513004623575918,1.1658294175504185
R023_0013,23,-0.84539665775605544,-1.4448491873078453,-0.035061357855045161
R023_0014,23,0.57035153789276194,2.3854984766523692,1.3447992721905524
R023_0015,23,0.21004677228998503,0.52704960716026661,1.2973770274036278
R023_0016,23,0.41118822925879028,1.5584995444195908,1.3192505320668753
R023_0017,23,0.15879366257805883,1.4680293455501865,1.2896692489839503
R023_0018,23,0.092159607042581193,2.337056244573497,1.2764728784199919
R023_0019,23,0.64352574145056107,-0.48865615345440983,1.3645152311953903
R023_0020,23,0.2273485836122473,2.9069729711691732,1.2996197596258381
R023_0021,23,0.40470647916981073,0.80785972228457015,1.3185211135403307
R023_0022,23,-0.083602021574763263,0.9460408739848285,1.2150590793579372
R023_0023,23,-0.78674995118231106,-1.0529810264838009,0.14517170296265602
R023_0024,23,-0.37462857911910685,-0.38826289804159764,0.97418669036699512
R023_0025,23,0.50884102891508975,0.76137215950757664,1.3327164969070671
R023_0026,23,0.60069337627368924,1.6243592353524448,1.3521805665435696
R023_0027,23,0.26615506679333523,-0.43228765137099701,1.3041659068755638
R023_0028,23,0.90129117735580189,1.0207272877225746,1.5053141205917555
R023_0029,23,-0.83497431004633316,0.52026663709890741,-0.0017244385587651401
R023_0030,23,-0.97022930012076691,-1.7486925324121738,-0.4805792250017773
R023_0031,23,0.3462468485583845,-0.69554277540910237,1.3124040777160744
R023_0032,23,0.1833135156628678,1.1120581777848517,1.2935768759419415
R023_0033,23,0.27785520071356862,1.1109419979267838,1.3054352339364248
R023_0034,23,0.73712916355052349,0.73593576938524863,1.4008702015240249
R023_0035,23,-0.40917164558397867,1.3365982768390707,0.92984576916569295
R023_0036,23,0.044827544069021341,0.74478521757216387,1.2642500698988113
R023_0037,23,-0.90805997176674347,0.66693241477179765,-0.24782191597623338
R023_0038,23,0.98743203349646347,2.1286724010903355,1.5864106786507799
R023_0039,23,0.61124932384050568,1.8872397702558321,1.3550018202492111
R023_0040,23,0.15225422050545023,1.1038690163357623,1.2885500599444919
R023_0041,23,-0.099260003385678752,0.98555060676944173,1.2071361146297821
R023_0042,23,0.37458953625935143,1.1846612256076763,1.3152893972451269
R023_0043,23,-0.74368491957525085,0.54738055384669637,0.26642899808739462
R023_0044,23,0.49191411717890499,1.8481739809751265,1.3299601656040789
R023_0045,23,0.18212064416157436,1.130302786542889,1.2933967021344941
R023_0046,23,-0.74729739167256248,0.089721905084117454,0.25660779702876457
R023_0047,23,-0.73772197855917865,0.98728968325416744,0.28250213803020841
R023_0048,23,-0.0071284831229774248,1.65220366829405,1.2474666477763774
R023_0049,23,-0.10977654526330483,0.30404806350177438,1.2015478629457834
R023_0050,23,0.68437844557038519,1.7997343489033895,1.3786607924057299
R023_0051,23,-0.89035158851360197,-0.53915346575793133,-0.18552112676553389
R023_0052,23,0.28913967421463727,2.1046874867864491,1.3066270099017916
R023_0053,23,0.92521606248168831,1.9965634426693302,1.5258129451165647
R023_0054,23,-0.27015386400869534,0.02098170637314567,1.085921312989041
R023_0055,23,0.80028631419610519,1.2058347618527541,1.4341690114679151
R023_0056,23,-0.34484807207211343,0.60225784661864079,1.0093559807496613
R023_0057,23,0.95075892040561416,1.4821110154128145,1.5493822927851988
R023_0058,23,-0.86170923033553182,-1.3673739939570702,-0.08839731583922017
R023_0059,23,-0.99912058719294827,-1.7171887171034927,-0.59639672708166191
R023_0060,23,0.11495529982393449,0.6617616199821883,1.2814626408774978
R023_0061,23,-0.62302677248178595,1.4585432145346324,0.55944220380751897
R023_0062,23,-0.094348818748793528,2.1883949712950228,1.2096717401069152
R023_0063,23,-0.57708296585455288,1.2513766679564129,0.65411521724184729
R023_0064,23,-0.74991994733779088,0.5184896663851295,0.2494381287072065
R023_0065,23,-0.68313632871949181,1.2537910563945371,0.42179374276466008
R023_0066,23,-0.12341662671045328,0.65034576357407214,1.1939705524206219
R023_0067,23,-0.90636802844260012,-1.8503214201529072,-0.24179410507208732
R023_0068,23,0.29116437709318865,1.5944334783634293,1.3068379761985454
R023_0069,23,-0.3685211362065397,2.8453195250958165,0.98162569019098656
R023_0070,23,0.48402309839968316,2.5496821630742339,1.3287464177947084
R023_0071,23,-0.5680806173203814,-0.1292650036461902,0.67163874036489357
R023_0072,23,-0.54162495026444435,1.2065627266701779,0.72124573609627018
R023_0073,23,-0.62342951973840921,1.854277989015793,0.55857276421650248
R023_0074,23,-0.42656642190155658,1.3116143904851376,0.90601939650130259
R023_0075,23,0.3508652506670944,0.6161672735423489,1.3128683444089113
R023_0076,23,0.4278451053274861,1.4823233677738192,1.3211954563441575
R023_0077,23,-0.95581183111879819,-0.92008016983981111,-0.42462157922030497
R023_0078,23,-0.15364662671100815,0.43890987132125325,1.1757978313431781
R023_0079,23,-0.92199643488120064,-1.5964904888275202,-0.29808308872150913
R024_0000,24,-0.017047386346877413,1.2322468799990016,1.2438117390937073
R024_0001,24,-0.77299784441392583,0.43985209447882845,0.18489196415229281
R024_0002,24,-0.5747026968099358,0.88933802676269447,0.65878068394349487
R024_0003,24,-0.26239224865054145,2.7755387198068791,1.0929762247014212
R024_0004,24,0.44844623014630147,0.13563465462232149,1.3237664197272254
R024_0005,24,-0.51769408934709804,0.47903167601214769,0.76374239520482412
R024_0006,24,-0.70763524920147458,0.44344897813535455,0.36100691444343691
R024_0007,24,0.77206060423943668,0.66263103283750779,1.4183190395031606
R024_0008,24,-0.29956349510016467,1.8108877066172662,1.0576873247099106
R024_0009,24,-0.11486441242704637,0.87822283744764262,1.1987654542916055
R024_0010,24,0.44330511696782016,2.2265125212349326,1.3231057714810424
R024_0011,24,0.73123287581147589,2.7663430009578032,1.398148864430387
R024_0012,24,-0.54040368176315101,0.33204968969107912,0.72346855328623583
R024_0013,24,-0.62171227501339366,0.39906210488395533,0.56227504866375333
R024_0014,24,-0.91649898496289706,0.81809803457435204,-0.27812644380465601
R024_0015,24,0.46057769329503362,1.560779700755252,1.3253807193149689
R024_0016,24,0.88210761948888639,0.80940150298106284,1.4899373960485343
R024_0017,24,0.016390466901234024,1.6964942495810471,1.2555384803038045
R024_0018,24,0.71645645393018342,2.1505477802052533,1.3916004874689603
R024_0019,24,0.072840706030034008,0.54654618439938651,1.2718047777095147
R024_0020,24,0.84096023526121577,1.7951137129691739,1.4599797072160428
R024_0021,24,-0.54118025437534234,0.95803165138509816,0.72205580155010241
R024_0022,24,0.87608419642410329,1.9827767604975803,1.4852982485123984
R024_0023,24,-0.88156391171716586,-0.75961482972522409,-0.1552473723006571
R024_0024,24,-0.78986481217375326,0.25249779656737509,0.13604305124849891
R024_0025,24,-0.87784724621094323,-0.17386750382594904,-0.14257058726019589
R024_0026,24,0.24419106792317868,0.308460552114175,1.3016656182752806
R024_0027,24,0.68623406321088631,2.4026261267839235,1.379363592286067
R024_0028,24,0.94388399810981793,1.4853494592674947,1.542863374216989
R024_0029,24,-0.89947189986462917,1.414024570721885,-0.21739054108175959
R024_0030,24,0.65614468876862997,2.0669344593485879,1.3686216902900128
R024_0031,24,0.043531745597208626,1.2270502086534532,1.263876721216743
R024_0032,24,0.84184915230743651,0.54999306470735509,1.4605848884209651
R024_0033,24,-0.25759572965143041,1.8990975633068126,1.0972551430126627
R024_0034,24,-0.11177316721613861,2.5793288112807375,1.2004621539632674
R024_0035,24,0.36362987800364355,0.68636296189188362,1.3141616220365229
R024_0036,24,0.90362945765754321,1.2971712269637927,1.5072520603090447
R024_0037,24,0.25321714517457039,1.9611256318729624,1.3027138167546284
R024_0038,24,-0.13307708588748013,1.6991517264616718,1.1883733392820039
R024_0039,24,0.66682641831410749,1.5870757140885972,1.3722781544423259
R024_0040,24,0.75579176977836382,3.0698283164172055,1.4099044308192905
R024_0041,24,0.46843871571179374,1.5197271433105803,1.3264712553092708
R024_0042,24,-0.44220197165400998,2.1435850048949074,0.88372038506772521
R024_0043,24,-0.13798208305820481,0.24671199079255324,1.185456693119185
R024_0044,24,-0.90466740294424008,0.83075556688032881,-0.23575145553381827
R024_0045,24,-0.79692783438599157,-0.64966062840467209,0.11516172951869597
R024_0046,24,0.80776406063193429,2.3982975679092684,1.438644441459106
R024_0047,24,-0.27248298207343691,1.0740886083534757,1.0837724466599301
R024_0048,24,-0.65139734521710713,-0.37853947160176815,0.49647209417479277
R024_0049,24,0.58400341383058985,0.87782211052325887,1.3479913520233455
R024_0050,24,0.32852709284232229,0.41069578131380002,1.3106304037940821
R024_0051,24,0.99883752833885353,0.20728404744142415,1.5987233070051121
R024_0052,24,0.89413023181197304,0.69593053752671286,1.4994658930645079
R024_0053,24,0.035301746486984698,0.12303438646486664,1.2614539464212933
R024_0054,24,0.99916247833579419,1.4302603017526865,1.5990797778925758
R024_0055,24,-0.1851709594524642,1.6620778047609388,1.1547120551573495
R024_0056,24,-0.57012116519086287,0.66484682706595033,0.6676956413208861
R024_0057,24,-0.041889314072734773,1.7614351791433269,1.2339675762551372
R024_0058,24,0.15923788346841694,0.79674726626494863,1.2897440424168893
R024_0059,24,0.32022051244590277,0.90772676672627006,1.3097981379988386
R024_0060,24,0.795418809696671,3.2290648216319764,1.4313190622807337
R024_0061,24,0.0055027666442817313,1.1729346409598367,1.2519033829645918
R024_0062,24,0.80199740039563627,3.0079895147199585,1.4351826612988168
R024_0063,24,-0.70016950166933256,1.3585173770597243,0.37982575526969575
R024_0064,24,0.10320826473632239,0.090651895249112213,1.2789584598653689
R024_0065,24,-0.42539879638061562,0.2892050632872486,0.90765087507548325
R024_0066,24,-0.16475488063113519,2.309944603602041,1.1686235628086514
R024_0067,24,-0.80318872025565802,1.00719444945867,0.096439773879537283
R024_0068,24,0.78555475195373003,0.99951886941563561,1.4256941414380417
R024_0069,24,-0.078764673819895936,1.4709105782563019,1.2174129742068844
R024_0070,24,-0.66666055066468766,-0.42339565490737818,0.46112548363159944
R024_0071,24,-0.99448235285031084,-0.94486707332712672,-0.57746885399026304
R024_0072,24,0.24410742859142243,1.7147561459641343,1.3016557575281384
R024_0073,24,0.78182275644326427,0.91541740846642905,1.4236178546069651
R024_0074,24,0.83877800543314462,0.66792812304518645,1.4585016774415449
R024_0075,24,0.52813410751554191,2.0056108057105133,1.3361353171739219
R024_0076,24,0.68161366190286188,1.6539940002532671,1.3776237345658813
R024_0077,24,-0.12278987145328002,0.30457300826396283,1.194327020958317
R024_0078,24,-0.079810335915782238,0.87746651448830271,1.2169078398331199
R024_0079,24,0.066552255350384115,0.95743241199544094,1.2701924674248959
R025_0000,25,-0.69448736331072625,-0.01980835096664435,0.39397484415362194
R025_0001,25,0.74556312184327034,0.67164539738659956,1.404872796666232
R025_0002,25,0.30872877837408486,0.97143952248307808,1.3086394842099598
R025_0003,25,0.19480100329692207,0.71356455975799282,1.2952639261965824
R025_0004,25,-0.36151479736204806,-0.66204223014764674,0.99001453323686595
R025_0005,25,0.90793117608295293,0.0267928800749484,1.5108539685340263
R025_0006,25,-0.36396661971871724,2.1405523133337141,0.98709645017974446
R025_0007,25,0.7360515988110794,2.32083222383989,1.400368178365242
R025_0008,25,-0.83405881174098351,0.11916932976935468,0.0011765148844888884
R025_0009,25,-0.38538205227991362,1.2796928393977427,0.96079927498115225
R025_0010,25,-0.80640578076447356,-0.32760909795696119,0.086741881603620952
R025_0011,25,-0.60349504572160484,1.4425914107137929,0.60077452156995137
R025_0012,25,-0.73667586889414194,0.3775461904932958,0.28530423551646145
R025_0013,25,0.71415675877070228,3.6588978792985731,1.3906155647133598
R025_0014,25,0.55707541931172111,0.89025146924901466,1.3418858037605987
R025_0015,25,0.69954830019890601,1.4311168641057466,1.3845683590879245
R025_0016,25,-0.84960458625814828,1.4475590222795653,-0.048683824446298152
R025_0017,25,0.76920253205424149,0.36654915990531078,1.4168034939655396
R025_0018,25,0.37441033407986768,3.0467715081504103,1.3152707937191415
R025_0019,25,0.71767887783015838,1.9791820918810559,1.3921277401251795
R025_0020,25,0.14935063987838926,0.19595093833591992,1.2880420319849968
R025_0021,25,0.23834047305594108,1.7369260473831691,1.3009689388034684
R025_0022,25,0.33797502286124304,1.1618628246462461,1.3115753550687834
R025_0023,25,-0.60229295361217683,-0.032495221292616505,0.6032654654811167
R025_0024,25,0.30477092423414387,3.0145234853443164,1.3082373940509704
R025_0025,25,-0.69672355055578272,1.5149068879752106,0.38842438195773132
R025_0026,25,-0.9146070177790564,-1.1776876951538826,-0.27129764538344503
R025_0027,25,0.37892439357208985,2.1999053484585405,1.3157412894299765
R025_0028,25,0.4730735937293149,-0.30108531712286224,1.3271317038723982
R025_0029,25,-0.46424665981226831,1.6720661115372839,0.85082739071662516
R025_0030,25,0.42529484014716723,1.4099302420673012,1.3208905450349315
R025_0031,25,-0.58915758976953447,-0.62927079952400911,0.63008944952749169
R025_0032,25,0.89114293974971548,3.1940363691373137,1.4970645674166108
R025_0033,25,0.58403525277354928,-0.39349973610269484,1.3479990378744167
R025_0034,25,-0.6329086796860055,0.76805591676145335,0.5379071297185789
R025_0035,25,0.096318478602140711,1.7960747219873285,1.277423708425679
R025_0036,25,-0.19457217879405975,1.3577313331546592,1.1479813541335131
R025_0037,25,-0.010957001946920064,0.71400541150688424,1.2460740208103505
R025_0038,25,-0.4003385187847488,1.6802769604843286,0.94155635128118798
R025_0039,25,0.35561491647382715,2.5872542705466888,1.3133475660107541
R025_0040,25,-0.67610730868269764,-0.11647019877827103,0.4387244384466451
R025_0041,25,0.90093734596608033,1.0445700300670628,1.5050220879120391
R025_0042,25,-0.84935584400204589,1.015703712038919,-0.047875944978315932
R025_0043,25,-0.036338629922507693,1.4603475948006048,1.2362551187463733
R025_0044,25,0.3688404355295245,1.5866562772699206,1.3146953956297307
R025_0045,25,-0.56717247605873422,-0.10666657316861172,0.67338817437544451
R025_0046,25,-0.55459173870024125,0.97899285246382084,0.69728122768720024
R025_0047,25,-0.17100013634016209,2.0622078354958804,1.1644690000895443
R025_0048,25,-0.56402072271058779,0.70237883417409464,0.67943377519557857
R025_0049,25,-0.90603310971079476,-1.3839274226334157,-0.2406027992484594
R025_0050,25,-0.10365651087578032,0.92489072821543827,1.204826400581555
R025_0051,25,-0.08781759807312306,0.65208898369710411,1.2129719603640812
R025_0052,25,0.17535531571082652,2.3689737789348975,1.2923563099052435
R025_0053,25,0.55653841877625143,2.2037290731245847,1.3417717630769763
R025_0054,25,0.48988534817908325,0.81115684660896081,1.3296439578035946
R025_0055,25,0.37318346305271888,1.2353460251861463,1.3151435865690138
R025_0056,25,0.67477811829759138,1.3600462315020667,1.3751109773023762
R025_0057,25,-0.80805337199552718,0.14670821595156497,0.081754641155147301
R025_0058,25,-0.046408155003097029,1.0545368312783863,1.2320668955917391
R025_0059,25,0.83041568889517636,1.5492868196290213,1.452937729773371
R025_0060,25,-0.68005306511120267,0.46396353096736093,0.42924808543557924
R025_0061,25,0.67931869010305612,0.85536928493882258,1.3767720046398597
R025_0062,25,0.80900925844505389,1.5564174108143183,1.4394012359962862
R025_0063,25,0.6525674755665769,2.815059560286385,1.3674344936755169
R025_0064,25,0.028920046700893653,1.478862556349773,1.2595128803945255
R025_0065,25,0.49595839061327629,1.4926037970688686,1.3305993144384964
R025_0066,25,-0.48245124741107448,-0.74101745111273931,0.8223514318024171
R025_0067,25,-0.09868333294884013,0.79342356692500526,1.207436269974353
R025_0068,25,-0.052189792471450946,0.77977701172642111,1.2295841268893302
R025_0069,25,0.31915409282079987,2.3417398908973972,1.3096910489984672
R025_0070,25,0.5814745901061924,-0.42255711913842786,1.3473845396018058
R025_0071,25,0.71937828720256491,-0.24828357815623892,1.3928650206332862
R025_0072,25,-0.82626660453741629,1.18533998612063,0.025689927744841023
R025_0073,25,-0.41889062198663196,1.5561767011196173,0.91665941754092417
R025_0074,25,0.32287535968896952,3.0145232707939864,1.3100644559114163
R025_0075,25,-0.50605844184499604,0.22584858003507546,0.78360885230716648
R025_0076,25,-0.47842549752204011,1.5753627046395726,0.82875240598721656
R025_0077,25,-0.69276161780031975,-0.28672657045617034,0.3982425194302881
R025_0078,25,-0.16513478236036705,0.81547596185792581,1.1683733471569353
R025_0079,25,-0.93152876561525222,-0.99528866485354328,-0.33309210806056377
R026_0000,26,-0.10258731338162352,1.1051449862024258,1.2053915889323539
R026_0001,26,0.48887338453545448,0.26893262980658683,1.3294873174570359
R026_0002,26,-0.015020296704966407,2.1492495310976061,1.2445711476293162
R026_0003,26,0.98740575398091779,1.5175258968283418,1.5863827537006343
R026_0004,26,0.23947863319269991,-0.30366190893359013,1.3011055873406541
R026_0005,26,0.88897172632092181,0.8634277104294934,1.4953333080275815
R026_0006,26,0.96978762689383524,1.5407441878135471,1.5681148877091464
R026_0007,26,0.92742459400509203,1.2537606922965232,1.5277811364232674
R026_0008,26,0.18530014581055809,0.044463996765093716,1.2938748123781636
R026_0009,26,0.054220931045889653,1.5449223567821067,1.2668919473106079
R026_0010,26,0.062146093766888733,1.2040451495165099,1.26903454263528
R026_0011,26,0.048658923849205671,1.4366285228247797,1.2653412621619122
R026_0012,26,-0.19166706402674949,1.557846100776392,1.1500834811995773
R026_0013,26,0.76803837979893608,-0.27379114457914944,1.4161907788265857
R026_0014,26,-0.60036347499352316,0.91349684661245079,0.60725096403777823
R026_0015,26,-0.78389820270534027,0.89397938067609339,0.15348637183602043
R026_0016,26,-0.79693882871214994,0.43126105552274541,0.1151290282022035
R026_0017,26,0.24847193032702375,0.043110875289969153,1.30216662645611
R026_0018,26,-0.15873050533473587,0.85703002468283085,1.1725483373851364
R026_0019,26,-0.76363613636261762,1.1584031563882786,0.21139207308687968
R026_0020,26,-0.049685827154273499,0.85092294631413945,1.2306664555722511
R026_0021,26,0.98100868372024341,0.86721676844597939,1.5796454200334531
R026_0022,26,0.67152553327795772,0.67360913985865134,1.373940618007957
R026_0023,26,0.50773331582424031,1.1883732798028865,1.3325294372499747
R026_0024,26,-0.74511555028813525,-0.64348882811719765,0.26254712888401932
R026_0025,26,0.96628632428589256,1.7808260546847325,1.5645911350851964
R026_0026,26,-0.90062686104897183,0.083511798523522196,-0.22145920867924951
R026_0027,26,0.8736084945474607,2.1447106990269376,1.4834172525128759
R026_0028,26,-0.97596927245607357,-0.79798262257604691,-0.50319603679486846
R026_0029,26,0.21105031732993962,1.3291104140777006,1.2975114235839154
R026_0030,26,0.93421095892265593,1.2983373234952018,1.5339107907103839
R026_0031,26,-0.75187627038726301,1.2898239542554983,0.24406801056399896
R026_0032,26,-0.86201706480353146,0.051359884429436842,-0.089417514030127876
R026_0033,26,0.5638645069051138,0.61734088395090292,1.3433528475252969
R026_0034,26,0.41000054755878268,0.9460581714497861,1.3191158119973949
R026_0035,26,-0.035639813517936769,1.7670460442415967,1.2365394658683768
R026_0036,26,0.94216629591839829,1.7864239164545392,1.5412549525903008
R026_0037,26,-0.10306461967911473,0.39176512661588681,1.2051395575342925
R026_0038,26,-0.18751746895441657,1.1169698572673641,1.1530515553870664
R026_0039,26,0.45732399442857408,1.3369813472406678,1.3249398221562187
R026_0040,26,-0.063835920624531806,2.0554935700150687,1.2244060594919912
R026_0041,26,0.46989071772451907,1.6039642994770953,1.3266767328562004
R026_0042,26,0.28316980692135085,0.62925366866074217,1.306000085622216
R026_0043,26,0.013606171922986077,0.66640874203723144,1.25462520339892
R026_0044,26,0.79914981301407861,1.7794881517193788,1.4334991481762152
R026_0045,26,0.25799108537867754,1.0524269145641154,1.3032561286935975
R026_0046,26,-0.15508723606530661,1.6493304114348528,1.1748828047252742
R026_0047,26,-0.32637052731134797,2.6170110262964137,1.0298088410159703
R026_0048,26,0.7406214123153958,-1.0570126043420396,1.4025117222643069
R026_0049,26,-0.27319335529840294,0.51945236153605567,1.0831141090928926
R026_0050,26,-0.75037465164045591,0.5229764890497195,0.24819162817154639
R026_0051,26,-0.036453355486204542,0.64794957111847551,1.2362083595326669
R026_0052,26,-0.80785494946975822,-0.23799653731279646,0.082356002006784612
R026_0053,26,-0.56596769096263899,0.75891754507070197,0.67570390280998105
R026_0054,26,-0.68018809465052765,-0.11609662097135065,0.42892253598389463
R026_0055,26,0.44890686482003028,1.6987973812214565,1.3238262719103766
R026_0056,26,0.51840035153702235,1.0037644199362554,1.3343716943718154
R026_0057,26,-0.60833891634290538,0.69915076280697785,0.59067536862878189
R026_0058,26,0.081607499920930859,1.3552168824479374,1.2739754031841601
R026_0059,26,0.48233654422002603,1.5834623951777091,1.3284925543442516
R026_0060,26,-0.093491857977735071,1.0166475138557809,1.210109413935587
R026_0061,26,-0.64170566258784945,0.13759435630182792,0.51837926831340997
R026_0062,26,-0.10972903042665649,2.0848881160370434,1.2015736032508797
R026_0063,26,-0.79478147729914328,-0.12092746992692974,0.1215340453655942
R026_0064,26,0.72224533117529988,1.4316420668521128,1.3941202571303146
R026_0065,26,-0.55415476324575375,0.65992503156334448,0.69809970532273991
R026_0066,26,-0.34822146278273247,2.2918316325956849,1.0055103201932645
R026_0067,26,0.9148194132968277,3.4095371634621698,1.516721417499185
R026_0068,26,-0.84717413892020832,-0.36152850822971061,-0.040804179772453875
R026_0069,26,0.33355007641508005,0.8805282831414043,1.3111327854269224
R026_0070,26,0.6240806269399517,1.3150255018739614,1.3586193618046254
R026_0071,26,-0.23536235041333242,0.93000615874886861,1.1162981003483154
R026_0072,26,-0.26822772509136827,1.1045730053427743,1.0876872552719239
R026_0073,26,0.9993134361531919,1.5399068550457735,1.5992454865806658
R026_0074,26,-0.31125997957459606,0.77593428549423038,1.0457801280864834
R026_0075,26,-0.84927170811596309,-0.30807284392086026,-0.047602758118877597
R026_0076,26,-0.13916993711268866,0.21868557801343946,1.1847427076294799
R026_0077,26,0.028001806631757997,1.4579118227621739,1.2592290236272374
R026_0078,26,0.58059987899578935,1.5340255467361725,1.3471763112154238
R026_0079,26,0.82617847962101942,0.083580748023814655,1.4501783367467169
R027_0000,27,-0.994521129753688,-0.66525613891180646,-0.57762656269902468
R027_0001,27,-0.071247738548078088,1.8203617753642405,1.2209848583435021
R027_0002,27,-0.10090381359876011,2.7242253648392714,1.2062769603838723
R027_0003,27,-0.9192345388173504,-0.24695411229417238,-0.2880356598663163
R027_0004,27,0.6968257879919626,1.9636050953571758,1.3834806680681895
R027_0005,27,-0.68586934598485283,-0.056631050551115725,0.41514983256548632
R027_0006,27,-0.94873075717657662,-0.74773099575794255,-0.3975806379436515
R027_0007,27,0.092330207233031647,1.6188538479253705,1.2765122492199608
R027_0008,27,0.89048132170841487,4.0733015182804326,1.4965357619500324
R027_0009,27,-0.48601748721253291,1.5988027023114961,0.81663139531221018
R027_0010,27,-0.33397487784420066,1.50502052680956,1.0215159056931942
R027_0011,27,0.0016515603692144332,1.6685790589662119,1.250576003769146
R027_0012,27,0.88660890679135029,2.4933483545038015,1.4934626596100136
R027_0013,27,0.32930661286995888,2.1035624020788957,1.3107083900963967
R027_0014,27,0.043993486440920826,2.1081846339284445,1.2640100097485383
R027_0015,27,0.57989435788991339,1.6806237276152702,1.347008979577178
R027_0016,27,0.93935940430799181,1.1087334112173861,1.5386440230863672
R027_0017,27,-0.26842833160597057,0.41911550071520853,1.0875038022403638
R027_0018,27,-0.68781090110278598,0.60270947016335663,0.41040914337214063
R027_0019,27,-0.14114555238231108,1.7100824490627589,1.1835485730892454
R027_0020,27,-0.90991242557003171,-0.060654536199929165,-0.25443991043963621
R027_0021,27,-0.43480128924733363,0.85225976286400307,0.89438033536896366
R027_0022,27,0.60219670725314267,2.0162612047509834,1.3525740471496666
R027_0023,27,0.58217860054261927,1.2997489254251655,1.347552752420446
R027_0024,27,-0.14008055446367873,1.2906670300991292,1.1841933301372916
R027_0025,27,0.33961451249831609,0.94456242917266364,1.311739414887128
R027_0026,27,-0.088771556649318573,1.4628577774622955,1.2124949974034094
R027_0027,27,-0.92789706097619629,-0.90777357207712306,-0.31969331305180049
R027_0028,27,-0.85859997362574236,1.3108066276474934,-0.078121433596982648
R027_0029,27,0.43711339318355114,2.3639533460208328,1.322327423944107
R027_0030,27,0.91013584941446934,1.2623633898401629,1.5127185048169134
R027_0031,27,-0.86172369218157252,-0.88121442251881588,-0.088445232621167769
R027_0032,27,0.80137755538122302,0.02510713433467715,1.4348147521772889
R027_0033,27,-0.47960071532809612,0.95743958978678223,0.82688993206689887
R027_0034,27,-0.23928076008211474,1.4164575659217482,1.1130352067892901
R027_0035,27,-0.30336108735940237,1.6075196846001933,1.053864383350539
R027_0036,27,-0.24001297447974834,1.0119833250253822,1.1124211064096468
R027_0037,27,-0.38099707809848549,-0.49425582886537711,0.96630314109735171
R027_0038,27,-0.62496901711420105,0.99446442966323145,0.55524290069759108
R027_0039,27,-0.8028516632588576,0.31414936957796313,0.097452772906235552
R027_0040,27,0.17256135850862186,1.5927147961546457,1.2919172329934487
R027_0041,27,-0.19437056931655761,0.10227418555537082,1.1481278839175255
R027_0042,27,0.58295469257708477,1.4289073392131015,1.3477388312833876
R027_0043,27,-0.9408459008805401,-0.11084746815097934,-0.36781057159019337
R027_0044,27,0.50786812526674541,0.79212106551441219,1.3325521509504064
R027_0045,27,-0.98837459365493596,-2.0078674137439201,-0.55274010582241684
R027_0046,27,-0.16600339300740607,0.67411850817854102,1.1678000352057771
R027_0047,27,0.59699413500903953,1.2896985579073394,1.3512238758679582
R027_0048,27,0.64809114283653479,3.2419273995582918,1.3659747693312838
R027_0049,27,0.56900805184193803,1.2405029400517298,1.3444960681448568
R027_0050,27,0.48337043192255624,0.17024720861392972,1.3286479495506542
R027_0051,27,-0.0077808518160769058,2.2812322573058035,1.2472309423239005
R027_0052,27,-0.41778752087038118,0.35643002415123493,0.91817207350293328
R027_0053,27,-0.93425927492117955,0.019297704311587782,-0.34321546516239021
R027_0054,27,0.61304820380548142,1.5739140640407419,1.3554963525105013
R027_0055,27,0.63799225168469453,2.3931401443721487,1.3627851609817208
R027_0056,27,0.54932240052789783,1.4814099082768319,1.3402671422064729
R027_0057,27,0.93323763040787044,1.3588346608349213,1.5330240338130001
R027_0058,27,-0.30951287981440512,2.0079343387191528,1.0475837371284862
R027_0059,27,0.56867763835920648,2.479526305910472,1.3444217926268531
R027_0060,27,0.19455817109927387,1.3546299438761735,1.2952291390396555
R027_0061,27,-0.34963669481281179,-0.024561285950213119,1.0038865751313348
R027_0062,27,0.01344281692643956,1.0335748983190758,1.2545712758608645
R027_0063,27,-0.49888838038668792,-0.21431755483621906,0.79559575170329233
R027_0064,27,0.26613620495068635,0.28218560411977278,1.3041638291130697
R027_0065,27,-0.75571528879731353,-0.43962202384766602,0.23347552684224837
R027_0066,27,-0.21675431883081275,2.0193936556878587,1.1312614281323783
R027_0067,27,-0.85944207115630533,1.3589059628379772,-0.080899382976429068
R027_0068,27,-0.52056242709391087,1.2138622171531306,0.75876566926398015
R027_0069,27,-0.75566994975803947,-0.80951744986201168,0.23360104567980433
R027_0070,27,0.58264243964607498,1.0834473406340779,1.3476638830706982
R027_0071,27,0.46271958567082527,0.92542823257602524,1.3256742585973122
R027_0072,27,0.1079756052173837,1.965287812081248,1.2799915572624638
R027_0073,27,0.12612734045514484,1.0863175266021461,1.2837183249786517
R027_0074,27,-0.38295396846326324,-0.59831587733378599,0.96385458021085313
R027_0075,27,-0.65570871636361217,0.028970380379880867,0.48659310865056626
R027_0076,27,0.2719514536081864,-0.40022291536769439,1.3047994701388408
R027_0077,27,-0.76622142160012663,0.89400856495684,0.20411732472577659
R027_0078,27,-0.64818777468718025,1.2132582297110746,0.50377293348592156
R027_0079,27,0.33207783825148574,2.0138587258683085,1.3109855601186788
R028_0000,28,0.38144404037004453,0.77563905191656057,1.3160057010447315
R028_0001,28,-0.87346814060958455,0.90805675085059523,-0.12773094996466683
R028_0002,28,0.3152362573348706,2.2213286008389144,1.3092969583605141
R028_0003,28,0.11527868698319366,1.6320332981191186,1.2815296277316579
R028_0004,28,-0.067043126243707674,1.6509609648029941,1.2229378121160261
R028_0005,28,-0.14943557397995799,1.524349220194591,1.1784465227114524
R028_0006,28,-0.090177720218048929,0.92630109759920343,1.2117887866548491
R028_0007,28,0.10806405317054679,1.1511395658276093,1.2800105049275436
R028_0008,28,0.25306437029073092,2.2346416205179707,1.3026963287030433
R028_0009,28,-0.35894896803382159,1.2453500625236291,0.9930481769596351
R028_0010,28,-0.097877152923291355,1.8851866503231127,1.2078548009547874
R028_0011,28,-0.29971621034488316,1.9019723397445651,1.0575343843817862
R028_0012,28,-0.47929295312897646,1.1695253240906323,0.82737815867007303
R028_0013,28,0.68642004985997618,0.61658473169435413,1.3794343342210849
R028_0014,28,-0.15074605244915995,1.9488556741718868,1.1776263953288035
R028_0015,28,0.57702459277180229,2.3607961361430911,1.3463340197133089
R028_0016,28,-0.63526984584530788,0.65057927557861583,0.53269889154249739
R028_0017,28,-0.83367111211370948,0.68803653532280873,0.0024036973023042751
R028_0018,28,-0.12650656683607453,0.49175599374772205,1.1922013180975186
R028_0019,28,0.21726733155544675,0.75211444577685105,1.2983318395263024
R028_0020,28,0.87823530057681642,1.7163139200793576,1.486944772465647
R028_0021,28,-0.89652107417186633,-1.0469628979643031,-0.20702903780816206
R028_0022,28,-0.16109471293404121,1.1186059258118137,1.1710177326999769
R028_0023,28,-0.45680283673132771,1.6723737017544236,0.86212699773478829
R028_0024,28,0.25271390441807151,2.4181061797170131,1.3026561792003601
R028_0025,28,0.47647643529300043,1.2797068896387715,1.327625167305067
R028_0026,28,0.84363380812851418,0.88150828523130809,1.4618053575751406
R028_0027,28,-0.40544444076117481,1.1579782643577028,0.93481875237195755
R028_0028,28,-0.82332018786419203,1.1638199908254265,0.034876357139263181
R028_0029,28,-0.59080816329561592,1.2498428199730112,0.6267583373635921
R028_0030,28,0.075537438959546899,1.5318223443740666,1.2724819321925307
R028_0031,28,-0.63648827596138124,-0.021846615911794709,0.53000178831452482
R028_0032,28,0.40178063321491897,1.8780885076880884,1.3181963494861677
R028_0033,28,-0.74573751337084415,-0.65037385014917493,0.26085639907006297
R028_0034,28,0.37889052543956625,1.7336924699749789,1.3157377443423923
R028_0035,28,0.9897982821188489,1.2782332107528371,1.5889334265941173
R028_0036,28,0.98171257235941134,1.1429798625013929,1.5803808877114647
R028_0037,28,-0.47987743852428255,0.99246366960193111,0.82645064916040334
R028_0038,28,0.60873985309293333,0.75608763309429805,1.3543186935188836
R028_0039,28,-0.11052800930337847,2.6217483978140237,1.2011401719482313
R028_0040,28,0.82566472693433113,0.91773733990965034,1.4498464796075712
R028_0041,28,-0.95458933192083317,0.91778055931513558,-0.41993241521758806
R028_0042,28,-0.24163031452480266,-0.31958470476633005,1.1110597559512045
R028_0043,28,-0.75098236815363273,0.89924287636748002,0.24652409426540278
R028_0044,28,-0.56713330835601017,0.77804919224516333,0.673463551434344
R028_0045,28,0.57011926051268635,1.9670100652148288,1.3447467134324369
R028_0046,28,0.3077134598551845,1.2148881614091118,1.3085365115239049
R028_0047,28,-0.45372148690198788,0.060288382998097134,0.86674667511865033
R028_0048,28,-0.82100620066377616,-0.35473297160044676,0.042059293921750118
R028_0049,28,0.843131816188462,1.4418787454932882,1.4614613231183897
R028_0050,28,0.63682787650965911,2.1122929412016109,1.362426485414638
R028_0051,28,0.9734587019392833,1.7077444586887547,1.5718472103133212
R028_0052,28,0.77711905174740403,2.2798734592437944,1.4210409709326921
R028_0053,28,0.90480973542128096,1.6305634912612257,1.5082355861161112
R028_0054,28,-0.81188279726351809,1.0665187670318277,0.070109115565535118
R028_0055,28,0.43626749648683893,0.35261103482045686,1.3222225021387808
R028_0056,28,-0.80604150513675021,0.87241738515960954,0.087842659805881684
R028_0057,28,-0.09936356726663309,0.83090125010443616,1.2070821413760644
R028_0058,28,0.11718229745181241,0.74052676158487685,1.2819218692911234
R028_0059,28,0.88814081660889754,0.048025830085749455,1.4946738870462495
R028_0060,28,-0.26912083071479187,1.3013612974509354,1.0868696797978032
R028_0061,28,0.87886464716425849,0.89208119792561713,1.4874286378741046
R028_0062,28,-0.77495952749055341,-1.0780636626043447,0.17928387413798452
R028_0063,28,-0.47178681113067067,0.40412881354775965,0.83917879938192985
R028_0064,28,0.010420935887050398,0.62763261916499513,1.2535667293851169
R028_0065,28,0.71891927595483596,1.5072228557594978,1.3926653872090868
R028_0066,28,-0.10018262279298051,-0.11654508066367897,1.2066545470687922
R028_0067,28,-0.41582562907464604,0.1003532781503681,0.92085220987550154
R028_0068,28,0.79796693223705306,2.3322555966828737,1.432804823750059
R028_0069,28,0.86670372947736984,0.84213788810170642,1.4782496503505631
R028_0070,28,0.60279145337468742,0.05208402460141226,1.352730469518282
R028_0071,28,-0.14567387100852858,1.6466503114784574,1.1807799921853341
R028_0072,28,0.86169536172882633,1.4073025681995488,1.474573021070414
R028_0073,28,-0.10341442028069303,0.94126551557314375,1.2049545687394665
R028_0074,28,-0.35048217156934425,1.8022324396884466,1.0029135938014617
R028_0075,28,-0.73075551001086514,1.3199915381279195,0.3010632966921527
R028_0076,28,-0.31034866310100306,2.0974051181168898,1.0467220238951547
R028_0077,28,-0.18613908125200873,1.2292025954583379,1.1540285270637407
R028_0078,28,0.42702841875233299,1.3725428820621584,1.3210975152887334
R028_0079,28,-0.1442285396344698,-0.18446167484056697,1.1816684397173403
R029_0000,29,-0.85147549023861857,0.99641759582063805,-0.054770814318815475
R029_0001,29,0.017974122065434139,2.1298463896855013,1.2560529960869788
R029_0002,29,0.21115384064542009,1.2236448645440559,1.297525255963619
R029_0003,29,0.42528018086972241,1.2424189303375197,1.3208888002139336
R029_0004,29,-0.36311346582028237,0.36215510647574189,0.98811398402678696
R029_0005,29,-0.28616528503971517,0.89820302725941037,1.0708485436574533
R029_0006,29,-0.12795628989778729,1.7573845088764566,1.191364436221495
R029_0007,29,-0.19646328478519193,-0.054932851345899314,1.146602192412411
R029_0008,29,-0.722290003593129,-0.11863472444226858,0.32330579710801355
R029_0009,29,-0.60345950854984398,0.30708360817030916,0.60084824811550164
R029_0010,29,-0.73313063168403048,-0.36263277324318721,0.29476131000451344
R029_0011,29,0.69368175879786209,2.3720451714571378,1.3822396528889915
R029_0012,29,0.39318428490551027,1.2272029231825319,1.3172570019726635
R029_0013,29,0.88437223877302618,2.2597661712925161,1.4917046931750428
R029_0014,29,-0.98003172280950168,-0.63062081025718364,-0.51932028830609411
R029_0015,29,0.94692754992757244,1.168009285193331,1.5457332160765649
R029_0016,29,-0.8140787832230858,-0.35027171506618365,0.063396904274232391
R029_0017,29,-0.74964222226810318,-0.55787334700736946,0.2501989726188707
R029_0018,29,0.94854199968685604,1.5156701557956282,1.5472658956250442
R029_0019,29,-0.36279509835619606,1.2011740231499852,0.988493107787912
R029_0020,29,0.55844924191698597,1.6955395299741249,1.3421788802341186
R029_0021,29,0.9693126829826213,1.3910125973067784,1.5676348444716761
R029_0022,29,0.64428601226107096,1.2982835506772643,1.3647562557025261
R029_0023,29,0.60037789690123389,1.0016389966819541,1.352098338918436
R029_0024,29,0.32895039137181747,1.7526968586845637,1.3106727537671308
R029_0025,29,-0.34253580017601459,2.6968071848179407,1.0119718961153752
R029_0026,29,0.74273905596479817,1.0534642878187823,1.403517988454392
R029_0027,29,-0.1796881123332581,-0.21152679694098775,1.1585419946356654
R029_0028,29,-0.72169681594856083,-1.2473195487843283,0.32485155974013114
R029_0029,29,0.13677009392888029,2.1397066250153762,1.2857588109732572
R029_0030,29,-0.8441399421581639,-0.62837793436808431,-0.031011179540805012
R029_0031,29,0.011580737639960814,1.4617170440971814,1.2539538379105786
R029_0032,29,0.63562334887831651,1.7370449316390641,1.3620573896359514
R029_0033,29,-0.91294376739877348,0.58452351455132667,-0.2653109737147552
R029_0034,29,-0.88283627029088629,-0.070969379783432096,-0.15960446714436705
R029_0035,29,-0.27717717370119566,0.66892790745248554,1.0793965433584636
R029_0036,29,-0.46729054329670583,0.84498003507040731,0.84614964031904172
R029_0037,29,0.82598359981969138,1.9039815091506405,1.4500523857972443
R029_0038,29,0.1713696654561172,0.90370460884918258,1.2917282432177952
R029_0039,29,-0.70853635681810445,0.66227209417322919,0.35871787920690945
R029_0040,29,-0.2210937252809777,1.4503837141271805,1.1278496698320095
R029_0041,29,0.56307438614694805,0.04684568592606797,1.3431796798908522
R029_0042,29,-0.51717981942938285,1.1347639338076414,0.76463134816309219
R029_0043,29,-0.10244337965080641,1.6019951765441898,1.2054675023405153
R029_0044,29,-0.3483869477486734,-0.46786063075557638,1.0053207709154717
R029_0045,29,0.10465318210714281,2.2671556026382924,1.2792740412277714
R029_0046,29,-0.32237322150203629,0.75980834789684526,1.0340991465893945
R029_0047,29,0.34808644169134828,1.9191754571017421,1.3125888302539792
R029_0048,29,0.035952899041980624,1.6910649099424799,1.2616489112857776
R029_0049,29,-0.38294476063200467,0.9985865962903625,0.96386613039498048
R029_0050,29,0.21769155158978948,2.5721063164148186,1.2983870728955609
R029_0051,29,0.49975309752798602,1.7862393039813487,1.3312099011973209
R029_0052,29,-0.27075770660457166,0.70335284872833592,1.0853656189945251
R029_0053,29,0.40994163644156179,1.7972852290941139,1.3191091423735344
R029_0054,29,0.19936542794882683,0.057842413366215206,1.2959110389166815
R029_0055,29,0.99079555953406273,1.3459985544277417,1.5900016132118551
R029_0056,29,0.8295426922468383,0.80303703128411796,1.4523659356204583
R029_0057,29,0.18306104381973198,1.7112859230153745,1.2935388224652009
R029_0058,29,-0.21949611632172905,2.2806266837202651,1.1291111978257817
R029_0059,29,-0.23377965567573145,2.9128491058126302,1.1176048680442856
R029_0060,29,0.42869901852098313,2.4272257405097823,1.3212981651952531
R029_0061,29,0.99502305582513606,1.9535233733620927,1.5945624239085485
R029_0062,29,-0.35138783915865068,0.68420027850024123,1.0018689041882896
R029_0063,29,0.89099188144561103,1.1927510984480119,1.4969437356629332
R029_0064,29,0.88005573698534767,2.2837507618337516,1.4883470550687448
R029_0065,29,-0.71039528580869105,0.82512817862396104,0.35398371068909795
R029_0066,29,0.68416795581690959,-0.0035128319175357081,1.3785814151858682
R029_0067,29,0.18617388205397689,2.1729398826790915,1.2940050127598468
R029_0068,29,-0.42279051608194718,0.56453383670874002,0.91127852317839109
R029_0069,29,-0.66929378185247179,0.89576566427273785,0.45492184792378221
R029_0070,29,0.29623799823758246,1.5739663687621968,1.3073632934383164
R029_0071,29,-0.0014823399975414375,1.283347214233111,1.2494795305590645
R029_0072,29,-0.15057186567680492,0.91520774608127531,1.1777356207501777
R029_0073,29,-0.17579293055734113,3.9312163616332634,1.1612206914184209
R029_0074,29,-0.60089704840187519,0.81328317753802737,0.60615038988949455
R029_0075,29,-0.87814061755140926,-0.507937425534009,-0.14356847694852859
R029_0076,29,-0.022486380696178365,1.5114849204849545,1.2417420113038273
R029_0077,29,0.46735473139372496,0.86020392449776972,1.3263186935582456
R029_0078,29,-0.83216044606109207,-1.2233276460815397,0.0071778683113570274
R029_0079,29,-0.53304227822633354,1.1013289456714785,0.73674304569174709
R030_0000,30,0.64061764071982297,2.1844545477274147,1.3636007202462508
R030_0001,30,-0.71520958602131168,0.8666406397843377,0.34164752638569196
R030_0002,30,-0.088631811853256304,0.6656070857815477,1.2125649753793066
R030_0003,30,-0.87670144505319114,0.90825990012613156,-0.13867768785088352
R030_0004,30,-0.057947563542596559,3.2799743632911866,1.2270539752025325
R030_0005,30,0.68542461271869648,0.74351187238619321,1.3790563488812726
R030_0006,30,0.38131290542159291,1.737384989797691,1.3159919064667045
R030_0007,30,-0.073666138812800375,2.2344684384767479,1.2198470033827891
R030_0008,30,-0.2952510045040444,1.1482771659869551,1.0619788103471539
R030_0009,30,-0.74324617672115134,1.0164212402588377,0.267617493536769
R030_0010,30,-0.76114349771130119,0.34556349247507506,0.21837488099907842
R030_0011,30,0.76368141108320398,1.5200273372537536,1.4139210951840986
R030_0012,30,-0.31001713026300148,0.39055357590379403,1.0470640844197696
R030_0013,30,-0.70318050651094488,1.0050620752797483,0.37226723950638618
R030_0014,30,-0.72292918097085357,0.15581620141509656,0.32163832083802468
R030_0015,30,0.11562153255231733,1.2738836819617323,1.281600533164913
R030_0016,30,-0.16547644420181884,1.2235081690576064,1.1681480410504457
R030_0017,30,0.77976722573523483,2.1946062647973488,1.4224862846513888
R030_0018,30,0.89323732127733435,1.5185580726336203,1.4987457754132112
R030_0019,30,0.84308578643542242,2.1939752296658943,1.461429806094801
R030_0020,30,-0.23960491529257189,0.44384431495261112,1.1127635118080244
R030_0021,30,0.69328250823552229,1.3545744575828427,1.3820832100950944
R030_0022,30,-0.1286020614482497,-0.02190729739119579,1.1909902478859939
R030_0023,30,-0.55667377055592504,1.3170824423239722,0.69337098989209478
R030_0024,30,-0.47469769831812192,0.042809695816293569,0.83462683843706054
R030_0025,30,0.27812908538822212,2.0937234440851329,1.3054645097351267
R030_0026,30,-0.79542432780314098,0.13738561391737439,0.11962794293954104
R030_0027,30,0.0063767020297846866,0.82342043459879355,1.252201543432508
R030_0028,30,0.88840417514658854,1.6444280137853933,1.4948827051710711
R030_0029,30,0.94821334664137624,1.1137883347016513,1.5469533041874284
R030_0030,30,0.33918666685527477,2.7311910200181848,1.3116965948713537
R030_0031,30,-0.37418354368648465,2.0790693501884481,0.97473275502951551
R030_0032,30,-0.93157712871316467,-0.61866840122765598,-0.3332710447003191
R030_0033,30,0.42546169465381101,0.78253412431607572,1.3209104111683945
R030_0034,30,0.05145321550402282,1.7645649375792543,1.2661252146075257
R030_0035,30,0.58986493234091419,0.51382181086432077,1.3494257333639652
R030_0036,30,-0.54336210153737241,0.079894795069360147,0.71807384707171107
R030_0037,30,-0.30074761012207674,1.6902942154483449,1.056499724076952
R030_0038,30,0.60112041307075681,0.76175417104458742,1.3522920616485286
R030_0039,30,-0.10658062972614823,1.3426287654699587,1.2032691851685988
R030_0040,30,0.6557279907467688,0.4737898553989961,1.3684824449759962
R030_0041,30,-0.12949525705781917,1.266785122507704,1.1904712622573395
R030_0042,30,0.019011930689381451,1.4658058740227566,1.256388239556669
R030_0043,30,-0.8485187487223369,0.20069061710192204,-0.045159596933518342
R030_0044,30,0.81708450924826348,0.40281052800237438,1.4443900749113079
R030_0045,30,-0.73040302436989957,-0.40777760868920865,0.30199625483075154
R030_0046,30,-0.3969464603719417,1.2531455529430939,0.94598477349436849
R030_0047,30,-0.30626036536742673,2.30356843711452,1.0509179508524451
R030_0048,30,-0.5360179005853789,0.69503195974364684,0.73140277887290717
R030_0049,30,-0.26033047487381022,1.0908840651915994,1.0948230375377923
R030_0050,30,-0.7557350583903184,-0.68071835003147596,0.2334207925697025
R030_0051,30,-0.5882042555616358,-0.39983503882302474,0.63200827135189019
R030_0052,30,-0.39356076372883719,2.6444385184113135,0.9503671845512548
R030_0053,30,0.39282622016589963,-0.20756180886035569,1.3172183267970115
R030_0054,30,-0.86982612724421249,-0.21651925876407352,-0.1154684627877276
R030_0055,30,-0.077169935607829476,0.56906527626444536,1.2181794515756665
R030_0056,30,0.31350146216061447,1.3152643047516286,1.3091220740413196
R030_0057,30,0.89778170874468399,2.5903394138937328,1.5024317212961691
R030_0058,30,0.027125278174448431,0.77215285444844817,1.2589569805164744
R030_0059,30,-0.73719819777039386,0.059988884545504662,0.2839057902969373
R030_0060,30,0.5246556605811894,1.1784088793083076,1.3354957491055672
R030_0061,30,-0.70193929507076636,0.87343538406900056,0.37538816460334767
R030_0062,30,0.43015125985882108,0.68815247975967542,1.3214735612033104
R030_0063,30,0.36881799135637028,0.27696165155150343,1.3146930875853282
R030_0064,30,0.82948350391350534,1.5485431406837775,1.452327230161077
R030_0065,30,0.42653109809148049,0.62277539727472664,1.3210380120783174
R030_0066,30,-0.42329396734314018,0.20460969076027569,0.91058011843567155
R030_0067,30,-0.84307237106803123,0.17250359222250233,-0.027577155663195185
R030_0068,30,-0.74536909886787073,1.0881997010239823,0.26185811511294177
R030_0069,30,0.22672179876395515,1.0668662278681524,1.2995411460842758
R030_0070,30,-0.43272133800414037,0.9007722978627557,0.89734213967137277
R030_0071,30,0.32406058213967337,0.77857779092556612,1.3101832380111593
R030_0072,30,-0.49397773275646806,0.70649155157913124,0.80369418116005953
R030_0073,30,0.93478445584008019,3.6752296838460659,1.5344344776553489
R030_0074,30,0.063544556330417334,2.3013091732301998,1.2694046021662777
R030_0075,30,-0.75238275296276558,-0.31856911070179617,0.24267466858061582
R030_0076,30,-0.93397767901230244,1.6933398067977381,-0.34216948371425215
R030_0077,30,0.78358331659391967,1.1997894968636749,1.4245938213447669
R030_0078,30,0.28524028884098573,1.516691089775448,1.3062183793836379
R030_0079,30,0.12435302720086283,2.2325245778901799,1.2833680191230961
R031_0000,31,0.51087050819561197,1.3788414000002729,1.3330617339716873
R031_0001,31,0.22864373868314258,0.23878089325212981,1.2997816101481943
R031_0002,31,0.54013115311297732,1.6781705254459731,1.3384237271256767
R031_0003,31,-0.6574853540467025,0.46340533060596745,0.48249810910421875
R031_0004,31,-0.33959019422003633,-0.353952929299582,1.0152807690754773
R031_0005,31,0.48690650460004181,2.3463192639010049,1.3291849132977531
R031_0006,31,0.21838216504946328,2.2421538520146402,1.2984767904645658
R031_0007,31,0.36517975548011261,2.3054780486689017,1.3143199771779019
R031_0008,31,-0.16060341946256895,0.89855486901130122,1.1713368212235515
R031_0009,31,-0.68881322219808405,0.41937013244462862,0.40795500162346965
R031_0010,31,0.67928184786282331,1.3871846818669948,1.3767583984497476
R031_0011,31,-0.4365410532185221,1.0255280859526135,0.89189146660090901
R031_0012,31,0.12832062020373725,1.8919325387793142,1.2841472938677405
R031_0013,31,0.71046348029386452,1.0543198679749262,1.3890527346557175
R031_0014,31,-0.99628350978508906,-0.89749664667176077,-0.58480378851746062
R031_0015,31,-0.8830276002047428,-0.32202962236856481,-0.16026042792371542
R031_0016,31,-0.94991246872864554,-0.57448226991432316,-0.40207316092817535
R031_0017,31,-0.16889433097871076,1.1905797455800515,1.1658796924139903
R031_0018,31,0.53454828328616966,0.78112620686596668,1.3373426171937184
R031_0019,31,0.27397030261056443,0.58570507261967097,1.3050179129102768
R031_0020,31,0.97487295295224019,1.4205442273608089,1.5732954026680974
R031_0021,31,-0.43905532918638124,1.202965523356752,0.88827606397931125
R031_0022,31,0.03182306316911121,0.27375131065292924,1.2604027121845554
R031_0023,31,0.26008841154480522,0.85209717439823596,1.3034919096449518
R031_0024,31,-0.21698912440916707,0.33250964297450869,1.131078013836718
R031_0025,31,-0.0013432862639419785,2.2776284386285717,1.2495284946762426
R031_0026,31,0.68619553065344152,0.056850841720127221,1.3793489429018202
R031_0027,31,-0.3785177583939523,1.6945098244969716,0.96938771876829022
R031_0028,31,-0.64205678427103763,1.2480617755477459,0.51759280920327921
R031_0029,31,0.73193485088740928,2.0008975799759674,1.3984695673125076
R031_0030,31,0.2064318456913421,0.86682416534096929,1.2968882473626155
R031_0031,31,0.33009705040611714,1.3222137184611225,1.3107874573969167
R031_0032,31,0.6022111112274553,1.6324276778990603,1.352577830434468
R031_0033,31,0.0012744051275435098,1.9035529028005287,1.2504448252656475
R031_0034,31,0.60406081492990071,-0.16287937636415206,1.3530657562353035
R031_0035,31,-0.91857823031042085,0.013927395426181044,-0.28565441851461038
R031_0036,31,0.23134197736925199,0.3007449870944453,1.3001162718457921
R031_0037,31,-0.89890571545757747,0.21744024855029898,-0.21539870466432731
R031_0038,31,0.46764940572692271,0.79409685639707328,1.3263600961353057
R031_0039,31,0.90524518542165944,2.1486628964302028,1.5085993510002407
R031_0040,31,0.036337884654360053,1.2483173919980222,1.2617639147811934
R031_0041,31,-0.18465141881994107,1.7961174077810946,1.155077967192067
R031_0042,31,0.33427895898099425,1.5804676777691755,1.3112056743100666
R031_0043,31,-0.17444507308643042,0.16138197872284832,1.1621394973345522
R031_0044,31,0.36357507249423104,0.31798557686638018,1.3141560285041498
R031_0045,31,0.7691732150301418,2.3458773350848237,1.4167880312682968
R031_0046,31,0.88808416283384872,2.0853943960358285,1.4946289886573916
R031_0047,31,0.19733911748765065,0.98009637863154486,1.2956253382296712
R031_0048,31,0.37351838763633616,-0.33212571405758418,1.3151782858237138
R031_0049,31,0.63113312587595094,0.56367028638070027,1.3606988079831712
R031_0050,31,-0.017571297285175813,1.8218060024413829,1.2436144142240131
R031_0051,31,-0.29645262932358407,1.8921202492593103,1.060788340612592
R031_0052,31,-0.62158097575910309,0.1268671991890431,0.56255760073664907
R031_0053,31,0.38565284942202571,0.22804017853781033,1.3164504746249208
R031_0054,31,-0.38799729152182216,1.1271869444809506,0.95748713771631799
R031_0055,31,-0.91306999992674021,-1.1227265971349114,-0.26576478834518236
R031_0056,31,-0.5700185744711741,1.4332611962617539,0.66789428865820544
R031_0057,31,0.96440425377689865,2.1002958653267547,1.5627114384948086
R031_0058,31,-0.15507446985171924,0.31926089091960996,1.1748909334067392
R031_0059,31,0.29375959039366606,2.2002280076889922,1.3071072550480909
R031_0060,31,-0.039367884713334078,0.45442600215531781,1.2350131074334176
R031_0061,31,0.44437686440290203,-0.11647874953629533,1.323242394720588
R031_0062,31,0.74282224303373634,1.4151623021897528,1.4035576858217227
R031_0063,31,-0.49724810054074653,0.42392224279892904,0.79831084919856943
R031_0064,31,-0.26253598711897941,0.1358286019197279,1.0928470479660786
R031_0065,31,0.47964099133773375,1.1180049928413416,1.3280907656125986
R031_0066,31,0.99485202944296769,1.6783202599585569,1.5943768824664528
R031_0067,31,-0.45165344804800367,1.5934164210778314,0.86982829161175146
R031_0068,31,0.074571068639828653,0.92723808807767805,1.2722402493906428
R031_0069,31,-0.46896120070441172,0.93112852618512132,0.84356804283702713
R031_0070,31,-0.16277416334689998,1.7138993915663268,1.1699228932637882
R031_0071,31,-0.086109773378503673,1.3762395976562167,1.2138215384425544
R031_0072,31,-0.42668292336808245,-0.59960917196034114,0.90585635777988682
R031_0073,31,0.32268116257544821,2.4726833274461004,1.3100449875190121
R031_0074,31,-0.10004852459351654,0.88382658504694578,1.2067246436040315
R031_0075,31,0.29929057706134632,0.92716260292408537,1.3076772461349409
R031_0076,31,-0.036549905211413769,0.2249513717403353,1.2361689913554146
R031_0077,31,0.52318157083051919,0.53986236450891956,1.3352278677950362
R031_0078,31,0.98699741336469948,1.6020278980151588,1.5859491068562186
R031_0079,31,-0.91220823748686297,1.2467233601355354,-0.26266847014252637
R032_0000,32,-0.03232782989632943,1.3117580047344457,1.2378761040124089
R032_0001,32,-0.97720376676498089,-0.54724617699650069,-0.50808556362656865
R032_0002,32,-0.71027143202419585,-0.12836699135185425,0.35429963573025125
R032_0003,32,0.96530530340901533,0.6271338004240059,1.5636100946307909
R032_0004,32,0.61314745425954831,0.095894070962325939,1.3555237558974491
R032_0005,32,-0.53980930578741293,2.0569856382574545,0.72454824830886466
R032_0006,32,-0.86811821137594403,-0.14724272645868913,-0.10974273936317558
R032_0007,32,0.05919536908135159,2.6935631775976168,1.2682458798899905
R032_0008,32,0.87302497762600129,2.2995176780049924,1.4829760788649471
R032_0009,32,0.7419703986193138,3.6149982714186777,1.4031517833863971
R032_0010,32,-0.72198091558799193,0.80934252691091002,0.32411144499450018
R032_0011,32,0.087962269149070238,1.558580745762326,1.2754942204662738
R032_0012,32,0.9461887406253755,1.6649235187753841,1.5450342281452261
R032_0013,32,0.25121172728451291,2.7116158778172057,1.3024835819985761
R032_0014,32,-0.86621464080179567,0.12439893528575105,-0.10337967411488158
R032_0015,32,-0.98440491578723455,0.027741631893507868,-0.53678693006131173
R032_0016,32,0.56147023290614229,2.8884940616157904,1.3428300870063363
R032_0017,32,-0.38308681465644456,-0.51070334191964017,0.9636879092531504
R032_0018,32,-0.57643174633151273,-0.44610158730071436,0.65539394959927999
R032_0019,32,-0.71939657093598952,0.22225938971201339,0.33082988040646466
R032_0020,32,0.57193177262554395,1.6450902012833686,1.3451583714688178
R032_0021,32,0.66352773320475911,0.8566864284731589,1.3711309619923076
R032_0022,32,-0.39696210140024957,0.99843479414675385,0.94596444062681662
R032_0023,32,-0.27694866514302396,1.6019937269728706,1.0796109559267775
R032_0024,32,0.34179911866504908,2.2050892325767508,1.3119581446983692
R032_0025,32,0.55823762399365084,1.236932662428766,1.3421336116719027
R032_0026,32,-0.25908967182682496,2.1681569533869869,1.0959289980180731
R032_0027,32,0.37517422295338476,0.81124362813532158,1.3153501369533698
R032_0028,32,0.89718554752866919,1.9019631496884148,1.5019451955790304
R032_0029,32,0.65077121449238495,1.4795320392801286,1.3668453008380079
R032_0030,32,0.60123561685750815,2.245067765717184,1.352322177847221
R032_0031,32,0.84021070961591349,0.87329864536054858,1.4594708274570976
R032_0032,32,-0.52366945495890227,1.9197771842943334,0.75333912983539697
R032_0033,32,0.74843461335517003,1.4721101694645111,1.4062655265836099
R032_0034,32,0.68187738955862787,1.6747482891621972,1.3777221392367021
R032_0035,32,-0.015391511129392521,1.9179048283793274,1.2444325624728276
R032_0036,32,0.44476974202251429,1.1913158755082895,1.323292621088672
R032_0037,32,0.92997103289921945,1.5423607187513195,1.5300666510444834
R032_0038,32,0.13410114215610913,1.0641920762448649,1.2852567298382487
R032_0039,32,-0.054167145902424663,1.8513997959588753,1.2287217411205356
R032_0040,32,-0.048953889355102476,0.1572940938408236,1.2309807883803627
R032_0041,32,-0.43963049012361877,2.0498335458043373,0.88744592593980087
R032_0042,32,0.88542080197448048,0.98564041403601366,1.492527290578848
R032_0043,32,-0.22000325795744113,1.1351521588274536,1.1287114297841598
R032_0044,32,0.77154428287832189,2.0808403402429212,1.4180440600872599
R032_0045,32,0.31662339153344732,1.5114054167157054,1.3094366175916536
R032_0046,32,-0.29764716340802888,1.7743347354177761,1.0596008398801056
R032_0047,32,-0.77974311491358628,0.29975306342194652,0.16552795003403564
R032_0048,32,-0.84132036183052872,0.9775710187754848,-0.021954593173853398
R032_0049,32,0.6504397966872375,2.5041739229091768,1.3667370966726335
R032_0050,32,0.015932021294490895,1.2408153649081566,1.2553888684865655
R032_0051,32,-0.40024813229363954,0.18813132486034467,0.94167484509397614
R032_0052,32,-0.28556496630727835,2.5015151430854439,1.071426449618335
R032_0053,32,0.61056422040905023,1.0575608139836015,1.3548145432051233
R032_0054,32,0.40731312020758792,1.8212923019826095,1.3188127588206351
R032_0055,32,0.36852133079833793,1.9543218505150421,1.3146625880638729
R032_0056,32,-0.3586308787455128,2.2684457832544318,0.99342283139001331
R032_0057,32,0.13686487701451289,1.836029957444991,1.2857765251337199
R032_0058,32,0.99559603024538146,2.6179481226285053,1.5951846616332406
R032_0059,32,0.43299397636385661,0.81151616537956806,1.3218195657647485
R032_0060,32,-0.34055382930983535,0.50615552202430114,1.0142011909713873
R032_0061,32,-0.67173976254280232,-0.7527220005006553,0.44913133120116855
R032_0062,32,0.084184403392239204,0.65389737491016797,1.2745967428762328
R032_0063,32,-0.38058976013025991,0.30640435780656139,0.96681124921368977
R032_0064,32,0.67211367515821663,2.1389522879575273,1.3741510488295492
R032_0065,32,0.2236222339551035,2.7809229098772752,1.299149595853567
R032_0066,32,0.039024812638356776,0.84147014074668891,1.2625610566414185
R032_0067,32,0.84127433744912339,1.3021449155628579,1.4601933438945729
R032_0068,32,-0.80666542061917434,0.46399003806156169,0.085956879279349918
R032_0069,32,-0.084745555556318131,1.7288718823047167,1.2144962288583168
R032_0070,32,0.21966222957222548,-0.1889125683862265,1.2986424322702981
R032_0071,32,-0.81544553540616183,-0.36924947882588011,0.059206745929354598
R032_0072,32,0.4775818908749494,1.7700831189072608,1.3277870715944473
R032_0073,32,0.20552350489034699,1.8937096259249533,1.2967642643406647
R032_0074,32,-0.68787970046736135,-0.10557526846455334,0.41024083858825655
R032_0075,32,0.19289689972984059,0.54455687066813541,1.2949901609670995
R032_0076,32,-0.00048426566427606232,1.6378141267213189,1.2498303310474033
R032_0077,32,0.55222976093380916,2.0018394937456554,1.3408671766755034
R032_0078,32,0.99940003522416943,1.7432323588255239,1.5993405785212134
R032_0079,32,0.39814155282809538,1.9834030020506643,1.3177960840709095
R033_0000,33,-0.58722846934231487,1.4348204724611313,0.63396838035700376
R033_0001,33,-0.055828806229699657,3.5395773340368528,1.2279917683701156
R033_0002,33,-0.5460154127164023,0.74475358657258872,0.71320614181545994
R033_0003,33,-0.34940653364547547,0.81273655741478168,1.0041510658698822
R033_0004,33,0.44173700896238977,-0.3872657978515428,1.3229068963843864
R033_0005,33,-0.055390000739659495,0.65705867671020146,1.2281850060451944
R033_0006,33,0.046694232199328667,0.84922011666848707,1.2647840751523844
R033_0007,33,-0.79678423194261461,-0.3224318587142877,0.11558880146396433
R033_0008,33,0.46901920436084565,0.9277192701512198,1.3265532475944608
R033_0009,33,0.19013612986126094,1.586877565961935,1.2945891496144979
R033_0010,33,-0.076527402617141194,1.229171493722943,1.2184869427718175
R033_0011,33,0.71470977536890201,0.47855107596541913,1.3908515831646111
R033_0012,33,0.32397002376586337,2.2219537426497276,1.3101741644823544
R033_0013,33,0.2051747935229653,1.5998671076948296,1.2967165414766733
R033_0014,33,-0.82541557753888584,-0.7612380196011872,0.028347933701179606
R033_0015,33,-0.66957815813002797,-1.0707467034399927,0.45425001490143413
R033_0016,33,-0.5255138116078939,0.087727863484163504,0.75010029210975315
R033_0017,33,-0.52311204334327699,-1.2702829462190293,0.75431540640493788
R033_0018,33,0.50950690895718953,1.8135740046650994,1.3328294101349842
R033_0019,33,-0.82788222558773827,-0.045991492288176977,0.020633471189589692
R033_0020,33,-0.57452315431961543,-1.3000377421851974,0.65913165798914974
R033_0021,33,0.98772835942236559,2.469399414103683,1.5867256990894298
R033_0022,33,-0.38269923051381305,0.51489476894641117,0.96417401940190839
R033_0023,33,0.2545087327719715,2.5212658391905327,1.3028613293433171
R033_0024,33,0.73273674829806401,2.0444739177171796,1.3988370021579715
R033_0025,33,0.33722085583166961,1.4779054681700385,1.3114999074245481
R033_0026,33,-0.80600380187454235,0.25616482629272663,0.087956553712751795
R033_0027,33,0.040428995490158437,0.52145231740604003,1.2629738316706178
R033_0028,33,0.24733566658272643,1.7248790398759657,1.3020343412626001
R033_0029,33,0.14972042453583057,0.87633540520346598,1.2881071173007095
R033_0030,33,-0.7898674820002316,-0.0050499706575370673,0.13603520583413586
R033_0031,33,-0.20734303068968263,1.8250221960478061,1.1385011562172731
R033_0032,33,-0.44148331846698463,1.6183140533794247,0.88476388396979777
R033_0033,33,0.49203086611340896,0.72740984501436723,1.3299784513316109
R033_0034,33,-0.89974187579734299,0.81401798142044357,-0.21834094237623081
R033_0035,33,0.995447094550578,1.2895038139444934,1.5950228266449777
R033_0036,33,0.11286048580120256,2.2493423645476271,1.2810262225078874
R033_0037,33,-0.81360392590526676,0.38949583767776613,0.064850452976884077
R033_0038,33,-0.19369596354993779,0.74148770718618784,1.1486174858183156
R033_0039,33,-0.84526465680848872,1.3513201020443337,-0.034635547903519859
R033_0040,33,0.7046929208549404,2.4736916106398361,1.3866571475526164
R033_0041,33,0.8831521525699102,0.11285021112500759,1.4907509674959587
R033_0042,33,0.24463633227675152,1.0390433467754625,1.3017180660146115
R033_0043,33,-0.70803780775396175,-0.30866988308362808,0.35998478685376045
R033_0044,33,-0.96576377921006262,-0.14882537591064104,-0.46311775451430814
R033_0045,33,-0.7554852155910956,0.93564681972205122,0.23411236874214292
R033_0046,33,0.65490159198005071,0.51117076480836743,1.3682070374540913
R033_0047,33,0.76221861292684778,0.93609118562650884,1.4131673386915227
R033_0048,33,-0.66855605648834526,-1.0515930292703606,0.45666300793534598
R033_0049,33,-0.70086522546613339,1.7026118388088638,0.3780830322550861
R033_0050,33,0.78950596520324767,0.30310948861111564,1.4279232837347002
R033_0051,33,-0.54750633316600461,1.9969141121650296,0.71045871312986841
R033_0052,33,0.078283017928838072,0.16898010055929369,1.2731626854098888
R033_0053,33,0.12842751367263583,0.45418860334318834,1.2841680866441181
R033_0054,33,0.53395152066834273,1.9367053432645236,1.3372287388519575
R033_0055,33,0.14712831450308417,2.6748439145860283,1.287648490760164
R033_0056,33,0.44167589789950745,1.9924923181612462,1.3228991703785205
R033_0057,33,-0.72956975410649449,0.4925674293352405,0.30419938807897551
R033_0058,33,0.16887631940218051,2.0160655762550808,1.2913294679213692
R033_0059,33,0.21575596489060289,0.97773483277980544,1.2981342935245843
R033_0060,33,-0.33162825888905489,1.7070512985897868,1.0240934469104828
R033_0061,33,-0.7028275384406073,0.12180067063103683,0.37315547978411145
R033_0062,33,-0.57826618230800886,-1.2639085684600195,0.65178741051996369
R033_0063,33,0.45551860483977591,0.034910569424762228,1.3246977382463625
R033_0064,33,0.21915970081138192,-0.11927838597627138,1.2985775049333887
R033_0065,33,0.077375100382773621,1.4943804510172847,1.2729385336133279
R033_0066,33,0.088552321440975801,1.210229860522994,1.2756329654567344
R033_0067,33,0.90372681502225238,-0.06438066352325289,1.5073330528440407
R033_0068,33,0.35979402371105862,-0.45238674644116861,1.3137710753480634
R033_0069,33,-0.042444155520826365,1.1249835570629412,1.2337360682529213
R033_0070,33,-0.88537092675073059,0.091351803006199439,-0.16831061855681018
R033_0071,33,0.90628617636102526,0.022254567324530683,1.509470949277298
R033_0072,33,0.88330844929981622,1.6038217305235345,1.4908729367787139
R033_0073,33,0.35843081669074994,0.45328591436089138,1.313632715818063
R033_0074,33,0.29080414004110322,2.3723965570586349,1.3068004988382589
R033_0075,33,-0.16819738629143033,1.3776634691344347,1.1663443706793395
R033_0076,33,0.3738287083022529,1.0189051375732689,1.315210454134736
R033_0077,33,0.3444489852483712,0.74665136940674037,1.3122237063710491
R033_0078,33,0.2062740575566997,1.0695834359957908,1.2968667441465225
R033_0079,33,-0.59004444064926953,1.7696251255400166,0.62830105466755926
R034_0000,34,0.38266334448581585,1.587136174468996,1.3161341438131
R034_0001,34,-0.47691049443110356,0.26790451774940494,0.83114592533100828
R034_0002,34,0.017345994873292137,2.7364734679755536,1.2558493498952767
R034_0003,34,-0.69655504839699178,-1.2123887431392093,0.38884342966639829
R034_0004,34,-0.10445557567546571,1.2965009100871072,1.2044025395192517
R034_0005,34,0.15385478828643406,0.43319831205491288,1.2888271606531623
R034_0006,34,0.30772408185743849,0.14360865624603747,1.3085375894047349
R034_0007,34,0.14758101580914507,2.1174060061196656,1.287728991548132
R034_0008,34,-0.13927090999771852,1.5705290637247555,1.1846818774366248
R034_0009,34,-0.71804897394269873,-0.027758570575155683,0.3343206282137734
R034_0010,34,-0.55424442613088054,0.50362606186815895,0.69793182429594836
R034_0011,34,0.07008934370811426,2.4626294865136664,1.2711051194938934
R034_0012,34,-0.22206545473450889,1.489077107975572,1.1270792448528044
R034_0013,34,0.60076922801429067,1.2933353637803897,1.3522003546521293
R034_0014,34,-0.94269097636398014,-0.38620915374368947,-0.37474480960318046
R034_0015,34,0.45523200124464025,1.7408511988344464,1.3246594732097619
R034_0016,34,0.47622492111152614,1.414734096879247,1.3275884408461418
R034_0017,34,0.86662891645505402,0.78441325009226148,1.4781942887756829
R034_0018,34,0.77609727965773612,2.3917969857411778,1.4204870596039199
R034_0019,34,0.39286530232723216,1.4051793448374919,1.317222546454617
R034_0020,34,-0.9163184370933759,-0.47120424474922229,-0.27747391236082697
R034_0021,34,0.38104763901779481,0.84126453249836508,1.3159640134378305
R034_0022,34,-0.87794482894471426,-0.85671857122129447,-0.14290245855820194
R034_0023,34,-0.81998472864228455,-0.16000787230407609,0.045221232177089288
R034_0024,34,0.17016145377008285,0.93157124655963419,1.2915355770629739
R034_0025,34,0.20607770383958024,0.42419444614090596,1.2968399653682272
R034_0026,34,0.63556271406949993,1.2899215324321922,1.362038861937515
R034_0027,34,0.3297619684408617,3.524532016232452,1.3107539404582398
R034_0028,34,-0.16883236761915188,3.2102794159425945,1.1659210500686208
R034_0029,34,-0.89958538763008278,0.62222647926232111,-0.21779000490549461
R034_0030,34,0.042565779989550689,1.7269657415581063,1.2635969807434759
R034_0031,34,0.37602160790906525,0.10314800709847938,1.3154382813417322
R034_0032,34,-0.51558525560609447,0.0035481279689877354,0.76738123544810377
R034_0033,34,-0.96533538069234548,-0.86647508014777008,-0.46144872764736
R034_0034,34,0.36648630463445886,0.17284646851630425,1.3144537375493051
R034_0035,34,0.79405701248823268,2.4012940440314949,1.4305305649979203
R034_0036,34,0.70782265592573568,2.5764275984534155,1.3879494630397247
R034_0037,34,-0.82280858414179714,0.13216075759731327,0.036466843755978973
R034_0038,34,0.35008982456935067,2.2926651609045949,1.3127902889004015
R034_0039,34,-0.39632542031737694,-0.44774500321275856,0.94679145741220139
R034_0040,34,-0.095839538705171146,-0.10417957226026231,1.2089070183357526
R034_0041,34,-0.74750446077990396,0.57771708262126498,0.25604291877346008
R034_0042,34,0.12245030381471622,0.84961759038451046,1.2829890706111795
R034_0043,34,0.81774847227023773,0.86623647204279786,1.4448065505073953
R034_0044,34,-0.42997264248947964,1.6707624726756625,0.90123335084586298
R034_0045,34,0.50158755075684747,-0.15708729847998981,1.3315089251178638
R034_0046,34,-0.46260623234576825,0.42225474687592041,0.85333455334559272
R034_0047,34,0.63995387947981253,0.50727005003337444,1.3633936303135368
R034_0048,34,0.22538820280440097,-0.1915281760021541,1.2993732533211504
R034_0049,34,0.81783449963579402,0.59360600930650009,1.4448605820873854
R034_0050,34,-0.63203110271004936,0.80882047666579093,0.53983669845125493
R034_0051,34,0.25591146257765107,-0.086989392235548024,1.3030208655337252
R034_0052,34,-0.47033988187581088,-0.38765987545969394,0.84143003600040844
R034_0053,34,-0.73055784185325434,0.17815593471093294,0.3015865575475809
R034_0054,34,-0.56503846530787016,1.8309849170077999,0.67748596310539588
R034_0055,34,-0.99073148860883187,-0.84416265263098689,-0.56225622204572323
R034_0056,34,-0.0031663667918402361,1.7593372376370153,1.2488842284046535
R034_0057,34,0.046282707234472698,0.58892351023307188,1.264666737048511
R034_0058,34,-0.12973300144588595,1.6892206090478448,1.1903328425283102
R034_0059,34,0.5896669536371284,0.57325282390769539,1.3493766435951007
R034_0060,34,0.33510017659392255,1.8062522031002501,1.3112877995738825
R034_0061,34,0.26071036123347069,0.7488385647406941,1.3035615485019567
R034_0062,34,-0.5273577149453581,2.2065359551096435,0.74684910854032016
R034_0063,34,-0.15821944020535872,0.98283620672927785,1.1728775756203835
R034_0064,34,-0.34186231253859889,1.8154247639578476,1.0127307645462427
R034_0065,34,0.032669575929821004,-0.38596039436536622,1.2606600268898467
R034_0066,34,0.62054864892728534,2.2205239556407075,1.3576025043583388
R034_0067,34,-0.90494816640403797,-0.4681137069429171,-0.23674795109607016
R034_0068,34,-0.62784825184330573,0.086688426175762445,0.54898780066389741
R034_0069,34,-0.33978590031645606,2.1905505146673434,1.0150617436173062
R034_0070,34,-0.5880447065104546,-0.98854501734496447,0.63232903516836669
R034_0071,34,0.96015912525378266,2.13224847032527,1.5585085513050361
R034_0072,34,0.31717970832787667,2.4222991394766464,1.3094925872702199
R034_0073,34,0.72374566755906278,1.7721082713540497,1.3947828548587862
R034_0074,34,-0.96304511105541346,0.58277660906546092,-0.45254409581189825
R034_0075,34,0.28229081231666764,0.82369597027058483,1.3059071217082949
R034_0076,34,0.6437153080475766,0.53959702199895532,1.3645752528754374
R034_0077,34,-0.80781045099517246,1.0043751044103131,0.082490836158772396
R034_0078,34,-0.82484253929361384,0.77862649875860668,0.030135571815170792
R034_0079,34,-0.97768785646180989,-1.2677429441224843,-0.51000537597114137
R035_0000,35,-0.95721327460524464,-1.3283731944163788,-0.43000779012369805
R035_0001,35,0.56027165848587646,-0.23082492817452271,1.3425706072217407
R035_0002,35,-0.47584494371458685,0.53070189492092301,0.83282435118324949
R035_0003,35,-0.68452196659371123,1.4831056880069791,0.41842956051834768
R035_0004,35,0.64876714178359496,1.751846791560294,1.3661933820946903
R035_0005,35,-0.95390377046004637,-0.57304760406405841,-0.41730658491165973
R035_0006,35,0.30795105496824582,0.87029711029485157,1.3085606186835606
R035_0007,35,-0.94052734462259302,-0.68774870954152312,-0.36661533722451445
R035_0008,35,-0.55864097293414616,1.2895839317930631,0.68966046120990132
R035_0009,35,0.41312108698823691,2.7838580848693937,1.3194708382307929
R035_0010,35,-0.072360209406031384,0.38913192000411234,1.2204627682417284
R035_0011,35,0.97416524102745461,1.4103101495619306,1.572569985024622
R035_0012,35,-0.65941361916347629,1.3071735717676924,0.47803769384208072
R035_0013,35,-0.074103032161521254,2.02678058435857,1.2196403049842348
R035_0014,35,-0.026557870765143932,0.28867981476659921,1.2401617059995091
R035_0015,35,0.70605419557546334,1.6807225683746421,1.3872172191080911
R035_0016,35,0.54985907309602911,1.6894716848678459,1.3403772815852131
R035_0017,35,0.21818554069546603,2.0508973474503969,1.2984512721884334
R035_0018,35,-0.62238882612451896,-0.90853761902955643,0.56081795620006636
R035_0019,35,-0.068379357888948,2.9799134233016726,1.2223206294008688
R035_0020,35,0.52926463862032036,1.2006610381376672,1.3363454580244156
R035_0021,35,0.58639072056693187,0.85995367849060367,1.3485708243830503
R035_0022,35,-0.6033506044366872,-0.063965126735188393,0.60107415089343641
R035_0023,35,0.057191578628146944,0.49758331575635684,1.2677041949703858
R035_0024,35,0.74772055106149127,1.7982654593371272,1.405917757626221
R035_0025,35,-0.6309119479681482,1.6823066371084119,0.54229258187875995
R035_0026,35,0.07874678816221059,2.1934773576822235,1.2732768183429308
R035_0027,35,-0.52527793654377475,0.99929894514291928,0.75051524014403315
R035_0028,35,0.18502065158746395,1.8648924532937792,1.2938330561490645
R035_0029,35,-0.18016531428405447,0.24808432624581511,1.1582114221644118
R035_0030,35,-0.75763591214939408,0.53354640467110914,0.22814912065559945
R035_0031,35,-0.48809827858211374,1.6076980269290004,0.81327228070121826
R035_0032,35,0.46022873200719161,1.1227534631117679,1.3253331453458783
R035_0033,35,0.87123671486953791,2.3427392766922761,1.4816291918862989
R035_0034,35,0.23090689793895836,1.2421894023909943,1.3000625373534473
R035_0035,35,0.46172810601351522,0.6117630037540267,1.3255380502088494
R035_0036,35,0.33514955012814318,1.4758110879623465,1.3112927372838807
R035_0037,35,0.1192111192895946,2.1214322203383071,1.282336031456272
R035_0038,35,-0.54065016263972265,0.72427404673647444,0.72302040879586105
R035_0039,35,0.81962748011071729,0.19837591928079812,1.4459903840776211
R035_0040,35,-0.97083408444660657,-0.4590035593342961,-0.48295309061795888
R035_0041,35,0.5539593651735506,2.1137153870915402,1.3412280833448995
R035_0042,35,0.26866800743503405,1.1239103775622623,1.3044417749140871
R035_0043,35,0.63601112867004717,0.089794788513866131,1.3621759987483013
R035_0044,35,0.79143134944970273,0.89636465704308899,1.4290211171920586
R035_0045,35,-0.74518025626710727,1.2897658399561716,0.26237132118616624
R035_0046,35,-0.84782220704834543,-0.17763917707832808,-0.04290218169737825
R035_0047,35,0.72401268562685273,1.8042122845131399,1.3949011928976587
R035_0048,35,-0.87975233235903882,-0.60951577058890793,-0.14905902638677127
R035_0049,35,0.45907579743923721,0.36148817538169453,1.3251764588722807
R035_0050,35,0.86993299621161557,1.443128152201457,1.4806521349120487
R035_0051,35,0.18648877400097263,0.97929075631328755,1.2940518125032969
R035_0052,35,0.51720539402397647,0.34088322631315648,1.3341607060503204
R035_0053,35,0.20221512388022567,0.79644818295823394,1.296308653462924
R035_0054,35,0.66560839878375289,1.1959346503999151,1.371852667522496
R035_0055,35,-0.18000599475933066,0.76779319860701434,1.1583218461897522
R035_0056,35,0.013513153284741009,-1.5860438117774565,1.2545945003460623
R035_0057,35,0.1962059985446627,2.2851504116371224,1.2954644805027251
R035_0058,35,-0.79586271116501717,-0.20167898661008532,0.118326897975366
R035_0059,35,-0.29502658500136181,0.27537460222596954,1.0622006936277986
R035_0060,35,-0.30933717692213536,1.6703094994135537,1.0477646340102804
R035_0061,35,-0.08164822392004889,0.45515224180953651,1.2160150704977581
R035_0062,35,-0.079116072442361851,2.6702289752323898,1.2172434483919257
R035_0063,35,0.33711747415934901,1.1708348190324738,1.3114895658345955
R035_0064,35,-0.67382924461707727,0.53088581323608974,0.44416334665739143
R035_0065,35,-0.3114757283091536,0.050856101436603796,1.0455567873361145
R035_0066,35,-0.054553462979093581,1.6198568159220064,1.2285524610992655
R035_0067,35,-0.92576244709572153,-0.93889752536164206,-0.31185282158089223
R035_0068,35,-0.099395482070137042,-0.5901122043074416,1.2070655044781611
R035_0069,35,0.52659088445963453,1.7049686204984895,1.3358502732157613
R035_0070,35,-0.24666728168983898,1.6007025789553839,1.1067765840972612
R035_0071,35,0.64929703964447416,1.7162510360649894,1.3663652003579032
R035_0072,35,-0.1322468292944281,1.2401492536662189,1.1888620210515546
R035_0073,35,-0.83014244223530698,0.11667573087218569,0.013536712498209535
R035_0074,35,-0.28649227057864257,-0.14247208805717615,1.0705333434729001
R035_0075,35,0.31627332278480469,2.0350895965108808,1.3094013861464886
R035_0076,35,-0.47486575820279575,0.83636070704541154,0.83436309157326649
R035_0077,35,-0.36743787122950766,2.021578183639698,0.98293280053883314
R035_0078,35,0.60766749178836799,2.0625907292084356,1.3540291602045269
R035_0079,35,0.99207308408393802,1.0611282714236996,1.5913742729145002
R036_0000,36,0.40419436074484638,1.1914436784012139,1.3184640739237203
R036_0001,36,0.6833680430378406,2.2375000359605854,1.3782803998926494
R036_0002,36,0.61811065956615474,0.70308890579357719,1.3569100242489376
R036_0003,36,-0.72903299815802436,0.83942296676001471,0.30561679051445112
R036_0004,36,0.55728985561789379,2.8583596319614104,1.3419314238320603
R036_0005,36,0.53410938976309286,2.1131871028671192,1.3372588332019204
R036_0006,36,-0.61689391728893472,1.1169881295625883,0.57259556485865737
R036_0007,36,0.58759089272249243,1.6579761375175215,1.3488645905528347
R036_0008,36,-0.72473004187271317,-0.13268672420492306,0.31692981519991825
R036_0009,36,0.10060831142336268,0.60605102871828787,1.2783851551880605
R036_0010,36,0.49560011320322217,0.55888049750148394,1.3305422141388887
R036_0011,36,0.98839238151018471,0.93860552812188847,1.5874325518916219
R036_0012,36,-0.67207256872204701,0.68762089351311595,0.4483413692969872
R036_0013,36,0.2584771881708694,2.2818065275074648,1.3033109075177365
R036_0014,36,0.066950372029283001,2.3141647873331546,1.270295937340389
R036_0015,36,0.88733428520120405,1.834758542137561,1.4940354616218563
R036_0016,36,-0.74693058439683768,1.2024772910869503,0.25760792437750513
R036_0017,36,-0.12348141592098427,1.5864098745035367,1.193933657377346
R036_0018,36,0.15147071379645194,-0.0026241985262742684,1.2884136542592495
R036_0019,36,-0.90207662136416489,-0.062463942360301034,-0.22657687226032475
R036_0020,36,-0.47373358479289496,1.1391901252627101,0.83613789810099726
R036_0021,36,0.57349363173710111,2.3646056695549715,1.3455159295033177
R036_0022,36,0.85469385326954961,1.9708631192664807,1.4695330710096446
R036_0023,36,0.48227790928077363,1.7689345705169779,1.3284837629294277
R036_0024,36,-0.9335473365343292,0.13109093831151797,-0.34057186018332763
R036_0025,36,-0.17157690197748954,0.031010919071100096,1.1640808672146896
R036_0026,36,-0.25491076557847347,0.86960957698934938,1.0996236279771527
R036_0027,36,-0.75012820112034939,0.25303935786311965,0.24886735874136434
R036_0028,36,0.47642655525569166,1.3008585360442346,1.3276178805140204
R036_0029,36,-0.13545929910198184,1.4123334227931967,1.1869631494951534
R036_0030,36,-0.59108951389940256,0.55146926879227398,0.62618939876368962
R036_0031,36,-0.33726106613950635,1.450928890646332,1.0178785300628359
R036_0032,36,-0.3872438829806335,0.67928984028961392,0.95844358447741596
R036_0033,36,-0.21020655487283069,2.021565629521429,1.1363213434378423
R036_0034,36,0.11266868902205496,1.842020419442862,1.2809860480270092
R036_0035,36,-0.14458576696562364,0.32464012917159712,1.1814492696891308
R036_0036,36,-0.25996753877344547,2.3016332008000076,1.0951469572535035
R036_0037,36,0.18226634194969749,0.93760386741774093,1.2934187603890654
R036_0038,36,0.32294187814185049,1.6302297703137696,1.3100711240217193
R036_0039,36,0.95060119535810905,-0.14332070141828712,1.5492312689693168
R036_0040,36,-0.97156259364760822,-0.299903661487535,-0.48581544449434455
R036_0041,36,0.014418162073648322,0.55798194858142836,1.2548926921499797
R036_0042,36,-0.67065479531052863,1.6744420906241815,0.45170317459145704
R036_0043,36,0.42813137028702397,1.6828021112276959,1.321229853656857
R036_0044,36,-0.55099208812290934,1.4655125809505352,0.70400084956988573
R036_0045,36,-0.81496489650725712,-0.57901310967132225,0.06068137819783237
R036_0046,36,0.15505276495530085,1.8418180567697271,1.2890332072908368
R036_0047,36,-0.23262574198736585,-0.023989788176461024,1.1185535779959621
R036_0048,36,0.9834105897578056,2.0895414766290039,1.5821610373714301
R036_0049,36,-0.49608449728474735,1.3096650477691949,0.80023082235817378
R036_0050,36,-0.71773568540813759,0.73074122599221858,0.33513092383761878
R036_0051,36,-0.19121843361842839,1.146057400553852,1.1504063279314758
R036_0052,36,0.089132530968540236,-0.70667879033614422,1.2757690220504283
R036_0053,36,-0.31245433589137628,0.97909100390734571,1.0445420469828024
R036_0054,36,-0.35334291641073667,1.5395171959316682,0.99960509708577838
R036_0055,36,-0.91504736002609066,-0.21275690581664247,-0.27288520494011737
R036_0056,36,-0.87361000816145218,-0.14168171502728547,-0.12821006751130204
R036_0057,36,0.2138883922706234,1.0383807968465946,1.29788851785825
R036_0058,36,0.88723575639453012,2.0604684208337991,1.4939575804563467
R036_0059,36,-0.86023842321656785,0.11840959884977997,-0.083529926790543829
R036_0060,36,-0.98802919358323971,-1.0319144180687847,-0.55134830774581411
R036_0061,36,0.78714935570230393,-0.033112627463799171,1.4265899242686897
R036_0062,36,-0.52392438206818825,1.1978941658568263,0.75289223939650374
R036_0063,36,0.026065020322539434,1.2115048085014022,1.2586264992930118
R036_0064,36,0.9520206770016777,-0.27341095046540076,1.5505929309983206
R036_0065,36,-0.78018634567447354,0.90087248309564938,0.1642475789907607
R036_0066,36,0.16542974460942572,2.082793220277098,1.2907706472275087
R036_0067,36,0.31012479741957,-1.1508686724939541,1.3087808818025979
R036_0068,36,0.3825072578056492,1.6931056719358277,1.316117683230801
R036_0069,36,0.73524630148631709,2.3379477234682189,1.399994375214227
R036_0070,36,0.1292030452798727,1.9012794683172638,1.2843186268604181
R036_0071,36,-0.40262241036459079,0.60484360280713845,0.9385532817869795
R036_0072,36,-0.97888938676774795,-0.045401337093850691,-0.51477640363577981
R036_0073,36,0.65461366412261324,0.9841960421282786,1.3681113142357626
R036_0074,36,0.75701038371992913,2.0531034792554292,1.4105170517965013
R036_0075,36,0.36572545836640358,-0.093872878278981498,1.3143758141865818
R036_0076,36,0.47701357144956602,0.95027767459165746,1.3277037372160068
R036_0077,36,0.74818728187051242,0.41349632846483853,1.4061449612756769
R036_0078,36,0.17999560177008056,1.3168833722270636,1.2930733275039714
R036_0079,36,0.25388669066176894,2.0667611652376934,1.3027903601997846
R037_0000,37,-0.12955282046688921,0.21412126472973736,1.1904377584461185
R037_0001,37,0.89975357478400619,1.6304496154388906,1.5040473926734905
R037_0002,37,-0.75587077907032763,-0.52789307863583002,0.23304498336417256
R037_0003,37,-0.41211101375963821,1.8255676163391232,0.92589122319306805
R037_0004,37,-0.32293277199962866,0.24455404264059399,1.0335014259598265
R037_0005,37,0.91942824439755855,2.9725930456057092,1.520716488274942
R037_0006,37,0.63180619637094693,0.28880096009490752,1.3609007237082866
R037_0007,37,-0.77847671476583624,-0.6749192068833566,0.16918080876719532
R037_0008,37,-0.91357702036909272,-0.17828508713408797,-0.26758846225791078
R037_0009,37,-0.44081269377427468,1.6971296166222358,0.88573602025750087
R037_0010,37,0.55166170541844717,2.6423789187631312,1.3407492877346123
R037_0011,37,0.26642658484217296,0.88491478255421485,1.3041958045652571
R037_0012,37,-0.92530711552349798,0.20674664055942882,-0.31018371940668077
R037_0013,37,0.0023222670838876081,0.83367452391227403,1.250808758178912
R037_0014,37,-0.58947956213423347,0.74906387111642703,0.62944054811490813
R037_0015,37,0.1309995522016083,1.6721927452354417,1.2846652322223522
R037_0016,37,-0.53594601506603912,0.42197646062600819,0.73153219763846633
R037_0017,37,0.11241325890289011,1.1578549365893032,1.2809324879426398
R037_0018,37,0.36295522895228527,1.2871849289334147,1.314092794621091
R037_0019,37,-0.22653795177303349,1.6347112101265546,1.1235027829559412
R037_0020,37,0.062963581327100115,0.31795961082476942,1.2692511542444502
R037_0021,37,0.37388653993147281,1.4900479815063934,1.3152164509850335
R037_0022,37,0.74436833659569657,2.4108350184797889,1.4042978145890932
R037_0023,37,-0.74076625401260898,0.37235802001196472,0.27431774927954189
R037_0024,37,-0.071682106252477062,0.69677439139103714,1.2207812751096621
R037_0025,37,0.74393771865003044,1.8410861286438545,1.4040912304170527
R037_0026,37,0.99698610037551005,0.47433496707174894,1.5966983152667074
R037_0027,37,0.7095443545652973,1.525583537504517,1.3886674079235044
R037_0028,37,0.13347239648825093,1.896892776449383,1.2851375244102099
R037_0029,37,-0.6749118561931351,-0.21100154893981715,0.44158153323520422
R037_0030,37,-0.1552523478792176,0.66869153750312282,1.1747776401504597
R037_0031,37,-0.14511776786245378,1.4065598258123928,1.181122361904088
R037_0032,37,0.1355554113260069,1.7152274992330827,1.2855310922247969
R037_0033,37,-0.31861844694734498,0.41284621944365085,1.0380861950621607
R037_0034,37,0.27421005049498559,2.5062321566975712,1.3050437809762385
R037_0035,37,-0.49823801945553337,0.00011863346019203025,0.79667347567887847
R037_0036,37,-0.65151050886426543,1.420926240022526,0.49621384755900444
R037_0037,37,-0.056686144737796429,0.45941816388615397,1.2276132470881809
R037_0038,37,0.81100237618642068,1.6026721503503709,1.4406195057428797
R037_0039,37,0.45337280833544535,1.0874798348029897,1.3244123380221713
R037_0040,37,0.42554905075372473,1.3129364972297217,1.320920816615772
R037_0041,37,0.018504844193508507,1.3284742377588128,1.2562246259738172
R037_0042,37,-0.16598712907443747,0.55021459618400326,1.1678107855085496
R037_0043,37,0.72829758651663989,0.7681321745294265,1.3968173946716655
R037_0044,37,-0.17125567889872317,1.7688127365901811,1.1642971266148285
R037_0045,37,-0.57355389018045044,0.84073663217180317,0.66102412534857746
R037_0046,37,0.39869497395587561,0.42037916006094744,1.3178567009321571
R037_0047,37,-0.87838364605138786,-0.41166986824305807,-0.14439548301682925
R037_0048,37,0.14453924104121385,2.2132847527063522,1.2871847813744788
R037_0049,37,-0.66516521096518799,-0.45133409781635825,0.46463446221745985
R037_0050,37,-0.026614951497174077,1.0266966184314263,1.2401393606052764
R037_0051,37,0.78796046679322362,1.2064362367999701,1.4270475644348279
R037_0052,37,0.01222699144060968,-0.1443155980830555,1.2541686934596235
R037_0053,37,-0.63293336559089819,0.36004535405011573,0.53785280327905005
R037_0054,37,0.071819927494419789,1.3605783857750107,1.2715462390170142
R037_0055,37,-0.57621612097978914,0.4144015271871323,0.65581696811089973
R037_0056,37,-0.3716684764663718,1.3285293959493414,0.97780693746562353
R037_0057,37,-0.98481991384181655,-0.67062261408886559,-0.53845032828121253
R037_0058,37,0.23046353273485409,0.12805864224021479,1.3000076897665835
R037_0059,37,-0.82735596506707942,-0.90240119749795,0.022282021093085858
R037_0060,37,-0.90931004903426493,-0.67421844201564118,-0.25228578165976101
R037_0061,37,0.37338313980709503,1.5594321978666899,1.315164271285147
R037_0062,37,0.75359846381211781,3.7083382593920762,1.4088089208879884
R037_0063,37,-0.85005546567866563,-0.39694947062862374,-0.050149056312866147
R037_0064,37,0.82442452141330591,2.0149807162070976,1.4490477807113598
R037_0065,37,0.41628317974196705,1.6718702735718016,1.3198341590784231
R037_0066,37,-0.22589911741607516,1.5266300759853302,1.1240167068203948
R037_0067,37,-0.21843312088905043,0.601248977234486,1.1299470572036392
R037_0068,37,0.81477931781082402,1.20797307584108,1.4429515683203147
R037_0069,37,0.56437684017797229,2.5680768812944228,1.343465479559101
R037_0070,37,-0.52222552374113906,0.45299672999391205,0.75586563158584208
R037_0071,37,0.69963049806225075,0.84388405280756451,1.384601388070857
R037_0072,37,0.064061343398872372,1.4493913634225697,1.2695407522838651
R037_0073,37,0.33742313363260945,2.2661815505621927,1.3115201424469696
R037_0074,37,0.1200655612390209,-0.3756729799610794,1.2825092675318166
R037_0075,37,-0.15574123370438397,0.40228927375481283,1.1744659028139623
R037_0076,37,-0.37363517702550131,0.47699212405991803,0.97540474139557265
R037_0077,37,0.55993162921482864,1.3791427038060808,1.3424972616425053
R037_0078,37,0.53980821184415229,1.7498878849066974,1.3383604074413016
R037_0079,37,-0.73221019256760811,0.12813440373471824,0.29720675025320564
R038_0000,38,-0.54534867098635886,0.80306486384852427,0.71443194858666592
R038_0001,38,0.2434721032948628,1.8550744459582775,1.301580763292254
R038_0002,38,0.013705160691438456,2.2973447804167004,1.2546578633647638
R038_0003,38,0.97682443174667144,1.7001795565885318,1.5753031995478106
R038_0004,38,-0.67423242688371765,1.0516799959470249,0.44320245816158688
R038_0005,38,-0.50336673442062452,0.98861381315478125,0.78813152246577589
R038_0006,38,-0.42865996945165619,1.5283028369169094,0.90308248432556559
R038_0007,38,0.71223933584180754,0.66827777247727815,1.3898012938850519
R038_0008,38,-0.87152396238615726,-2.5086577317389684,-0.12117604451040065
R038_0009,38,-0.40791805427591465,0.99437467241241384,0.93152352886547507
R038_0010,38,0.18529587442394391,-0.6548221725772676,1.2938741746279869
R038_0011,38,-0.44068667783882409,1.687330801099828,0.88591851781732533
R038_0012,38,0.98847358159450405,1.9707660585483719,1.5875190787003928
R038_0013,38,0.69439094458665873,0.4661698559540246,1.3825181785838161
R038_0014,38,0.71142988309723987,0.98780180665516815,1.3894594277034646
R038_0015,38,0.50324984400024086,1.9572639190561179,1.3317820859496854
R038_0016,38,-0.2837349977610657,1.4400314090796646,1.0731819077535101
R038_0017,38,-0.34799339065264157,1.1037328345604225,1.0057714202253356
R038_0018,38,0.27259617101024225,1.6330474310050886,1.3048693502034305
R038_0019,38,-0.95300224154122448,-0.83808022910291591,-0.41385770210995765
R038_0020,38,-0.85510532243286597,0.0017280737435309418,-0.066633734777786779
R038_0021,38,0.20502210049817671,0.65331172505384538,1.2966956226203767
R038_0022,38,0.60891867250262277,2.1128983735130906,1.3543671125438044
R038_0023,38,-0.5962992939013001,1.2781010222924514,0.61559473260100461
R038_0024,38,-0.98294872200742534,-0.66241702080263654,-0.53095828027979231
R038_0025,38,-0.56274155098491718,0.0022513793123970505,0.6818759931340348
R038_0026,38,0.21265812144170315,0.10205182248073252,1.2977255897297852
R038_0027,38,0.20375537339861105,1.325160404143358,1.2965215611480394
R038_0028,38,-0.77346919406255288,0.36033901495792875,0.18354621236121904
R038_0029,38,0.38920715305739395,2.2685190929189782,1.3168293167600875
R038_0030,38,0.15668451827527741,0.71459647545504168,1.2893120108856271
R038_0031,38,0.87527987245272465,0.82665412239698777,1.484685498523552
R038_0032,38,0.63765747376014126,1.0883198443541215,1.3626818455089622
R038_0033,38,0.65075829449035072,2.1779071578082343,1.3668410796654464
R038_0034,38,-0.69560687997234427,-0.31223229733987634,0.39119897511216783
R038_0035,38,0.65228274777373718,0.93653001593717655,1.3673407914581612
R038_0036,38,0.16589942195578034,1.0464263671028236,1.2908473238687985
R038_0037,38,-0.67583708022466848,0.57100290122835173,0.43937084375929258
R038_0038,38,-0.7706816059601902,-0.53552434200318788,0.19148900006492675
R038_0039,38,-0.1638196899168789,1.0312806340868013,1.1692381320783056
R038_0040,38,0.31993253454323733,1.9331881660612216,1.3097692263313629
R038_0041,38,-0.37951365202041476,-0.56622742166846862,0.96815107504842079
R038_0042,38,-0.36381367637033879,0.76965904364444526,0.98727902956202729
R038_0043,38,-0.73729355259033569,-0.87317841801016627,0.2836503524087548
R038_0044,38,0.21552255331130499,1.2262391570970086,1.2981036776806643
R038_0045,38,-0.70550757023202793,0.65184037844572584,0.36639665520521536
R038_0046,38,0.19918452816959586,2.3895531392060181,1.2958856340387386
R038_0047,38,-0.78539805269209451,0.15511838234933131,0.14911845448049421
R038_0048,38,-0.71085343087018815,-0.5116870703224502,0.35281445243562359
R038_0049,38,-0.44839437679069816,0.7438175304375797,0.87465403519814466
R038_0050,38,-0.31924021626039689,1.2086615109764893,1.0374288264175697
R038_0051,38,-0.060901661774177551,0.60989717967213375,1.2257332453095569
R038_0052,38,-0.43716350457822317,1.4914352293945043,0.89099845536900391
R038_0053,38,-0.41156892603626649,1.099992948348431,0.92662270952137082
R038_0054,38,0.22343296020320857,1.3980584690873636,1.2991255336838081
R038_0055,38,0.24372209848245019,1.1579670437133602,1.3016102923094193
R038_0056,38,-0.62838871360528614,1.268484388920446,0.54780966069272718
R038_0057,38,0.60659960407229563,0.19200401354606056,1.353742245506341
R038_0058,38,-0.70607058326251093,-0.85817122571796545,0.36497251674463427
R038_0059,38,-0.28436876107519837,1.1812714493094694,1.0725750032003631
R038_0060,38,-0.90103906667737022,-0.80985223891637614,-0.22291310926769436
R038_0061,38,-0.30118461414299413,0.40626600039951921,1.0560604233571604
R038_0062,38,-0.98823605721623031,-0.58997183410276988,-0.55218178462388545
R038_0063,38,0.14198389937498113,2.0210885803765413,1.2867215296335142
R038_0064,38,0.050713002350132985,1.3378727026012467,1.2659185124689853
R038_0065,38,-0.068205582497708583,2.5995963458983935,1.2224010756596735
R038_0066,38,0.36957196875014819,2.5128837967083975,1.314770667136556
R038_0067,38,0.60906583926778168,1.6586662971079842,1.3544069907118013
R038_0068,38,-0.88314110597230244,-0.51039945699893918,-0.16064966893635724
R038_0069,38,-0.70960128337495854,-1.3511830983706277,0.3560077952423224
R038_0070,38,-0.78208888025668899,-0.42103794413742557,0.15874049662153289
R038_0071,38,-0.54412111687079623,0.30835801273805563,0.71668421437500718
R038_0072,38,-0.48234838938353475,0.045773829060669513,0.8225157162629515
R038_0073,38,0.33668443867152842,1.2696097595097748,1.3114462498693815
R038_0074,38,0.62694236439609163,1.3226413294990442,1.3594552172573953
R038_0075,38,0.72102495913854581,0.96089062186014407,1.3935842069465079
R038_0076,38,-0.050774078568739389,0.50097792828982946,1.2301973952605108
R038_0077,38,0.014942488210117899,2.5874958709099189,1.2550649146542545
R038_0078,38,-0.35963161632135288,2.0949103948965773,0.99224307048998939
R038_0079,38,0.64427049685986204,1.2538372728499845,1.3647513288617477
R039_0000,39,-0.73016116651760732,0.21737672566047089,0.30263605955080219
R039_0001,39,-0.93939571958942247,-1.6497191809816625,-0.3623741425961664
R039_0002,39,-0.27893047941871463,2.1285644851435164,1.0777466166491785
R039_0003,39,0.94459738754782174,0.65815611509476624,1.5435337588629667
R039_0004,39,-0.26570709098616274,1.5593732220480974,1.0899830825826351
R039_0005,39,0.97582390434812383,1.8148499744032334,1.5742724222858064
R039_0006,39,-0.71985735543259821,1.5280703643213578,0.32963431413346878
R039_0007,39,-0.48339356566919323,1.411719126272176,0.82084455617314322
R039_0008,39,0.38471358548183909,0.93003920070881607,1.316350866539731
R039_0009,39,0.76882229307897743,0.53825938369565973,1.4166030750922061
R039_0010,39,-0.77402019834025459,0.025287102506705045,0.18197163552441031
R039_0011,39,-0.10911497385598468,0.36303543792576676,1.2019058525077528
R039_0012,39,0.77913016234529997,1.6977064952821008,1.4221373060183677
R039_0013,39,0.42448198973606477,3.1938037021849972,1.320793929331822
R039_0014,39,-0.60239371847278789,1.2583537643001859,0.60305689689418607
R039_0015,39,-0.83349586295074407,-0.1662626349374498,0.0029581529622646485
R039_0016,39,0.76248488214491861,2.7224566477012511,1.4133042351021918
R039_0017,39,0.49673217276332493,0.72648669659774689,1.3307229564125111
R039_0018,39,-0.77898919111560061,1.3157697789486906,0.16770356711555023
R039_0019,39,0.088578656258514465,0.28472668272475099,1.2756391488829517
R039_0020,39,0.081274015046141956,1.0703509828949491,1.2738944456530086
R039_0021,39,0.38551965726004767,1.1288985163757055,1.316436337165247
R039_0022,39,0.80799867742458686,-0.15786763540393145,1.4387867812726567
R039_0023,39,0.42948698427915377,1.8014170870669481,1.3213932194138867
R039_0024,39,-0.20915233330028205,0.99445173995516112,1.1371261801266788
R039_0025,39,0.24733401901475993,2.1432996570851981,1.3020341490895875
R039_0026,39,-0.39124721168111543,1.0194242214252291,0.95334024696909347
R039_0027,39,0.86909911244441118,-0.099129658386923669,1.480029343042915
R039_0028,39,-0.6188307653519074,0.64125953798577096,0.56845896014532205
R039_0029,39,-0.27118567953253669,1.5089373231792891,1.08497117119515
R039_0030,39,-0.58184992999594698,0.022523730117082197,0.64470183593759844
R039_0031,39,-0.82274203200363893,0.49047410037510325,0.03667364262445072
R039_0032,39,-0.22698224933867217,1.1695631717291946,1.1231447522005185
R039_0033,39,-0.1592172036392292,2.1603967562199848,1.1722342591081327
R039_0034,39,-0.38833194462234877,2.0491365739242182,0.9570617071404004
R039_0035,39,0.50559284513030445,0.028558355862438045,1.332170698510216
R039_0036,39,0.19105328635034335,1.1158548713540455,1.2947229098875617
R039_0037,39,0.90602378065847788,0.75712573282595386,1.5092509880905884
R039_0038,39,-0.076899263805255469,2.3194512456697733,1.2183090774265035
R039_0039,39,0.44670069869451545,2.3415741784204864,1.3235406092459772
R039_0040,39,-0.937133347159254,-1.8812625570981951,-0.35391702452586293
R039_0041,39,-0.90938808538605365,0.92888002824460947,-0.25256472915315475
R039_0042,39,-0.73399313407732847,-0.25651720818639179,0.29246610721891608
R039_0043,39,0.30319187627047128,1.3550340105082044,1.3080764276014678
R039_0044,39,-0.65230912650427442,0.28357503888441865,0.49438973757011739
R039_0045,39,-0.50571742494070082,0.5975331679496555,0.78418334908621912
R039_0046,39,0.41446492061123608,1.6740677295732049,1.3196247962706009
R039_0047,39,0.54149782064477914,-0.21452423729226666,1.3386927683606822
R039_0048,39,0.474236725093101,2.7357692231595392,1.3272995474934
R039_0049,39,-0.85226207283329103,0.78726564765664708,-0.057335533126893878
R039_0050,39,-0.78744922028358832,-0.12746764671004546,0.14312663283838645
R039_0051,39,0.068926068254782757,1.1276245499746174,1.2708066123483175
R039_0052,39,-0.17827705806056149,1.3569694685603151,1.1595164016548787
R039_0053,39,0.52229069346493162,0.8183223960867857,1.3350668725852215
R039_0054,39,0.69117672282193987,2.0843352118963558,1.3812623421969104
R039_0055,39,0.5253897296465424,1.3284518186838656,1.3356298458523643
R039_0056,39,-0.99186473279834741,-0.12907009938846209,-0.56684354838086826
R039_0057,39,-0.020734118845135541,0.95141341651896416,1.2424139453854279
R039_0058,39,0.12720950274725462,1.4005298299109317,1.2839305354755743
R039_0059,39,-0.20013853990842834,1.3657102626270456,1.1438974574338012
R039_0060,39,0.055580768884921916,2.109559529621297,1.2672651287024297
R039_0061,39,0.38129690127740434,2.0685818909947837,1.3159902231850518
R039_0062,39,0.45598210157649177,1.2290461738511473,1.3247597162770361
R039_0063,39,0.92899714440225334,0.47222202944344316,1.5291905014568241
R039_0064,39,0.1801020004709657,1.0499783150870472,1.2930895922833936
R039_0065,39,-0.040673984459651313,1.0961214156964252,1.2344728582236242
R039_0066,39,-0.81600023027756508,-1.702645780462795,0.057503420546654027
R039_0067,39,0.40902768863527905,1.2364408631098507,1.3190058224359897
R039_0068,39,-0.28384910838050037,0.46050573788024118,1.0730727154817066
R039_0069,39,0.43186135068683362,0.55738637463564311,1.3216812783597751
R039_0070,39,0.98609423593266632,0.63977115781843741,1.5849916982163184
R039_0071,39,-0.52894873259352182,1.4913771406367275,0.74403323255492515
R039_0072,39,-0.19289221390144484,1.2999870222052921,1.1491994062824009
R039_0073,39,-0.3728018006656959,1.2973565708323365,0.97642415648907965
R039_0074,39,0.64567456186327377,2.2376604987164557,1.3651985489701561
R039_0075,39,-0.20238023112202774,1.14304365953327,1.1422318202555664
R039_0076,39,-0.56058701919931853,2.7127627922776032,0.68597455362506421
R039_0077,39,-0.3950763570724114,1.9149986920348188,0.94841006202684441
R039_0078,39,-0.89358097410015547,-0.2387870734387938,-0.1967531237056237
R039_0079,39,-0.77675226606326109,-0.36699956583403714,0.17414198208393361
R040_0000,40,-0.8009095105224926,-0.16207836481900495,0.10327845358953458
R040_0001,40,-0.3782234537028164,-0.47577544241786973,0.96975256112322694
R040_0002,40,0.082895641020231725,0.84638761351540137,1.2742869335746927
R040_0003,40,0.35972053996099485,0.062199540678627541,1.313763611529543
R040_0004,40,0.0035094707144662785,0.90612837715911088,1.2512191098795351
R040_0005,40,-0.50439367413512315,1.4467696786475659,0.78640925743925583
R040_0006,40,-0.80199516455677022,-1.1754704245772551,0.10002430128056883
R040_0007,40,-0.87948243926782221,-0.23595119991646257,-0.14813860693621228
R040_0008,40,0.067910218992430105,0.9738744143683894,1.2705446194157815
R040_0009,40,-0.32572427850532604,2.4408133978061608,1.0305056663701349
R040_0010,40,0.63783161521094178,2.7781589271605496,1.3627355679589845
R040_0011,40,0.68775307256045015,1.0611126023222908,1.379942973509684
R040_0012,40,-0.42904165779847081,0.97433057790615296,0.90254541807906896
R040_0013,40,-0.039216943415727012,1.3613710567556307,1.2350753574941742
R040_0014,40,-0.90169060568422665,-0.32758852742875566,-0.22521309350622198
R040_0015,40,0.84024047452391515,1.7516107003656809,1.4594910114717508
R040_0016,40,0.3327959571885073,0.59417063013040783,1.3110573733802438
R040_0017,40,-0.084530223633517476,0.42254937826304539,1.2146024036205025
R040_0018,40,0.17982789577211822,-0.058801739739356318,1.2930476750408801
R040_0019,40,0.53193841078518345,3.062085532414641,1.336846949405285
R040_0020,40,0.59652409714337162,1.893807689424194,1.3511034829010433
R040_0021,40,-0.57458859229915693,1.6132755933334639,0.65900375348189677
R040_0022,40,0.73280221604659879,0.62304653625157147,1.398867050923863
R040_0023,40,0.29229741059149283,0.73895096030675755,1.3069556920990586
R040_0024,40,0.62812534854485835,2.1742741978159446,1.3598038978663076
R040_0025,40,-0.06311162166442208,0.78682934125076254,1.2247350909990864
R040_0026,40,-0.84393244731177952,1.1717677161137072,-0.03034326446759894
R040_0027,40,0.99860612021411099,1.6140418471030167,1.5984696445556805
R040_0028,40,0.81025643187076879,1.2723802757778162,1.4401625581075663
R040_0029,40,0.31381651083585993,1.6902771863014698,1.3091538532999958
R040_0030,40,0.26310908414314538,0.66309508428923913,1.3038289559160001
R040_0031,40,-0.84177431074764253,-0.63069482283309897,-0.023409851427628414
R040_0032,40,-0.23093381695223103,0.5448624814074563,1.1199384937668617
R040_0033,40,-0.41968210765466707,1.4235069246340262,0.91557153470523678
R040_0034,40,0.7087026619768213,1.4589379970367335,1.3883157982449239
R040_0035,40,0.21038405745109334,1.6818256762801049,1.2974222592225746
R040_0036,40,-0.41563707618169565,-0.49369364124526272,0.92110910759026143
R040_0037,40,0.44262693215293725,1.2735659115892208,1.3230196124597138
R040_0038,40,-0.94124377872003451,-1.4596696743182054,-0.36930424057711253
R040_0039,40,0.51092300700014293,1.2295889000514966,1.3330707081032749
R040_0040,40,-0.016624193520447195,1.3779186982968579,1.2439708136660923
R040_0041,40,0.79750606998667029,1.114954543753413,1.4325351003297946
R040_0042,40,0.25434821613023884,0.24674612062766599,1.3028430290893878
R040_0043,40,-0.52455062900360394,-0.36316163785688305,0.7517933560728397
R040_0044,40,-0.9587380150363074,-0.69004025145336145,-0.43588082787049509
R040_0045,40,0.12005459712648192,0.54232393992404004,1.2825070490277157
R040_0046,40,0.26884829069368466,2.6854305900207613,1.3044614947302375
R040_0047,40,0.89976969901186798,1.1375617021439723,1.5040606450522453
R040_0048,40,0.55964559041151118,1.350404749636761,1.3424356533184745
R040_0049,40,0.68842581806727599,1.2807777277892805,1.3802007472914868
R040_0050,40,-0.54188450373433361,1.4941029593668087,0.7207725693374234
R040_0051,40,-0.66304928800543239,0.98043377211236926,0.46958254425237134
R040_0052,40,-0.066967821534517302,2.4533075939253277,1.2229724982265859
R040_0053,40,-0.22901006213983433,1.484284110302466,1.1215043427734028
R040_0054,40,-0.22584518974859513,-0.40076551134021887,1.124060043053422
R040_0055,40,0.0095241827037186866,1.0037786494096022,1.2532660793585322
R040_0056,40,-0.06961825313259129,0.16444974451338745,1.2217455213750246
R040_0057,40,0.71782792049717981,2.7261883472405097,1.3921922014177301
R040_0058,40,0.45071486265539562,0.92420961322511319,1.3240622633533592
R040_0059,40,-0.6270945633683811,1.7470996589948289,0.55062863929503625
R040_0060,40,-0.96663626180442974,-1.4826366590246745,-0.46652023661802122
R040_0061,40,0.77369034200068909,1.6577877444033062,1.4191904511681106
R040_0062,40,0.35964717488632236,1.0891124227020348,1.3137561604046428
R040_0063,40,-0.73103115904705551,1.1583988934321698,0.30033329495940841
R040_0064,40,-0.27775650332760526,2.8267749992642619,1.0788523077971597
R040_0065,40,0.34576926364519722,1.2624119454325171,1.3123561465768017
R040_0066,40,-0.10861152239988892,2.1213601285826664,1.2021776962239525
R040_0067,40,0.86013636696186735,1.3918568465202721,1.4734407653551889
R040_0068,40,-0.94072724045086398,-0.8946144636319443,-0.36736528545974934
R040_0069,40,-0.67598633876747671,1.447575316965378,0.43901384792196396
R040_0070,40,-0.77450393858893807,0.013928703351244104,0.18058802856274792
R040_0071,40,-0.76068880186043564,0.26063861690332057,0.21964535094294102
R040_0072,40,0.0037058407263184101,0.96962992211112575,1.2512867824825378
R040_0073,40,-0.54983862708383002,-0.23830335797397439,0.70614314586379856
R040_0074,40,0.79880099210148692,1.5387079608471133,1.4332940935480267
R040_0075,40,-0.23744606085224218,-0.51901770578546902,1.1145678856415402
R040_0076,40,0.35605393692591969,0.88583638802269271,1.3133919681921649
R040_0077,40,0.42916150037213319,1.2054323918369489,1.3213539230606408
R040_0078,40,-0.14922184618693501,0.72134743945541591,1.1785799243260409
R040_0079,40,0.4936918649886326,1.4327055450647852,1.3302396620107331
R041_0000,41,-0.33972015520593235,0.037706717071415374,1.0151353355259121
R041_0001,41,0.8416484018104069,1.8724012447356388,1.4604480580665677
R041_0002,41,-0.11740794180280978,1.2891162409759207,1.1973549334506619
R041_0003,41,-0.340498036305797,0.13393626490360844,1.0142637736603817
R041_0004,41,-0.044020467158018883,3.3743242245696989,1.2330755081516673
R041_0005,41,-0.019150693496530424,1.9378387254768925,1.243016927856017
R041_0006,41,-0.64276159470077388,1.8031797231453479,0.51601250764238471
R041_0007,41,-0.48256602412015948,0.19720875152432893,0.82216806501758122
R041_0008,41,-0.64124058495531777,1.3150329304516792,0.51942013865996139
R041_0009,41,0.34569043137245914,2.0801591668673032,1.3123482360919543
R041_0010,41,0.75401871866153991,2.8193110036749336,1.409018123238799
R041_0011,41,-0.30859532427012315,1.2464582821219934,1.048527432725852
R041_0012,41,0.79031631683732351,0.69088348422464196,1.4283844082833537
R041_0013,41,-0.55988826372846168,0.1718651844047947,0.68729978218253562
R041_0014,41,0.88607282078509519,0.63835858795985057,1.4930401761020837
R041_0015,41,0.83929606461617001,1.1380842564486748,1.4588515780208318
R041_0016,41,0.22555310287607155,0.9486043333000278,1.2993940599686531
R041_0017,41,-0.49727230851355086,-0.74837474729738307,0.79827085175327095
R041_0018,41,-0.12933716073028245,1.6847367129235082,1.1905632440551206
R041_0019,41,0.26577636194766741,0.5106114457719203,1.3041241692774885
R041_0020,41,-0.41260548872100022,1.7808100394245889,0.92522312526128236
R041_0021,41,-0.66966013026627769,0.42469825486178947,0.45405628967937428
R041_0022,41,0.52252682624068414,0.94801160337607215,1.3351094795387519
R041_0023,41,-0.26745712718671122,1.9654516832767983,1.0883909481498688
R041_0024,41,0.63267822398865636,0.52307363157541975,1.3611632300120533
R041_0025,41,0.57340664257224483,0.81298378766530099,1.3454959458147528
R041_0026,41,-0.49112547632678538,0.97338929824917242,0.8083567501114497
R041_0027,41,0.86508048459843612,0.24915056665029356,1.4770514636669019
R041_0028,41,-0.81480602267241031,-0.33014560733525927,0.061168551212262612
R041_0029,41,0.87398977070685313,2.1331094810434355,1.4837059671770596
R041_0030,41,0.65972275028579741,2.7510322780004266,1.3698277638537582
R041_0031,41,0.23442410489688048,2.4229897847225663,1.3004944638998956
R041_0032,41,-0.27128163358339519,1.74104716158975,1.0848826653084749
R041_0033,41,0.049209896723629409,2.6960624951222112,1.2654966289303622
R041_0034,41,0.58078873514178975,1.4323966760865783,1.3472211969903298
R041_0035,41,-0.017696086590020199,0.96444655889976993,1.2435673499162545
R041_0036,41,-0.49921586113085525,0.25540640073738974,0.79505247834325132
R041_0037,41,0.69431859777323846,2.6569523048870529,1.3824897276873827
R041_0038,41,-0.32189871109118018,-0.34997756419261972,1.034605302122527
R041_0039,41,-0.10010193144833668,0.82141438991714266,1.2066967306871801
R041_0040,41,-0.21128536851236723,0.60914075540073187,1.1354949178753686
R041_0041,41,-0.83063392967867977,0.4320499227899533,0.011989973234796558
R041_0042,41,0.054836154699742679,2.2575548836093042,1.2670610706449494
R041_0043,41,-0.44945943487090312,0.9621246491412383,0.87308110934145189
R041_0044,41,0.18354280433593129,1.9002471158068541,1.2936113978789119
R041_0045,41,-0.034620611202782037,1.2336692026810521,1.2369527241853648
R041_0046,41,0.36586264580699979,0.38752177411774613,1.3143898581780029
R041_0047,41,-0.98898422623420168,1.4601842203906514,-0.5551983668246363
R041_0048,41,0.53823482667176137,1.266778254731957,1.3380532942494869
R041_0049,41,0.81067420269352941,2.6571923297777431,1.4404183272752906
R041_0050,41,0.15282088504756319,1.716691481414532,1.2886484023472591
R041_0051,41,0.162710366743827,2.782846733941208,1.2903234074249341
R041_0052,41,0.39072435267983385,1.6311970925893249,1.3169919858987065
R041_0053,41,-0.11418214025248741,1.3205665373954416,1.1991415875700897
R041_0054,41,0.17874043949413032,0.29739062904746294,1.2928808643599694
R041_0055,41,-0.3364458716172849,-0.030979239341302867,1.0187838756525647
R041_0056,41,-0.62069787222131545,1.0120528922451077,0.56445608894759736
R041_0057,41,0.36275207359714989,1.1726688922284558,1.3140720807449819
R041_0058,41,-0.71501246323209422,-0.37785128064235307,0.34215477852534315
R041_0059,41,0.41661049965371566,2.2004766520860803,1.3198719785027293
R041_0060,41,-0.79633568755339112,0.26615118273197957,0.11692209179286195
R041_0061,41,0.63559418879767149,1.5887683309696143,1.3620484787968059
R041_0062,41,0.21813140794052877,2.097582242870363,1.2984442432229486
R041_0063,41,-0.3909567541425838,1.0496854414925114,0.95371226925490293
R041_0064,41,0.50992519376081202,2.4446207831926037,1.3329005183320197
R041_0065,41,0.57269935324892041,1.6545590987480079,1.3453337661352216
R041_0066,41,0.042736947951023341,1.5863060150751647,1.2636466393115433
R041_0067,41,-0.27417215436409426,2.3798014659362332,1.0822047515386291
R041_0068,41,0.047570397129557795,2.1343023902671998,1.2650331687946335
R041_0069,41,0.36092191860010203,1.7289899711429007,1.313885718513482
R041_0070,41,-0.37963909459369316,2.8477621036003984,0.96799508211996477
R041_0071,41,0.80899372314732187,1.2315905349834704,1.4393917736726145
R041_0072,41,-0.56134517617744173,-0.14143560187365356,0.68453444511958406
R041_0073,41,0.23107687932614063,2.0197179637435649,1.3000835412719804
R041_0074,41,0.91979528089449802,0.53724799523539923,1.5210370489287985
R041_0075,41,0.3185717632661178,0.13393090951516995,1.309632541651061
R041_0076,41,0.48986392918506971,2.5306477698908054,1.3296406349324943
R041_0077,41,0.60010871879075744,1.6499349920858621,1.3520282739784262
R041_0078,41,-0.12368084602906215,1.1019454250446696,1.1938200351904071
R041_0079,41,0.30830880568131747,2.0367358642888744,1.3085969050700474
R042_0000,42,0.3850818765240982,1.6431485598797999,1.3163898989530072
R042_0001,42,0.25369249979384456,0.41996125233761572,1.3027681765688448
R042_0002,42,-0.49715432688533401,0.86565515768760903,0.79846576535700287
R042_0003,42,0.36985996058723192,1.0584018929219308,1.3148003240553505
R042_0004,42,-0.22394259288683838,1.9599117992651647,1.1255842901805651
R042_0005,42,0.75399933836843691,1.8854111168771721,1.4090084684013733
R042_0006,42,0.5307615260001961,1.1529919656674441,1.336625431346824
R042_0007,42,0.11803472855606389,0.36441482017882498,1.2820963694668213
R042_0008,42,-0.6592966954486128,0.97877473297741235,0.47830863163623627
R042_0009,42,0.87224229114324503,1.259264443431487,1.4823856194403937
R042_0010,42,-0.054053811154711751,2.3263238666606236,1.2287713538136658
R042_0011,42,0.58075270234998611,-0.099456047133169134,1.3472126299478098
R042_0012,42,0.77356837905899467,0.71602342584302769,1.4191250563055426
R042_0013,42,0.94241328940578506,2.9264595213981535,1.5414857341519523
R042_0014,42,-0.32910741410219813,1.6230961975376716,1.0268440023875449
R042_0015,42,-0.42919122659920395,1.3159538624649985,0.90233482644312524
R042_0016,42,-0.35823960506635633,0.78255415690332997,0.99388325232027552
R042_0017,42,0.68456997597279812,0.65778484326290476,1.3787330807328959
R042_0018,42,-0.039795062723701147,0.77407842263819537,1.2348367267845315
R042_0019,42,-0.071523861985897774,0.71292820052555028,1.2208554822080568
R042_0020,42,-0.016381986843726049,2.1522412982986654,1.2440617301658579
R042_0021,42,-0.85792624975451859,-1.7822956344028809,-0.075901661806992538
R042_0022,42,0.39862317530164604,0.69277505521791616,1.3178488316726393
R042_0023,42,0.13473895864297969,1.1062284431490994,1.2853772929007214
R042_0024,42,-0.97396353959923188,-0.93108673004201092,-0.49527096663337966
R042_0025,42,0.78491122584614259,0.40596626569355854,1.4253341014515448
R042_0026,42,0.88564442721029457,1.699273321092889,1.4927030777059456
R042_0027,42,-0.081418628229750656,0.21895518032997874,1.2161269427136299
R042_0028,42,0.41418092835487363,1.2357644112719248,1.3195922057533882
R042_0029,42,-0.88433550205714306,-1.0420903343011125,-0.16474984299742634
R042_0030,42,-0.96712257798596224,-0.90518334436413528,-0.4684186908597705
R042_0031,42,0.94847572862109386,1.2460616261535178,1.5472028392294008
R042_0032,42,0.67522611484234307,1.7735856356711888,1.3752734475240542
R042_0033,42,0.49402332053282727,0.74318224696463575,1.3302920247297603
R042_0034,42,0.071456638695737373,2.8984230670881148,1.2714539310757922
R042_0035,42,-0.8739951472640255,-1.0267530095444886,-0.12951131717029041
R042_0036,42,0.40469466653110153,1.723790481309817,1.3185197969049609
R042_0037,42,0.1391975533571288,2.1102397252102967,1.2862099890800462
R042_0038,42,0.011938951034267564,0.6002065914991106,1.2540730052687377
R042_0039,42,-0.1439139517506951,1.2754573024151767,1.1818612220244846
R042_0040,42,-0.39161519838703884,-0.53982784445186971,0.95286852915059994
R042_0041,42,0.33212567025890283,-0.11821786819769664,1.3109903434826808
R042_0042,42,-0.24801948907864335,1.2881844011113008,1.105615487411745
R042_0043,42,-0.99732433037594759,-0.6773465199207046,-0.58905121779844016
R042_0044,42,0.35496970289464524,0.24257600994462303,1.3132823445828745
R042_0045,42,-0.089982788963099969,1.7377124738481928,1.2118869107418986
R042_0046,42,0.20881116586546478,2.4502172856678026,1.2972107852800026
R042_0047,42,0.85487407481974653,0.98295017318598843,1.4696613525679065
R042_0048,42,-0.6808312442034139,2.4547117838430603,0.42737079313672888
R042_0049,42,-0.15424393105903467,0.83300566698690226,1.1754189963942343
R042_0050,42,-0.55546755176869755,1.3379705055665481,0.69563848709530707
R042_0051,42,0.58914033459068027,1.3765643786781898,1.349246285864002
R042_0052,42,0.26510632494282715,2.3722524758307579,1.304050216583472
R042_0053,42,0.53640646037424622,1.116617328368354,1.3376992768655107
R042_0054,42,-0.84415946224349048,0.1674320670247974,-0.031074025415370077
R042_0055,42,-0.99284120845844881,-0.47930312251119267,-0.57080242441174311
R042_0056,42,-0.54371374133165817,0.17603100979879727,0.71743033491924102
R042_0057,42,0.41231630006248654,0.96235848194113682,1.3193789479001463
R042_0058,42,-0.34580437321642465,0.88105900635683987,1.0082693334111443
R042_0059,42,-0.85142864127272544,0.7698256564778404,-0.054618163428859612
R042_0060,42,-0.94429282458950503,-1.0995461769664865,-0.38078079237872653
R042_0061,42,-0.48659203611856494,0.59087449331527198,0.81570547244632507
R042_0062,42,-0.55621400475477079,1.3068245835101995,0.69423596242992303
R042_0063,42,-0.17147496941087237,1.9935916977341663,1.1641495174207257
R042_0064,42,-0.75487702134302159,0.2184550484172868,0.23579459962120675
R042_0065,42,0.10117293174328945,1.1322816691157103,1.278510256244485
R042_0066,42,-0.65528853484885285,1.61910767480129,0.48755953642051386
R042_0067,42,0.95948620638824034,2.2586961917457735,1.5578470047190129
R042_0068,42,-0.74574157474945002,0.012821726540920508,0.26084535254215879
R042_0069,42,0.16444564969639019,0.83466175876112081,1.2906094489038409
R042_0070,42,0.79059411270812019,0.784883181837429,1.4285427966401401
R042_0071,42,0.96112024832394605,1.7150599300574045,1.5594556467942238
R042_0072,42,-0.90974664499713032,0.42361374281996,-0.25384686835070869
R042_0073,42,-0.81238327949680178,-1.3056069348396822,0.068581538805096542
R042_0074,42,0.64664118756161626,0.97218968223586621,1.3655080464350744
R042_0075,42,-0.61231994423876501,0.18583585503272626,0.58230077226311361
R042_0076,42,-0.93155238415704367,-0.31893327643596464,-0.33317949167006944
R042_0077,42,0.23599538116867302,1.2193281154450069,1.3006856316571866
R042_0078,42,0.34407832497715174,1.8716462387855213,1.312186540696505
R042_0079,42,0.91398416870639232,0.72280573265376225,1.5160033649296705
R043_0000,43,-0.60351695297132468,1.4477656950537305,0.60072906944106264
R043_0001,43,-0.4159826869609029,0.030653245967543929,0.920638131676632
R043_0002,43,-0.33364258342042374,0.73118317107694553,1.0218819036508169
R043_0003,43,-0.58575916085547663,0.40875479339873455,0.6369124115363336
R043_0004,43,0.23793359449879081,0.32437580802297261,1.3009199545776866
R043_0005,43,0.99633366447999272,0.91997700508209168,1.5959871569900042
R043_0006,43,-0.59490620140588257,1.2937128043364201,0.61843883598300453
R043_0007,43,0.5839353781719594,1.2862119008765598,1.3479749321966854
R043_0008,43,0.86770646181318956,2.3453975866970831,1.478992968882535
R043_0009,43,-0.31556268097642426,2.1777248392480959,1.0413004546138711
R043_0010,43,0.61434211139040085,1.5930473595902999,1.3558545792449053
R043_0011,43,0.080753491190216797,1.3455101657336641,1.2737678299508193
R043_0012,43,-0.4397001991587759,1.3769037996897209,0.88734523572413604
R043_0013,43,0.919499569525982,1.8691362040667716,1.5207787540679967
R043_0014,43,-0.53048142206234794,0.82750942905580915,0.74131130066818252
R043_0015,43,0.83034573039689774,1.8420524043943893,1.4528918456584461
R043_0016,43,-0.12667829039428558,1.5195357760625454,1.1921024145417887
R043_0017,43,0.64097427456670775,1.768340881533057,1.3637122396041228
R043_0018,43,-0.93007274108336757,-1.2535848251889494,-0.327711254197947
R043_0019,43,-0.0097007284183860953,2.1796699176693624,1.2465334822957097
R043_0020,43,0.088691584655445244,2.8447872157436196,1.2756656558582935
R043_0021,43,0.39519887773430673,1.8180129442520552,1.3174752511648333
R043_0022,43,0.54199645615998704,2.0643230289248278,1.3387913644354328
R043_0023,43,0.6848095449009286,1.5247672185158603,1.3788235816143766
R043_0024,43,-0.84940865513113373,-0.72078295357985001,-0.048047440476858938
R043_0025,43,-0.40272585899983393,-0.18489913449302509,0.93841684951271653
R043_0026,43,0.89317224989918409,1.8026550896040567,1.4986933749877454
R043_0027,43,-0.23534475089998064,-0.18463583443107989,1.1163126667745091
R043_0028,43,-0.51625990362043872,0.26563231337050242,0.76621896520829813
R043_0029,43,0.89868708770330197,2.7996318820910049,1.5031723257054685
R043_0030,43,0.23413483950052649,1.1187858878755708,1.3004591514600345
R043_0031,43,0.50145519042745912,1.9201047116192358,1.3314872648477656
R043_0032,43,-0.86033965764045428,1.3325298938909083,-0.083864572600448772
R043_0033,43,-0.60606686615776106,-1.0090142941996336,0.59542479382181945
R043_0034,43,-0.50410938922123005,-0.33366699907803976,0.78688642509844564
R043_0035,43,-0.37664497490985194,-0.056838402009073752,0.97170463286799813
R043_0036,43,-0.85991742823470352,-0.23766128344369725,-0.082469192936450497
R043_0037,43,-0.4149372770207751,1.2093626872301071,0.92206151576978734
R043_0038,43,0.11304774278554675,1.862663924708623,1.2810654108550379
R043_0039,43,0.71564109793242392,1.4540859635256753,1.3912502430469607
R043_0040,43,0.74099868815330283,1.7136774757095865,1.4026903940251219
R043_0041,43,0.33608501377823674,1.6463087769494602,1.3113862947818689
R043_0042,43,-0.3519169233754722,1.2161920222068798,1.001257435067997
R043_0043,43,0.68916171026406059,0.17899694616414363,1.380483545045488
R043_0044,43,-0.12603450101320335,0.79469489048479836,1.1924728883129643
R043_0045,43,0.83375094708262898,1.1696334062499025,1.4551379764760428
R043_0046,43,-0.75664306013476068,0.19147806610951371,0.2309048259688653
R043_0047,43,0.74556709468889015,1.2949550620781767,1.4048747129835393
R043_0048,43,0.80903734209620137,2.5781981086663803,1.4394183426504044
R043_0049,43,-0.36334849307874317,-0.83586325455132415,0.98783390106645796
R043_0050,43,0.80536681572848234,0.44804842763703689,1.4371967800605534
R043_0051,43,-0.50685687290402393,0.65685727109470748,0.78226205068258581
R043_0052,43,-0.014477129314975024,1.1456917487077287,1.2447735386183141
R043_0053,43,0.34350139686455905,1.1333524453486026,1.312128705917609
R043_0054,43,-0.54575853364317184,0.80173793321415787,0.7136786230382397
R043_0055,43,-0.6487054845290392,-0.90692273933089906,0.50259837575378918
R043_0056,43,0.50139279415761928,1.8496009069424304,1.3314770585303359
R043_0057,43,0.58228134723664682,2.2335591814106603,1.3475773485879867
R043_0058,43,0.9750291949154446,2.642149112135284,1.5734557483242697
R043_0059,43,0.82015717803965971,2.6137698707470349,1.4463255050361181
R043_0060,43,-0.76232545148504838,1.3493285629883722,0.21506760810321901
R043_0061,43,0.25390988089625899,1.4852921995224106,1.3027930084627695
R043_0062,43,0.56362491020162286,1.1633344352262063,1.3433002677496138
R043_0063,43,0.44966220183005357,1.9434504682146907,1.3239246550383879
R043_0064,43,-0.13200956774446126,-0.088438867374331265,1.1890014056863365
R043_0065,43,-0.6272573394563985,1.3369318084186179,0.55027447096900395
R043_0066,43,0.54527446452132278,3.0546717704244255,1.3394453688330725
R043_0067,43,0.13754738749099249,1.9106153930666925,1.2859038463131447
R043_0068,43,0.14422710031730079,2.4895126391095497,1.2871284930729467
R043_0069,43,0.77810111441386787,0.92768320129084403,1.4215753203618702
R043_0070,43,-0.46314260970375742,0.29143711712096154,0.8525158374984193
R043_0071,43,-0.31136626615638674,0.83980589658866989,1.0456701182461439
R043_0072,43,-0.065701826311052702,1.165427269992904,1.2235541005231125
R043_0073,43,-0.76177688264245225,-0.30762132170362744,0.21660343698564999
R043_0074,43,-0.44123539716665472,1.2134019867517589,0.8851234528430636
R043_0075,43,-0.72200066313293432,0.14023787371418997,0.32405998594813679
R043_0076,43,-0.25067639263703057,1.4098552178996564,1.103320146913543
R043_0077,43,0.68404550941988296,0.9826313645471485,1.378535271940418
R043_0078,43,0.7218501451729129,2.5346729636781653,1.393946386145626
R043_0079,43,-0.9881818583200026,1.0393205829845564,-0.55196338656396637
R044_0000,44,0.88286801523947966,1.3281413709428551,1.4905293900431824
R044_0001,44,0.40665649384823555,1.0141071799975971,1.3187390818663507
R044_0002,44,-0.1963736579188986,1.324429169922839,1.1466677484775174
R044_0003,44,0.8158391495908428,-0.034767796525198014,1.4436115011298121
R044_0004,44,-0.86529638711039447,1.047669463629469,-0.10031722293961276
R044_0005,44,0.83633595749028622,0.39800045218503843,1.4568605126390846
R044_0006,44,0.63289402814238094,2.5919096341632932,1.3612283514948715
R044_0007,44,-0.57478851738196024,-0.10453079271847054,0.65861287326628348
R044_0008,44,0.66005825270117602,1.3578588353636991,1.3699418142379507
R044_0009,44,-0.54399587914358349,-0.52094525774216249,0.71691366078203034
R044_0010,44,0.95440160303677946,2.4644189812591,1.5528894774365209
R044_0011,44,-0.029106663722156645,1.8243470179788042,1.2391587749647719
R044_0012,44,-0.53846968657775585,1.2538074392291332,0.72697660314070178
R044_0013,44,0.26066289233382256,0.61559748097298417,1.30355623794376
R044_0014,44,0.044218039139866105,1.9946175860763469,1.2640747299527553
R044_0015,44,0.62671985315358314,2.0451985109509403,1.3593898396419033
R044_0016,44,0.42589644052883791,0.79459797834532997,1.3209622274155801
R044_0017,44,-0.89423187386235869,-0.328325418655942,-0.19902395954507024
R044_0018,44,0.018200114381723198,1.3444371297622086,1.2561261284222205
R044_0019,44,-0.63639010785673533,0.34973828369317617,0.53021933199454141
R044_0020,44,-0.20535110408625212,-0.21345342021719449,1.1400057068793432
R044_0021,44,-0.88379775767521673,1.0734582412906177,-0.16290288406207143
R044_0022,44,0.77222098810590278,0.51345465815232172,1.4184045629138469
R044_0023,44,0.15237168234503762,1.2621546471782537,1.288570466455341
R044_0024,44,-0.59671621351200477,0.27290530710778116,0.6147419818899299
R044_0025,44,0.26308566125696142,-0.94500535588860934,1.3038263536461581
R044_0026,44,-0.68253154244775982,0.62517210121102873,0.42325934606364823
R044_0027,44,-0.28897195764423622,0.59142273739653461,1.0681333131172281
R044_0028,44,-0.89729499519483458,0.491404357907407,-0.20974191054582514
R044_0029,44,-0.30079317756795199,0.56913523875190442,1.0564539426026864
R044_0030,44,-0.85679189901492925,-0.4217841008799264,-0.072169722555641247
R044_0031,44,0.93715926998457344,1.1792699935243842,1.5366125164843862
R044_0032,44,-0.92697168246327522,-0.60457449197916124,-0.3162912011700918
R044_0033,44,0.66424361358447204,0.996787412652413,1.3713785463634864
R044_0034,44,-0.43076281944005435,1.2939079257806698,0.90011739296460447
R044_0035,44,-0.97721478040056131,-0.41809346118780588,-0.50812922635142854
R044_0036,44,0.089651751813822456,0.99358020212604503,1.2758904633860553
R044_0037,44,-0.42535229978949762,1.4040576431413467,0.9077157465672907
R044_0038,44,0.97339086578346001,3.2975106992239231,1.5717778910286786
R044_0039,44,-0.010948794060280598,1.0002572568151882,1.2460770306363931
R044_0040,44,-0.49266408289933872,1.0936837143999261,0.80584535387092104
R044_0041,44,-0.28382963233242786,1.6517543173001128,1.0730913546406626
R044_0042,44,-0.57806425658409877,-0.15011075979525634,0.65218507630318112
R044_0043,44,-0.89393924939495517,2.1407239552903667,-0.19800277225960183
R044_0044,44,-0.25434128513247911,1.323289171253105,1.1001235273248002
R044_0045,44,-0.2842995472984855,0.4586571581389669,1.0726413379976736
R044_0046,44,-0.26377876060309302,1.0284425708023097,1.0917278646908852
R044_0047,44,-0.33950873078111932,2.3087224342507229,1.0153719051026426
R044_0048,44,0.36881783196708717,0.77180529593805469,1.3146930711948341
R044_0049,44,-0.64015118521729653,0.039276334774685118,0.52185456500972516
R044_0050,44,-0.61604700519041122,0.70582712508461831,0.57439930676442352
R044_0051,44,0.87793282152076957,3.5939511268727604,1.4867125607865446
R044_0052,44,-0.063119653237556195,2.486047099660273,1.2247314475842035
R044_0053,44,0.017016763082915221,0.81636924252795895,1.2557423850706018
R044_0054,44,0.48911643419871798,0.92749082494268942,1.3295248731738589
R044_0055,44,-0.90147412461165621,-1.1544418797789358,-0.22444863654241543
R044_0056,44,-0.049802869262932425,1.5378653348228661,1.2306161059121903
R044_0057,44,-0.86223895888908642,-0.48623662434555176,-0.090153212218845313
R044_0058,44,-0.61520614507419635,0.90749592247215505,0.57618712771457181
R044_0059,44,-0.59543997162405016,-0.41731771045753396,0.61735006246643842
R044_0060,44,-0.61164753602920996,-0.14297640072743323,0.58371999395610241
R044_0061,44,-0.0403000987410842,0.1175489119708617,1.2346278034906437
R044_0062,44,0.045766446758198853,1.0681123251314153,1.264519226317804
R044_0063,44,-0.5490884131009417,1.067570849518291,0.70753366241373949
R044_0064,44,0.60214164364199618,2.157406194455211,1.35255958669662
R044_0065,44,0.19952434871684366,1.1534508149896288,1.2959333408664051
R044_0066,44,0.33361961262838569,2.4126397089479346,1.3111397390582131
R044_0067,44,0.84362128303982908,0.7724351874365718,1.461796766611652
R044_0068,44,-0.037381611147066174,0.45280172921431083,1.2358292200866952
R044_0069,44,0.17519119610577527,0.5146129385873468,1.2923306724981034
R044_0070,44,0.45827559214401803,1.2422098891026143,1.3250681517160485
R044_0071,44,0.43413086293958969,0.62119973473505052,1.3219589519803625
R044_0072,44,-0.76959946052185879,1.0500426131775018,0.19456199336799807
R044_0073,44,0.19502785437778702,2.5329134707221996,1.2952963907513602
R044_0074,44,-0.98102269760415539,-0.26378864974802491,-0.52326834835982039
R044_0075,44,0.015766968880502219,0.4616699231270196,1.2553349308469273
R044_0076,44,0.35024269916581918,2.0392971538975067,1.3128056738231406
R044_0077,44,0.52594307634154736,0.70687047658764735,1.3357312367178102
R044_0078,44,0.86622661107525056,1.8647400531667411,1.4778968133993706
R044_0079,44,0.50757204308687753,0.64647393265756781,1.332502283552377
R045_0000,45,0.09563236644220785,1.9670975641378958,1.2772681240279078
R045_0001,45,0.73000656629667859,2.6928022750188663,1.3975907313013312
R045_0002,45,-0.090448680706160633,1.4083656794860475,1.2116522708319546
R045_0003,45,-0.38107237908019687,0.28898008134191611,0.96620914861312746
R045_0004,45,0.10318306944720002,0.49094602380181329,1.2789529378761519
R045_0005,45,0.33475911275161296,2.5809283215978454,1.3112536912267327
R045_0006,45,0.4902615921875999,1.3166420392054263,1.3297023797824876
R045_0007,45,-0.23106242646256114,2.156722412795181,1.119833476708793
R045_0008,45,0.033469068895294996,2.2289292908116751,1.2609021586841838
R045_0009,45,0.67537930541305657,2.0709004794942203,1.3753290743716913
R045_0010,45,0.59000985799049221,2.3002518893078125,1.3494616970558122
R045_0011,45,-0.35870166842861906,-0.23984142814131781,0.9933394805889616
R045_0012,45,0.72218243786264713,-0.49969299223311747,1.3940925675200013
R045_0013,45,-0.0020163730845810246,0.30795179917842685,1.2492912139515171
R045_0014,45,-0.85474862047905975,0.035331319767655342,-0.065464852521697203
R045_0015,45,0.53843432524650336,2.0964092137480614,1.3380921081742483
R045_0016,45,0.2062447706112287,2.5647875455740334,1.2968627513838149
R045_0017,45,-0.23436103103777617,1.0939383076072393,1.1171255934389772
R045_0018,45,0.082461831504026417,0.30916529955876637,1.2741822282595605
R045_0019,45,-0.17664305540800296,1.0609707121134693,1.1606390394961172
R045_0020,45,-0.69132474942996436,-0.32413841780564767,0.40178532478990037
R045_0021,45,-0.6733542442662015,-0.71799412204374702,0.44529445112048582
R045_0022,45,-0.21322254196365287,1.4131130191561836,1.1340037823792684
R045_0023,45,0.61338061136102229,0.44688459688391047,1.3555881801662271
R045_0024,45,-0.43010800661484683,0.36816167532486266,0.9010423299299668
R045_0025,45,-0.0083729749102319229,0.8194931390471234,1.2470164384984976
R045_0026,45,-0.64461943886666506,1.050888452435214,0.51183645341192952
R045_0027,45,0.37708622145344206,1.9706170664996243,1.3155492175378196
R045_0028,45,-0.66744638397348433,1.1373753069105161,0.45927740717663557
R045_0029,45,0.92506419817032426,0.17618002360232721,1.5256780851439458
R045_0030,45,0.65189716103658557,0.30223674495697872,1.3672140826280121
R045_0031,45,-0.31134558908146359,1.4555058909174468,1.0456915222142746
R045_0032,45,0.42170326960713944,1.2692815105060666,1.3204656816429603
R045_0033,45,-0.81112033286463103,-0.65645095170956824,0.072433835766742449
R045_0034,45,0.1512727855815954,2.355182195300503,1.2883791162711422
R045_0035,45,0.98361555258655953,2.1712878713236305,1.5823764842156618
R045_0036,45,-0.80292690360305974,-1.9121577800446339,0.097226694171291594
R045_0037,45,0.44510515601911926,1.3343302910655899,1.3233355624146148
R045_0038,45,-0.94411638129610709,-0.71873832189543507,-0.38011520731335291
R045_0039,45,-0.4588577803409517,0.24258846651078003,0.85902739151438146
R045_0040,45,-0.71849222473719432,1.2265250850214882,0.33317340233776926
R045_0041,45,0.70290105434187433,0.97242571392598132,1.3859246359802557
R045_0042,45,-0.11413031153190101,0.36315234102200922,1.1991701221592432
R045_0043,45,-0.74410945087501523,0.84487845090228275,0.26527811172895777
R045_0044,45,-0.63374801552463755,1.2419317644256025,0.53605851062652199
R045_0045,45,-0.55941754978089175,1.0872904036306847,0.68819141089453983
R045_0046,45,0.34218104252551296,1.0254718982624993,1.3119964014923282
R045_0047,45,0.59127528814760155,1.9216237176474029,1.3497767491788153
R045_0048,45,0.51876652733303796,1.3244510957643927,1.3344365860797338
R045_0049,45,0.97539107718626261,1.7707845441275321,1.573827406172168
R045_0050,45,-0.2072081197799065,1.4678613176651114,1.1386033620897957
R045_0051,45,-0.88976951246182456,-0.48885950209489615,-0.18350274406146716
R045_0052,45,-0.35465665154069215,1.4978219398646175,0.99807727481796649
R045_0053,45,-0.1153055859394394,0.86301333319642981,1.1985217377837645
R045_0054,45,0.7448706606277149,-0.21715658198910903,1.404539232395059
R045_0055,45,0.66450533791040955,2.037420433872426,1.3714692530917976
R045_0056,45,-0.80974391833914661,1.1608953249946847,0.076622883262689179
R045_0057,45,0.30636818112035913,1.736184697401066,1.3083998907251553
R045_0058,45,0.074459570455120527,1.0798427071283667,1.2722122945410297
R045_0059,45,0.36185981815176493,1.423307712076705,1.3139811698843595
R045_0060,45,0.19558919682886411,1.4192390193332201,1.2953765866409142
R045_0061,45,-0.54296022630451457,1.8799287391212642,0.71880869437650163
R045_0062,45,0.48904766363021901,1.750895205008228,1.3295142426371716
R045_0063,45,0.82300658130002002,0.50904618934429613,1.448138783974916
R045_0064,45,-0.30463482815829601,0.45688994543773709,1.0525728987728722
R045_0065,45,0.87012777221739679,1.4430385767006713,1.4807978465278131
R045_0066,45,-0.10838832418092381,1.6581034883025909,1.2022980530555447
R045_0067,45,0.59805861887702849,0.72025764203389475,1.3514974967966844
R045_0068,45,0.042710072495047324,0.62497453810476455,1.2636388448472942
R045_0069,45,-0.40250369109541184,-0.58151338980449574,0.93870980992026065
R045_0070,45,0.030872893037840576,1.1805144862976917,1.2601127304581743
R045_0071,45,0.81201217261789616,1.5176594231073404,1.4412399886980412
R045_0072,45,0.61026474532447494,0.79773890320049068,1.3547328639409513
R045_0073,45,0.15668508786247881,1.160136831212063,1.2893121078353962
R045_0074,45,-0.5478811069304903,0.35675215692748463,0.709766704792685
R045_0075,45,-0.090530681503134147,3.5453511453033943,1.2116109294427242
R045_0076,45,-0.56422767735494039,0.72301530405064696,0.67903803289001285
R045_0077,45,0.90931059542912207,0.56726546472232497,1.512019096236187
R045_0078,45,0.83012016827777302,0.94318634507255628,1.4527439793646135
R045_0079,45,0.65502172544963155,1.5822574550661985,1.3682470119570356
R046_0000,46,0.53867760756361927,2.514278676064051,1.3381394902644701
R046_0001,46,-0.9103794795120963,-0.19354171034735457,-0.25611151597130433
R046_0002,46,-0.19931321475830277,2.1785742170323417,1.1445076553130482
R046_0003,46,0.3223298469014888,2.0539708004770838,1.3100097632684446
R046_0004,46,0.10431023114234783,1.6666666668273744,1.2791993329875142
R046_0005,46,-0.93681519282914905,-1.4050218381215582,-0.35273005970090709
R046_0006,46,0.32791797615463603,0.90687057705432284,1.3105694562847887
R046_0007,46,-0.56552816455202226,-0.050153865366378891,0.67654725775449198
R046_0008,46,-0.60580397121685081,-0.024480673668589636,0.59597293188653944
R046_0009,46,-0.99756465751807433,-0.38287981792647069,-0.59003287767030121
R046_0010,46,-0.68572587071100699,1.5433053695714489,0.41549946928611825
R046_0011,46,0.71783135218896343,2.6052893437722568,1.3921936860848421
R046_0012,46,0.81402428943549898,1.7533136418302573,1.4424829142260596
R046_0013,46,-0.98164397788959845,-1.2031705030255035,-0.52574650128309708
R046_0014,46,0.13091897225664217,0.93836625290301812,1.2846497488385704
R046_0015,46,-0.1426484838776263,0.46425419395942158,1.1826345665490539
R046_0016,46,-0.36602049341229947,1.1551210934135283,0.98463747702653737
R046_0017,46,-0.37012316341202189,0.52705235819583707,0.97968582569543072
R046_0018,46,-0.39568202557436583,1.1054745980224963,0.94762584278856021
R046_0019,46,0.68772865154576857,1.2284152808825501,1.3799336297714091
R046_0020,46,-0.72800940902010147,-1.1565785317783821,0.30831594806385798
R046_0021,46,0.35736530249872622,2.5365312017711381,1.3135247175149027
R046_0022,46,0.35844336994276915,0.90726749828094588,1.3136339889431141
R046_0023,46,-0.8300461508564525,-0.10164058664755019,0.013839598827594113
R046_0024,46,0.79630798972760175,1.8103838184322132,1.4318359886819518
R046_0025,46,0.3934613167334482,2.4326863188212084,1.317286948329502
R046_0026,46,-0.6534478680801854,0.18638912366012678,0.49178386271448304
R046_0027,46,-0.70131676995940984,1.2584220815746625,0.37695075018596502
R046_0028,46,-0.45108962979790213,-0.60370062890241671,0.87066582330611619
R046_0029,46,0.70967058817870976,0.5814968076949607,1.3887202442664561
R046_0030,46,-0.091499234534346163,0.53709130578710995,1.211121654235837
R046_0031,46,0.57259803150969368,1.3323082846691607,1.3453105774753742
R046_0032,46,0.48608132038012952,0.80308964465089694,1.3290588408320376
R046_0033,46,-0.60548512990146608,1.4047009088548488,0.59663732666601654
R046_0034,46,-0.86676609344477074,-0.19532148213528233,-0.10522100101984133
R046_0035,46,-0.65349741822489515,-1.3757934143566195,0.4916703424123251
R046_0036,46,0.81595373258509429,2.3030127384547852,1.4436829953147312
R046_0037,46,-0.51158574870300222,-0.032636239224897001,0.77423584596929051
R046_0038,46,0.97924592262238841,3.0661485495227669,1.5778099078966155
R046_0039,46,-0.49567101094958943,1.8143688481020785,0.80091186736660092
R046_0040,46,-0.11303471966742062,1.7082283259122586,1.1997720416674402
R046_0041,46,0.076187227373452071,1.2408523106794487,1.2726438305756846
R046_0042,46,-0.950870691721446,-0.82311953744349153,-0.40572196570299712
R046_0043,46,0.5803078761366165,-0.53817473141954997,1.3471069884858335
R046_0044,46,0.21200716440150402,1.5050189285103048,1.2976390497397734
R046_0045,46,0.37612502233674427,2.1760390977050772,1.3154490478271677
R046_0046,46,0.010802193077077193,1.3764984762045021,1.2536941974051892
R046_0047,46,0.28596298625893657,1.8160050181954168,1.3062943538936802
R046_0048,46,0.69197085851596163,1.0535043571012446,1.381571067709197
R046_0049,46,-0.149577430882053,1.6091526684371631,1.1783579256719403
R046_0050,46,-0.84893160119370381,-1.3416083928411149,-0.046498824395494465
R046_0051,46,-0.49671591695452033,3.2040368727767436,0.79918959237501486
R046_0052,46,0.091575486503217007,1.9223254565509398,1.2763378367913145
R046_0053,46,0.47244125874750176,2.0331136526399249,1.3270408133069362
R046_0054,46,0.92964983839140958,1.3289930129368246,1.5297774102125756
R046_0055,46,-0.90266889928884786,-0.83535818880163204,-0.22867097839291461
R046_0056,46,-0.80202678035996455,-0.58987190748722695,0.099929445490940738
R046_0057,46,0.34503394866647019,1.2368945606113666,1.3122823740437088
R046_0058,46,0.90952574622331994,-0.76485257855460609,1.5122012678396215
R046_0059,46,-0.92782280565126518,-0.80087829511725217,-0.31942013743684639
R046_0060,46,0.57117228680121768,2.2875996998210337,1.3449854491240154
R046_0061,46,-0.0018680301685474188,1.8332025836045716,1.2493435673995557
R046_0062,46,0.35733211205393123,2.5034023368862028,1.3135213554004734
R046_0063,46,0.35581180456763506,1.2395487363574942,1.3133674767041383
R046_0064,46,-0.94561785246251584,-0.064789795480607648,-0.38578482595336805
R046_0065,46,-0.81869883197079085,1.3769685377007739,0.049193990815502797
R046_0066,46,-0.038508275028562355,2.3065380284698227,1.2353671107333268
R046_0067,46,-0.4573955470028046,0.62759510844342747,0.86123451647077898
R046_0068,46,0.63715543070934277,1.6600775656797173,1.3625271981326181
R046_0069,46,0.5203121375834121,0.37049168470022431,1.3347117262882353
R046_0070,46,-0.38816100551132693,1.2575319212617109,0.95727906035683086
R046_0071,46,-0.87841089365284342,-0.31568827297150259,-0.14448822444830678
R046_0072,46,0.81965718419175637,2.3752124112187207,1.4460091605320791
R046_0073,46,0.30622597569133281,2.0387708391821606,1.3083854363024268
R046_0074,46,-0.79146254059446441,-0.52171750810107387,0.13134160538926376
R046_0075,46,-0.19140877936066003,1.934497584409979,1.1502694079691407
R046_0076,46,-0.5460572132801107,1.6151548890468175,0.71312923276208828
R046_0077,46,-0.010303543129052573,1.8182254459440916,1.2463133172627776
R046_0078,46,0.18137304808599941,1.9883919200364846,1.2932832905787037
R046_0079,46,0.41262931585620377,2.472370752147075,1.3194146604653321
R047_0000,47,-0.49862126106076943,-0.66398173983146991,0.79603859122513387
R047_0001,47,0.094613437896728714,2.192182533917864,1.2770361398115619
R047_0002,47,0.0040238785195483295,2.4665566560945438,1.2513962626478554
R047_0003,47,-0.69212940960706359,-0.87083999045442129,0.39980249322412242
R047_0004,47,-0.64998397597941548,0.62198695131830173,0.49969271409374372
R047_0005,47,0.30259184067948453,2.1656092413149945,1.3080151729050749
R047_0006,47,-0.30731835186865863,1.7725444155768482,1.0498367377423936
R047_0007,47,0.66469702196946967,0.81418782528202449,1.3715357504724504
R047_0008,47,0.087832985776001404,2.098799056966782,1.2754637694424846
R047_0009,47,0.53706351334360614,0.25870669793798728,1.3378261456493452
R047_0010,47,-0.25145279170533907,0.8204396732750997,1.1026459047129575
R047_0011,47,-0.28952833003990963,0.0062843808406869428,1.0675924507278163
R047_0012,47,-0.22551933855938389,0.7786659518053185,1.1243217411512121
R047_0013,47,-0.46992968587091721,0.65410051186715734,0.84206687035003169
R047_0014,47,-0.57998816780068108,2.8702667532015642,0.64838939078713287
R047_0015,47,0.10250161919189593,0.7176130272252812,1.2788033365099762
R047_0016,47,0.61211700677880532,0.63433861121691659,1.3552398491554996
R047_0017,47,0.016084907961072537,2.0652939629257441,1.25543879575527
R047_0018,47,0.54241010828251945,1.8562721511955298,1.338873333742957
R047_0019,47,0.52007139827640225,1.0508701832137561,1.334668739593823
R047_0020,47,0.12446035723320237,1.055595028896259,1.283389293359801
R047_0021,47,0.87727406992336676,0.74948546620612511,1.4862076161717255
R047_0022,47,-0.52889270836319313,0.84269619287048836,0.74413255425004132
R047_0023,47,0.021106446817598323,1.0464924142180343,1.2570601967213568
R047_0024,47,0.050570211713886648,0.20181838116266015,1.2658785585236174
R047_0025,47,0.59969251062515605,0.6748978951782536,1.3519201094705653
R047_0026,47,0.45185315025758199,0.5709435852620337,1.3242117239939584
R047_0027,47,0.21338312820575012,0.53521786515176895,1.2978217032828387
R047_0028,47,0.31015563362663756,0.8152490663567058,1.3087840027450379
R047_0029,47,0.52451971730165625,1.4657387318299209,1.3354709665073616
R047_0030,47,-0.80737249965478641,0.73594255406254072,0.083817323424472123
R047_0031,47,-0.23096501604936348,1.0688353843289427,1.1199130217694604
R047_0032,47,-0.92161976612105878,-1.0186429226057223,-0.29671027984889053
R047_0033,47,0.57356993535983025,1.6248437249267527,1.3455334651758089
R047_0034,47,-0.91871065343959102,-0.84969884591297151,-0.28613468526231722
R047_0035,47,-0.3224475346156277,1.5462006350808668,1.0340198173714865
R047_0036,47,0.91976199107027568,1.0753106719458203,1.5210079597574278
R047_0037,47,0.0059791037765972721,1.001359263407243,1.2520660343736245
R047_0038,47,-0.35238025743400048,2.074205270587469,1.0007212452766352
R047_0039,47,-0.65931334132214348,0.96387596500255279,0.47827006323850185
R047_0040,47,0.65113630614310858,1.994057772345549,1.3669646807622928
R047_0041,47,0.5023207535244445,0.89607307871034758,1.3316291515335721
R047_0042,47,0.36983811274696077,0.75399762004389037,1.3147980737246909
R047_0043,47,0.4296643677429608,0.88040965211023992,1.3214146545788956
R047_0044,47,0.22702027464771746,1.9850392669332046,1.2995786054085381
R047_0045,47,-0.15811207176467246,1.4734388905707871,1.1729466710289627
R047_0046,47,0.18950393867704052,1.8970407719214117,1.2944966339817188
R047_0047,47,0.42872168412380862,2.2564494121380188,1.3213008956693169
R047_0048,47,-0.65803133073783671,-0.14133295933699708,0.48123685318044895
R047_0049,47,0.068237175508673031,1.962194075412222,1.2706290775275728
R047_0050,47,-0.056772115902929299,0.80263098090572726,1.2275752190643279
R047_0051,47,0.042001601982590175,1.2424031401196682,1.26343303212559
R047_0052,47,-0.3894966351909428,0.68509083236591373,0.95557824784425027
R047_0053,47,-0.20205446647422254,0.82771236757326427,1.1424746233064136
R047_0054,47,-0.037219180946237662,2.4217230059370363,1.2358956672067245
R047_0055,47,0.13326204180327661,1.5641996405329439,1.2850975634330115
R047_0056,47,-0.017606530819015864,1.0306309328514001,1.2436011283823249
R047_0057,47,0.84401699718639889,1.2398859209893232,1.4620683612516974
R047_0058,47,-0.23412363102734335,0.64893345297122873,1.117321405671384
R047_0059,47,-0.15145610306028945,0.098317323263902301,1.1771804674506618
R047_0060,47,0.22299779633447292,-0.39147886395796649,1.2990701445232919
R047_0061,47,-0.79602022748690926,0.071284510073705509,0.11785917868702533
R047_0062,47,-0.36144679543442382,1.5529477468249069,0.99009519882477681
R047_0063,47,0.25961232903014242,1.9662906761055921,1.3034385172429332
R047_0064,47,-0.075081697809485481,1.9585158006080263,1.2191760183925764
R047_0065,47,0.47936468544027089,0.5057687394010576,1.3280498523231294
R047_0066,47,0.83798539281790663,2.95467799289503,1.4579675228929783
R047_0067,47,-0.24856526215283603,1.4340227623220887,1.105145495418572
R047_0068,47,-0.17641808283599891,1.5961370633309464,1.160793126069477
R047_0069,47,0.1209813019890349,-0.015734935254749338,1.2826941540135668
R047_0070,47,-0.42240618895385285,2.7502160491689382,0.91181109436277175
R047_0071,47,-0.56248502820711543,1.2631370189020306,0.68236495653709228
R047_0072,47,0.56586339390133422,0.81398301495316883,1.3437938323979499
R047_0073,47,0.63269470110902337,0.72031925989505985,1.3611681999674119
R047_0074,47,0.1697075288599883,1.2618250291162896,1.2914629158513387
R047_0075,47,0.52752440619222529,1.1518702338674531,1.3360224525791036
R047_0076,47,-0.6127446575191704,1.0155042556059644,0.58140335773978991
R047_0077,47,0.22151916398452021,1.9032159432205351,1.2988812343630181
R047_0078,47,0.76743236312504615,1.6222827614918991,1.4158728705922061
R047_0079,47,0.81122498166408619,1.531695878775289,1.4407561001684015
R048_0000,48,-0.081173898961378832,1.6849375017783639,1.2162460805537918
R048_0001,48,0.54019603425002383,2.3116209656438245,1.3384364601917633
R048_0002,48,0.6247576619694597,0.67594090564632126,1.3588161384626809
R048_0003,48,-0.93874153386641179,-0.0042571913969111641,-0.35992567899642047
R048_0004,48,-0.91028764509043159,-1.0497126607992417,-0.25578274033586479
R048_0005,48,-0.63514146787097214,1.3677926111175245,0.53298269063215253
R048_0006,48,-0.50710969247610671,0.86019953973898111,0.78183508973605476
R048_0007,48,0.22822927579445573,3.3342107344027028,1.2997299027709464
R048_0008,48,-0.61889575952401454,-0.5093491601138328,0.56831987090740366
R048_0009,48,-0.83566117826064445,0.36335462261692375,-0.0039038213338666861
R048_0010,48,-0.13785319011977237,1.2183081055358875,1.1855339869051118
R048_0011,48,0.077702776963701092,0.95214752663360414,1.2730195415744947
R048_0012,48,-0.76038018671472574,2.1176600752404995,0.22050707552621884
R048_0013,48,0.66662810559353347,2.0128624417481666,1.3722087269618
R048_0014,48,0.62639314121801526,1.6104086641661246,1.3592939645138231
R048_0015,48,0.12832713489039005,0.79859229169333545,1.2841485613975745
R048_0016,48,0.83320402168565688,1.8040232164374534,1.4547754609545938
R048_0017,48,0.44975805649287204,2.9510709343733152,1.3239371614846329
R048_0018,48,0.33134692956840395,0.97991656138164629,1.3109124648561543
R048_0019,48,0.97012317860370501,2.4486711186254095,1.5684544315630937
R048_0020,48,0.85474107454436576,1.0138039032655517,1.4695666757076555
R048_0021,48,-0.47875799642580286,1.6468259585934066,0.82822597700579825
R048_0022,48,0.14489208259242359,0.64044970935944345,1.2872483095896281
R048_0023,48,0.38778836001363981,0.65235292954132595,1.3166777224363384
R048_0024,48,-0.67154989799664455,0.51203281615160867,0.44958177676820232
R048_0025,48,-0.87179596118330571,-1.0606425304865514,-0.12209186987501197
R048_0026,48,-0.55074899025943269,1.8213652358011285,0.70445278967422265
R048_0027,48,0.46114059290820042,0.9884943470394838,1.3254576065790706
R048_0028,48,-0.18472111382300582,1.5862823506278063,1.1550289176129902
R048_0029,48,0.94006095681021162,1.9672325476548145,1.5392945790877026
R048_0030,48,-0.77574522093094211,-0.04423251502694836,0.17703234064322193
R048_0031,48,0.30417290183934864,2.2888998382049182,1.3081764709526995
R048_0032,48,0.86189234193822917,3.8425743824399796,1.4747164933150128
R048_0033,48,0.6360083144780877,1.366632565452778,1.3621751372418527
R048_0034,48,0.49020555862285131,1.7889538200175419,1.3296936727384039
R048_0035,48,-0.1173598914141758,2.0214194163241039,1.1973817012933665
R048_0036,48,-0.48965848081060614,0.62332058555775516,0.81074307948745905
R048_0037,48,-0.92728954776501293,-0.682203232090143,-0.31745927067712132
R048_0038,48,-0.39005495218246389,0.55413942094137192,0.95486555878399737
R048_0039,48,-0.85850221659650461,-0.22005719936204923,-0.07779919474497321
R048_0040,48,-0.52311673101906453,0.4693233399042307,0.75430720118597494
R048_0041,48,0.10701068972381322,1.9274450744937164,1.2797843332644294
R048_0042,48,-0.05348807471768513,1.5959755940655567,1.2290186722472527
R048_0043,48,-0.60853466316415727,-0.20458276136581355,0.59026516263196094
R048_0044,48,0.65540176651293347,0.37133489728656055,1.3683736085302534
R048_0045,48,-0.62223982445905301,-0.48916606166927568,0.56113903102500284
R048_0046,48,-0.75212391902910447,0.27544119097193281,0.24338688158445754
R048_0047,48,-0.98049263530191788,1.0806109048721946,-0.52115584911066559
R048_0048,48,0.31244019684522795,1.8220423503244039,1.3090149572089496
R048_0049,48,0.11891642359881316,1.0544664382942512,1.2822761195960464
R048_0050,48,-0.087000778488408814,2.4663848371023702,1.213378985427894
R048_0051,48,0.29875892512512903,1.0261118708263641,1.3076226728716225
R048_0052,48,0.39144893893590993,0.65634688222214965,1.317069882435421
R048_0053,48,0.22475208768603916,0.51438979828988185,1.2992928660916352
R048_0054,48,-0.95583861883412413,-0.10574919340630312,-0.42472442642148711
R048_0055,48,-0.42615538744590342,2.0553544935394465,0.90659425060371501
R048_0056,48,0.6938010834975965,-0.98629349566314484,1.3822864593722659
R048_0057,48,-0.33866472770135569,-0.1006993414428603,1.0163149391148074
R048_0058,48,0.61714160689009545,1.2665678353455667,1.3566368962025082
R048_0059,48,0.18287711776906979,1.2555099575710291,1.2935110733257627
R048_0060,48,0.73196257931335595,0.68745267592654369,1.3984822534001458
R048_0061,48,0.90907210013470663,1.7479554075185284,1.5118172986826841
R048_0062,48,-0.26974947436564278,0.47548256252868404,1.0862929041320086
R048_0063,48,0.64195145889314653,1.6205904371002386,1.364018707817102
R048_0064,48,0.49987258469955753,1.2626829587046073,1.3312293011001237
R048_0065,48,-0.016417868117897472,1.2698220849079578,1.2440482673307278
R048_0066,48,-0.80605081404708767,1.5061916638601938,0.087814538354201055
R048_0067,48,0.031235193931812733,1.1749499289597995,1.2602234455373065
R048_0068,48,-0.56115528371122259,2.2032363850090455,0.68489536033284415
R048_0069,48,-0.28136206053741808,1.9757195509798047,1.0754443838239149
R048_0070,48,-0.66696163123546648,0.75659605089976711,0.46041774859596618
R048_0071,48,-0.24729166183757267,0.44241660728657384,1.1062410428083129
R048_0072,48,0.09543853669219593,0.3010741033254003,1.277224079583976
R048_0073,48,-0.58365144416742143,-0.11627278116738893,0.64112002410531044
R048_0074,48,0.052893730199023548,2.1545666743990619,1.2665254829929955
R048_0075,48,0.60492460971777962,0.67079796133178715,1.3532950391680629
R048_0076,48,-0.44045844501006193,1.857340407732647,0.88624890612221086
R048_0077,48,-0.38651177525775626,2.34471025478117,0.95937122672815756
R048_0078,48,-0.51853763239912043,-0.083044004656544046,0.76228207622636435
R048_0079,48,0.73582930078281139,1.1271364336759364,1.4002648746681627
R049_0000,49,0.75637259009236835,0.81928441146024122,1.4101960678922296
R049_0001,49,0.075499499813155957,1.6795010371098813,1.2724724643216918
R049_0002,49,-0.030198603780736022,0.80788706242809494,1.2387258670830481
R049_0003,49,0.60690267593031688,0.98221915495557832,1.3538235305713955
R049_0004,49,0.44336505266145854,1.4360394327107899,1.3231133968516695
R049_0005,49,0.65326933807240284,1.4910245418404253,1.3676659700253864
R049_0006,49,0.12927119347690685,1.1141526287984873,1.2843318288253271
R049_0007,49,0.33217865234498412,3.0697001382166671,1.3109956418576343
R049_0008,49,-0.49815420700053714,0.60635990268381545,0.79681224754338364
R049_0009,49,-0.63557171590806494,0.23987769664148029,0.53203127866455657
R049_0010,49,0.65129621363899748,1.3995761853891653,1.367017028320574
R049_0011,49,0.46204797315879587,0.7736327251859908,1.3255819309344166
R049_0012,49,0.1308212606679644,2.2712583622726736,1.2846309656862638
R049_0013,49,-0.80412536447360905,0.095100974270470054,0.0936217100561616
R049_0014,49,-0.8764448148152173,-0.67581391162201021,-0.13780675777688312
R049_0015,49,0.77119335542256895,1.2374183627730932,1.4178574653024794
R049_0016,49,-0.024861307323996273,1.4300601284736139,1.2408234541917784
R049_0017,49,-0.18507557244140882,0.96477901639004182,1.1547792833316963
R049_0018,49,-0.54672618956493801,1.4300433304393221,0.71189743910808634
R049_0019,49,-0.24578064287052026,0.18860768064272704,1.1075353209488925
R049_0020,49,-0.078031439847299433,-0.91691365484643472,1.2177659722963947
R049_0021,49,-0.85900374830070203,0.38062328764908493,-0.07945294892810062
R049_0022,49,0.85303348085312547,1.7454695642763447,1.4683548007903784
R049_0023,49,0.84368404350181248,2.2037995915825492,1.4618398176584313
R049_0024,49,-0.89923500479850116,0.1174825473503418,-0.21655692804595561
R049_0025,49,0.95134752839817605,1.2643745303414393,1.5499465031286592
R049_0026,49,0.40769656855491498,0.71721125909796424,1.3188558500583594
R049_0027,49,-0.049440866288238849,1.624560451243773,1.2307717574419161
R049_0028,49,-0.58750497789473921,1.310317040552005,0.63341334491867984
R049_0029,49,-0.93963426968158603,-0.83877456452081356,-0.36326758937544046
R049_0030,49,0.67871567052654025,0.96953553023423433,1.3765495693858654
R049_0031,49,-0.8978141240078461,0.19776906089981761,-0.21156350308390537
R049_0032,49,-0.37439138153978324,-0.42641923589248898,0.97447781359752184
R049_0033,49,0.2117224470025123,-0.012901939688871655,1.2976011259879894
R049_0034,49,0.8171688329863247,0.6584142684605987,1.4444429143569084
R049_0035,49,-0.057483396639716577,0.31630401802459529,1.227260096955693
R049_0036,49,0.22426086251375787,2.037561065018747,1.2992306536827438
R049_0037,49,0.57826078104273804,1.0310000422922356,1.3466236538931575
R049_0038,49,-0.71869712365342275,0.24324715822130683,0.33264276676130899
R049_0039,49,0.81713584670267259,1.6043841187350047,1.4444222424509818
R049_0040,49,-0.27277219861720803,-0.32764649396105638,1.0835045816842608
R049_0041,49,-0.32066147725175798,0.30051964429615974,1.0359219261034953
R049_0042,49,0.18872290687736193,0.65692002591896437,1.2943819795091627
R049_0043,49,0.47811710189060364,0.30359416634967995,1.3278657428647249
R049_0044,49,0.42882927341564914,1.816797057988101,1.3213138597173397
R049_0045,49,-0.043958766099808644,-0.088133039531400392,1.2331014434739023
R049_0046,49,0.64642258702072608,0.061407134214804371,1.3654379390532201
R049_0047,49,0.74169472309038853,0.20436221445496061,1.4030207103805288
R049_0048,49,0.82226145373573645,1.356545511120909,1.4476628827628808
R049_0049,49,-0.027349145510364936,0.99599856251503294,1.2398514748778351
R049_0050,49,0.084252654813400385,1.1216364764263069,1.2746130980269863
R049_0051,49,-0.55220312520080661,0.45125969244658215,0.70174592092987875
R049_0052,49,0.94939402290332886,1.8441368364469299,1.548077672471539
R049_0053,49,0.76750608370763151,2.0917635625143647,1.4159115050751738
R049_0054,49,0.22358341925442726,1.7256826096359472,1.2991446628247685
R049_0055,49,0.37564602614796394,1.1023276158328201,1.3153991967331935
R049_0056,49,0.77448419692386961,2.1936750264219347,1.4196168260355644
R049_0057,49,0.065159588973630278,0.98858702567308887,1.2698290166848789
R049_0058,49,0.86572040982355802,2.7485115507065414,1.4775230660052776
R049_0059,49,0.53465980494678256,1.952182761805596,1.3373639342552619
R049_0060,49,0.58944356948985455,-0.52748669393265768,1.3493213087100218
R049_0061,49,-0.82004702537798302,-0.33343474877994705,0.045028549469811052
R049_0062,49,-0.98410634022521437,0.32968773096746595,-0.53559080903226386
R049_0063,49,0.79730874175208388,3.1629592032030533,1.4324197480289071
R049_0064,49,-0.41481047336970533,0.18543752212057518,0.92223391567596957
R049_0065,49,0.53534307924255531,2.0149709082329865,1.3374947865073836
R049_0066,49,0.65695491492994806,1.1594156405060756,1.3688931607100803
R049_0067,49,-0.43870145006111727,1.3274583640234741,0.88878625139030898
R049_0068,49,0.39999605908681457,2.4218196860734507,1.3179995665018793
R049_0069,49,-0.97177964898092473,0.1956055055886331,-0.48666886969055079
R049_0070,49,-0.31091836726280797,1.5810165654382717,1.0461334853192721
R049_0071,49,-0.28412576770278464,2.5864896810264488,1.072807830470988
R049_0072,49,-0.90887310678107358,-1.6517148478290782,-0.25072452395103006
R049_0073,49,0.26373890418614465,0.79709435417900831,1.3038988637582627
R049_0074,49,-0.44379140518643356,1.0374948572994498,0.88140609171638551
R049_0075,49,-0.93199039728133992,-0.39474810846053421,-0.33480062311854963
R049_0076,49,-0.9853953604900354,0.093001785502984657,-0.54075852816693115
R049_0077,49,-0.45996479135487922,2.0111264815264294,0.8573513776141275
R049_0078,49,-0.25083034330262133,1.3650814496053509,1.1031865787199207
R049_0079,49,-0.61261118043449692,1.978245684193034,0.58168547609453047
R050_0000,50,0.88374271982139629,1.3587060467900796,1.4912121458914691
R050_0001,50,-0.29291478922248326,-0.041942348762589177,1.0642816552620111
R050_0002,50,-0.27181740588809422,0.22141219518391697,1.0843880202777243
R050_0003,50,0.1794133230984245,0.21177901135050425,1.2929841782048264
R050_0004,50,-0.36989726203106743,1.6855064487953539,0.97995985702214727
R050_0005,50,-0.78886348000451334,0.43673758285185554,0.13898297436936025
R050_0006,50,-0.70800908572231669,0.45620240617808894,0.36005773948927233
R050_0007,50,0.061722525362848613,0.47124131557116999,1.2689219881203704
R050_0008,50,-0.25468107507276438,1.1854339488789836,1.0998253573509362
R050_0009,50,0.61705713724722178,1.1303977977620399,1.3566131452714285
R050_0010,50,-0.27383038805718329,1.2775807891410569,1.0825225683993751
R050_0011,50,0.52501773352778924,2.0146098009947142,1.3355618330253081
R050_0012,50,0.011196398480675551,1.7536310478429837,1.2538257726438669
R050_0013,50,-0.49388670857979999,0.77181285560599155,0.80384344521457185
R050_0014,50,0.2484939420991652,0.63322311355588579,1.3021691842037237
R050_0015,50,0.11634127367666358,0.97020663556535292,1.2817490116460217
R050_0016,50,0.71564996491599064,0.90549418579807461,1.3912540457937403
R050_0017,50,-0.50377211526197119,0.75853533555996644,0.78745213902191058
R050_0018,50,-0.64447306227137169,0.97649440233736873,0.51216602896495178
R050_0019,50,-0.37599881957769599,1.2605181874710845,0.97250142239137505
R050_0020,50,-0.080839829453246193,1.4542820191111578,1.2164085302270256
R050_0021,50,-0.66135700452654267,1.1159866019906526,0.47352549625784257
R050_0022,50,0.74553114341425197,1.3769249842576257,1.4048573728147766
R050_0023,50,-0.33281964975288036,1.816977888113962,1.0227868784561489
R050_0024,50,-0.82689320351429685,0.79680377468506103,0.023730460515301699
R050_0025,50,-0.79899039163862362,-0.17772656494314953,0.10901613053428183
R050_0026,50,-0.17854225336596796,1.5581919476802037,1.1593336205618696
R050_0027,50,0.74503026628981761,2.0208650065400948,1.4046160369529641
R050_0028,50,-0.57717972960143982,1.2502926243471522,0.65392506405895456
R050_0029,50,-0.71236140093422362,0.016485108158851458,0.34895890766445681
R050_0030,50,0.21172802814390113,1.5038664585390702,1.2976018698100882
R050_0031,50,0.30221626486419528,1.5485368281088712,1.3079768069257711
R050_0032,50,-0.2599039401768819,1.7954316606293694,1.0952036826501697
R050_0033,50,-0.52035075190271063,-0.009670570727887795,0.75913401664832103
R050_0034,50,-0.53067615756366404,0.21910712395313392,0.74096481278384962
R050_0035,50,0.55273250397746376,2.4414485955697529,1.340971776388975
R050_0036,50,0.88728560041554938,0.94446779180083529,1.4939969761678782
R050_0037,50,0.21952985363824529,0.80654837169775606,1.2986253416914415
R050_0038,50,-0.46754947460125629,1.0753216981211198,0.84575018354610199
R050_0039,50,0.55445057020449795,1.3347936197915289,1.3413311208074361
R050_0040,50,-0.21684785625016967,1.4166063366648394,1.1311883793613171
R050_0041,50,0.57014893862032445,0.95227105543473711,1.3447534256664313
R050_0042,50,-0.17159779239777317,1.4103144785375916,1.1640667948842116
R050_0043,50,-0.62081817206186418,-0.22719219830095594,0.56419766645889435
R050_0044,50,-0.92589129132518688,0.30563848263082716,-0.312325337169439
R050_0045,50,0.46944779406233739,-0.28736554235272371,1.3266139165918196
R050_0046,50,0.23989987916611621,0.54167026712762278,1.3011560234424366
R050_0047,50,-0.31464256815568437,0.60026486873832219,1.0422629440031033
R050_0048,50,0.60711007234347036,1.2554947715599232,1.3538792202638419
R050_0049,50,0.91018834362881962,-0.010398772101003484,1.5127630538062025
R050_0050,50,0.21476015769802115,1.3970968124109886,1.298003475162075
R050_0051,50,0.8763329744221533,1.4252584431197886,1.4854880923647948
R050_0052,50,-0.27144303747702758,0.85729403007111571,1.0847337334291403
R050_0053,50,0.94402326763982813,1.7034105867048397,1.5429941383606562
R050_0054,50,-0.036001049384398742,1.5710275726440697,1.2363925809877829
R050_0055,50,0.081221003133288949,1.8099279994808066,1.2738815647472927
R050_0056,50,-0.060505108511928141,1.2490750807771775,1.2259114349850233
R050_0057,50,-0.031690838132680588,0.44743106200301963,1.2381311041866665
R050_0058,50,0.78612206828604836,0.089020898888537259,1.4260122424909658
R050_0059,50,0.024316950664151626,1.0986787413598946,1.258078231381909
R050_0060,50,-0.87713170552116604,0.68578369583684839,-0.14013867424117277
R050_0061,50,-0.10255115132632531,0.27606436797706513,1.2054106653153491
R050_0062,50,0.5128014009395554,1.5571208122421394,1.3333932544829326
R050_0063,50,-0.5166439333000965,-0.59505211559889859,0.7655565893884162
R050_0064,50,-0.70332070962936877,0.19150805187706471,0.37191425865269667
R050_0065,50,0.29244484487336408,2.5170937104457751,1.3069709921335639
R050_0066,50,-0.38604521123749547,0.84529517221616468,0.95996149679152343
R050_0067,50,-0.23776514956986383,1.8077436482136544,1.1143019458148931
R050_0068,50,-0.88848420545306261,-0.74483666396904913,-0.17905247087507159
R050_0069,50,0.42714799851065122,1.8259457985443501,1.3211118382472713
R050_0070,50,0.87340343637069773,1.9014964107864392,1.4832621219889603
R050_0071,50,-0.29874174603329062,1.6855739109240022,1.0585091450313411
R050_0072,50,0.24319405334836142,1.3709699356132956,1.3015478908045814
R050_0073,50,0.11404898883874282,1.6443567195889621,1.2812743583005031
R050_0074,50,0.71031835028181267,1.5383901726635762,1.3889917963125904
R050_0075,50,-0.67531758098144645,1.5455435750254796,0.44061259068988445
R050_0076,50,-0.65679265419508526,1.4319924722215955,0.48409639615262279
R050_0077,50,-0.035275579609792107,2.6140579033780424,1.236687350436372
R050_0078,50,0.095655384862997073,0.82877623080542384,1.2772733518939792
R050_0079,50,-0.64037512628714399,0.1443239272893394,0.52135455996180713
R051_0000,51,0.81662675696419873,3.1800644383844627,1.4441035054467211
R051_0001,51,-0.64631758389290117,-0.060998692492659767,0.50800608368760503
R051_0002,51,-0.15187099336904786,0.50054997401050949,1.1769193979411638
R051_0003,51,-0.44435382839021287,2.4910145555405139,0.88058506065163888
R051_0004,51,-0.23399081891443019,2.2431966833297654,1.117430888952309
R051_0005,51,0.1428627705408434,1.7522730698883904,1.2868814886298512
R051_0006,51,-0.79181148397156909,-0.13926478242060036,0.13031309263942359
R051_0007,51,-0.64242442722245863,-0.52375105471177419,0.51676876503683944
R051_0008,51,0.7291653515556602,1.8067494070558692,1.3972094200534106
R051_0009,51,-0.20128194925388598,0.45441671732531097,1.1430493838993963
R051_0010,51,-0.80235250902584898,-1.5380348881490877,0.098951875786368326
R051_0011,51,-0.53119727544939299,0.22706870823290459,0.74003687579478517
R051_0012,51,-0.83028391233693055,0.12034932382883885,0.013091627598613265
R051_0013,51,-0.49756196510524964,0.81596223417073988,0.79779209885478042
R051_0014,51,0.13843901931036551,1.8798892151142383,1.2860695606549426
R051_0015,51,0.60921281858163367,0.013465305609997591,1.3544468449075291
R051_0016,51,-0.8816811138609093,0.47007467377125767,-0.15564835187487946
R051_0017,51,0.51996241534680943,0.46502222104347768,1.3346492954911258
R051_0018,51,-0.15464001288180862,1.9461228606909133,1.1751673534471829
R051_0019,51,-0.011385731121526632,0.65341022852271669,1.2459166609617294
R051_0020,51,-0.33900019824767957,-0.011069265826374242,1.0159403642929592
R051_0021,51,0.93918777308244139,1.6518220000246193,1.538485072303589
R051_0022,51,0.40800019708550139,2.4625003438873208,1.3188900061807973
R051_0023,51,0.31285172532851946,0.93479721038049557,1.3090565063420629
R051_0024,51,0.82494028234784511,0.72847986491936556,1.4493795201254889
R051_0025,51,-0.29664622610157854,1.5300953829204034,1.0605961585110089
R051_0026,51,0.44178861063447572,1.5050982085621687,1.3229134215779066
R051_0027,51,-0.52550862444431212,-0.16572060899742491,0.75010941960575994
R051_0028,51,-0.49225782732100942,0.70158733606485935,0.80650932031452327
R051_0029,51,-0.70426406237487282,1.3601914961945676,0.36953685207931208
R051_0030,51,0.96121552017578193,1.6717995807163957,1.5595496702517475
R051_0031,51,-0.70127950379543158,0.87916182312067159,0.37704423385373409
R051_0032,51,0.69119875641896011,0.64216466408782935,1.3812708941959917
R051_0033,51,-0.8040684247101344,-0.46453802342718431,0.093793151807994635
R051_0034,51,0.32307852170947315,-0.20353451925440158,1.3100848211427998
R051_0035,51,-0.095337473971827347,0.69008385335819611,1.2091650501989919
R051_0036,51,-0.67087207685013861,0.41903175199580583,0.45118854908061989
R051_0037,51,-0.994925973674331,-0.71970506465312245,-0.57927363131828447
R051_0038,51,0.49158093460792274,1.6520162799797342,1.3299080345603693
R051_0039,51,0.30382929401857295,1.6638141204488965,1.3081414449880713
R051_0040,51,0.075921445745207317,0.35375638471808613,1.2725776687315338
R051_0041,51,0.73629615232354406,2.6385598764634484,1.4004819278197174
R051_0042,51,0.55474025152731277,1.0082093567907218,1.341391998222802
R051_0043,51,-0.54620956154770361,0.38905712314607588,0.71284886794264324
R051_0044,51,0.5771868602632817,0.09218287853866336,1.3463719426336209
R051_0045,51,0.98176498366496046,2.442279623509791,1.5804357081889981
R051_0046,51,-0.86098906104702588,-1.2595683770387525,-0.086012583910245466
R051_0047,51,-0.23816490734176243,0.55044949709752811,1.1139684042717686
R051_0048,51,-0.89620297690215822,0.19770394437798311,-0.20591495332222176
R051_0049,51,-0.54105450945157263,0.68720087355812287,0.72228471944483519
R051_0050,51,-0.17213380961058578,0.37120879426186715,1.1637053804940494
R051_0051,51,-0.42176519335047136,0.66959007458302766,0.91269821968727949
R051_0052,51,-0.53100676519473389,0.56949947616444474,0.74037623344281744
R051_0053,51,-0.60639571648022139,1.860048864063699,0.59473872693972885
R051_0054,51,-0.037617994613513117,1.0013460137562831,1.2357324414466695
R051_0055,51,-0.36570982406292796,0.83251984528275413,0.9850102730113981
R051_0056,51,-0.91468313842234794,-0.31640074020756825,-0.2715720041833849
R051_0057,51,-0.74420012207858965,-0.17136464068463786,0.26503219270486111
R051_0058,51,-0.67823778817625313,0.035716213510951555,0.43361655919385955
R051_0059,51,0.44070468674315211,0.94374302870272586,1.3227766280974091
R051_0060,51,0.24736420890785626,0.88996692251920884,1.3020376702845573
R051_0061,51,0.46297022706436586,0.53998554657472575,1.3257087818974338
R051_0062,51,0.84650220585761171,2.0238026339555923,1.4637822985639901
R051_0063,51,0.049062474287228985,2.2559057701257603,1.2654550958953521
R051_0064,51,-0.35057840235941051,0.34439178979343332,1.0028027112705427
R051_0065,51,-0.3567312352786034,-0.082788988268008068,0.99565373026585713
R051_0066,51,0.54706297519763103,0.58817279862266181,1.3398065105045895
R051_0067,51,0.90036537472423528,1.5430153102259772,1.5045506909580948
R051_0068,51,0.025456718070931306,1.9813702076166417,1.2584361907681227
R051_0069,51,-0.29074262476971069,1.6606429844280828,1.0664089926096683
R051_0070,51,-0.51140358233247163,-0.50205003749969923,0.77454660399765163
R051_0071,51,0.24912945924069718,1.7461399586028086,1.3022429511346794
R051_0072,51,-0.2994421887208889,0.15963394605090941,1.0578087625438546
R051_0073,51,-0.1373293782495828,1.8470223572377968,1.185847741070156
R051_0074,51,0.37914838409926643,0.88953893393169048,1.3157647411799998
R051_0075,51,0.36337017930297111,0.89004076907889007,1.3141351204128406
R051_0076,51,0.32666682085673604,1.0631883457183899,1.3104442376566479
R051_0077,51,-0.39832725237139788,1.6404219530180546,0.94418668606419787
R051_0078,51,-0.30442086187309636,0.91474967577133459,1.0527901709430882
R051_0079,51,0.28053796935172781,1.6730952387069224,1.3057212053264717
R052_0000,52,-0.27117480705158159,0.85727061501952673,1.0849811981503852
R052_0001,52,-0.55913922153386086,0.7110353334018864,0.68871820285022067
R052_0002,52,-0.58178198911722445,0.018056289419012717,0.6448366558480344
R052_0003,52,0.39764957349405328,0.75241852874802762,1.317742272021353
R052_0004,52,-0.3690068875454624,0.36173233146399242,0.98103836019378532
R052_0005,52,-0.32321863088147484,-0.19511332384343971,1.0331957102159404
R052_0006,52,-0.2209178101746665,1.165538024350498,1.1279888902158317
R052_0007,52,-0.6103680419241504,-0.26154664396900584,0.58641525552567708
R052_0008,52,0.079105098634160598,1.7445398666886596,1.2733648290850594
R052_0009,52,-0.69190935260470199,0.29839714497505859,0.40034505112090724
R052_0010,52,-0.96364388396544332,0.73072605706959082,-0.45486918503713492
R052_0011,52,0.08467111368468605,1.6996907406494555,1.2747132596221296
R052_0012,52,-0.31047386130252086,2.5014288086028951,1.0465927672702926
R052_0013,52,-0.38381621786323783,1.0797608110547405,0.96277177425124338
R052_0014,52,0.52098374278705251,2.1247125246295893,1.3348319068821688
R052_0015,52,-0.68084600377430626,0.92305434112576379,0.42733516020124374
R052_0016,52,0.77022199400506253,1.5343117941375954,1.4173422388056482
R052_0017,52,0.28339768081227668,1.1244969086261376,1.3060241573479572
R052_0018,52,0.32963520885504605,3.1049707301494571,1.3107412607312741
R052_0019,52,0.54216550089856552,0.83344277794644617,1.33882484291065
R052_0020,52,-0.88626795232570266,0.41175419032693383,-0.17140019933202955
R052_0021,52,-0.18249396504075466,1.5102165524684419,1.1565907360489966
R052_0022,52,0.97664122967093925,1.8489379713575242,1.5751142418928825
R052_0023,52,0.69791276702352878,1.4645187703463529,1.3839134760538685
R052_0024,52,-0.37501558929341594,1.8291279026210101,0.97371131058256244
R052_0025,52,-0.33612675810141668,1.6010135081483572,1.0191377337961429
R052_0026,52,0.32278822707444466,1.9580927491357631,1.3100557210291652
R052_0027,52,0.96539307779854089,0.79372955920913135,1.5636977592233401
R052_0028,52,-0.78466990410487081,-0.87317089141045345,0.15124040859957844
R052_0029,52,0.29672454737327314,1.7482020112569792,1.3074134351057762
R052_0030,52,0.28568210103544867,2.6867897357336163,1.3062648387879059
R052_0031,52,-0.35811748340489258,2.6812888273726045,0.99402685817710257
R052_0032,52,0.61900716737493133,0.57811721024982998,1.35716377703835
R052_0033,52,0.025783736898417731,1.8966504609371391,1.2585385628903769
R052_0034,52,0.73072633727299108,0.68514205993230659,1.3979179964202699
R052_0035,52,0.39341744218838803,1.2862471884281361,1.3172822042338193
R052_0036,52,0.81907282559491801,3.02226000082163,1.4456401320405912
R052_0037,52,0.090716157457821467,1.1040925625525477,1.2761384952959547
R052_0038,52,0.77882947731623142,1.20978403549366,1.4219728758700292
R052_0039,52,-0.37471232393827791,0.55204870058337541,0.97408386378328915
R052_0040,52,0.12238522899303317,1.6601875758922731,1.2829760496536058
R052_0041,52,-0.11759433080888448,1.4748010164934739,1.1972510558055875
R052_0042,52,0.090498048361191019,0.92101298474585946,1.2760877716131322
R052_0043,52,0.11481589425669703,1.263337515391465,1.2814337325284775
R052_0044,52,0.40978411539173054,1.8251764683499387,1.319091314497246
R052_0045,52,-0.72837645689691266,-0.73732015325937517,0.30734863539064716
R052_0046,52,-0.47487906124570189,0.84083421294121707,0.83434220989088592
R052_0047,52,-0.975608661848268,0.048525636032088371,-0.50176944221934239
R052_0048,52,-0.45706961661187639,0.14618989747066813,0.86172544507041804
R052_0049,52,-0.31280045538053125,0.97902354531078672,1.0441824818365626
R052_0050,52,-0.75643734008701413,0.96563251648392689,0.23147520634537044
R052_0051,52,0.50671689884778526,2.1311921489196193,1.3323586421199489
R052_0052,52,-0.34497427722664376,2.1932083603891313,1.0092127334655112
R052_0053,52,0.91945188293707236,0.89976796083491151,1.5207371228873274
R052_0054,52,-0.68594309321165392,0.50379246688006574,0.41497008027471605
R052_0055,52,0.73600213883184695,1.4841425498950811,1.4003451861674086
R052_0056,52,0.87650601824335928,2.0233523838259657,1.4856202322279879
R052_0057,52,0.99886154888742884,1.2624424651576938,1.5987496467759403
R052_0058,52,0.25279827999637949,0.23696001681438994,1.3026658493637084
R052_0059,52,0.64487009954149133,1.5398369111121843,1.3649419749784033
R052_0060,52,-0.20688057351356393,1.4807322320100238,1.1388513205431223
R052_0061,52,-0.89195069036134589,0.1214696848581131,-0.19107571174860061
R052_0062,52,-0.76248688723315783,0.13054940350197125,0.21461535370311391
R052_0063,52,-0.24774071436666434,-0.11219695325282952,1.1058552532878414
R052_0064,52,0.028346509652630081,0.39009519973646833,1.2593357177598796
R052_0065,52,0.17591200330832368,1.08140031712492,1.2924431285254119
R052_0066,52,-0.58543048488546923,0.59758869256018998,0.63756975202917232
R052_0067,52,-0.18821962562826822,1.8287349083848583,1.1525521705063833
R052_0068,52,0.099992573105394111,1.3738487300478646,1.2782483474869915
R052_0069,52,-0.31013240596581793,0.65647309464108461,1.0469451842795441
R052_0070,52,0.12461170447693681,0.8355730647669215,1.2834192739940735
R052_0071,52,0.11961922547640014,-0.097369231559469416,1.282418861600183
R052_0072,52,-0.30772128330781845,0.8518820508053887,1.049424112279375
R052_0073,52,-0.77689413399594565,-0.13467754933407039,0.17373439452833428
R052_0074,52,0.68320398337042398,1.3721225436877349,1.3782187872056579
R052_0075,52,-0.41272043940716219,1.3362152883627452,0.92506769485503781
R052_0076,52,0.79372293518282633,0.46535773811932757,1.4303377178831944
R052_0077,52,-0.57523565874926064,1.1193491874455219,0.65773806099051335
R052_0078,52,-0.83474158024724354,-0.87239222213582779,-0.00098656653095008373
R052_0079,52,-0.019295631808855296,0.69509426574935052,1.242961899679137
R053_0000,53,-0.4507230785622609,0.67044591033848544,0.87120972001011499
R053_0001,53,-0.06576595105651406,0.099804005956972475,1.2235247106800873
R053_0002,53,0.1493240159557272,0.92722254620893052,1.2880373415768525
R053_0003,53,0.056463472282529015,0.20101372317510013,1.2675061319229546
R053_0004,53,-0.066341603177009434,1.3996440802844836,1.2232605452424694
R053_0005,53,0.23246043559939111,-0.28489157781293906,1.3002540092010224
R053_0006,53,-0.79121207665374538,-0.042824741965050761,0.13207946943626547
R053_0007,53,0.99114030205427928,2.2641502330466317,1.5903715520547477
R053_0008,53,-0.21092012347692779,1.0502470136547186,1.1357750330498262
R053_0009,53,-0.4616850416133309,0.56991934612163964,0.85473823655474146
R053_0010,53,0.7719346005730765,3.8918300981053857,1.4182518846811023
R053_0011,53,-0.34441412882232658,0.91474705741627393,1.009848150732793
R053_0012,53,-0.26330814790455781,1.5359648493452678,1.0921521640716412
R053_0013,53,0.33188433696969954,0.95070578186231669,1.3109662091930234
R053_0014,53,-0.0079555129608606112,1.5403533222438763,1.2471677251944218
R053_0015,53,0.6768227434709897,2.2646486484830417,1.3758549941940088
R053_0016,53,-0.51879006737252675,1.1630854633637782,0.76184453744907921
R053_0017,53,-0.2587790375122534,1.6541067036717778,1.0962052318499862
R053_0018,53,0.0056204654441629476,0.92257686309136178,1.2519436038429257
R053_0019,53,0.46312539138947795,1.9631844754884293,1.3257301725652237
R053_0020,53,-0.99198389643245299,1.1850772175187299,-0.56732636279868931
R053_0021,53,0.84424178276307815,1.0449007700966693,1.4622228009431226
R053_0022,53,-0.60238734321406984,0.66262476135608539,0.60307009401817868
R053_0023,53,-0.9399664325418533,-0.11715488362255144,-0.36451218903830029
R053_0024,53,-0.12407327525057821,0.72282155693768346,1.193596215909855
R053_0025,53,0.58143179071243556,0.87472436908813167,1.3473743311848583
R053_0026,53,-0.74752477372036652,1.4296790995171336,0.25598749445516344
R053_0027,53,-0.98404150351651865,-2.0892588124362756,-0.53533113709183411
R053_0028,53,0.61487798227218682,1.5781571705358184,1.3560035579843073
R053_0029,53,-0.64669424007881893,0.10563341776331536,0.50715476870711418
R053_0030,53,-0.46785479448601675,0.44771664169005548,0.84527885204551123
R053_0031,53,-0.53334135555014273,-0.39391121553887121,0.73620786232863866
R053_0032,53,-0.60863292728398455,1.2961726015776205,0.59005917964222621
R053_0033,53,0.47313000813734507,1.5833074222957668,1.3271398249665225
R053_0034,53,0.10392157025907967,1.2731796751937032,1.2791145207896928
R053_0035,53,-0.51606372386052746,0.16550138577807416,0.7665571191850481
R053_0036,53,0.89079922333107353,1.3341252538175945,1.4967897112473088
R053_0037,53,0.35716276113121159,1.156613133487767,1.3135042023967261
R053_0038,53,0.67194817203901791,2.5712064246946911,1.3740917803197112
R053_0039,53,0.99984767413244802,0.43970416021018499,1.5998324763477969
R053_0040,53,0.26403317140407756,2.1204115202846552,1.3039314837506881
R053_0041,53,-0.46899357850650847,0.51287630785366245,0.84351791129474529
R053_0042,53,0.5566460743908388,1.8252026856275272,1.341794602239559
R053_0043,53,-0.86100402442545154,-1.3866093552172263,-0.086062104517877103
R053_0044,53,0.22903704103909028,2.1274265678501862,1.2998306027502509
R053_0045,53,-0.82918598444599301,1.0172494839075441,0.016543115260968078
R053_0046,53,-0.039806603872641677,1.3575111394078032,1.2348319572259683
R053_0047,53,-0.60577233276502618,1.765716171854963,0.59603887862055005
R053_0048,53,-0.07340674322840246,1.3386273158247102,1.2199695604795169
R053_0049,53,-0.89525254919906816,-0.59895563927979989,-0.20258956805642625
R053_0050,53,-0.42488581971349326,2.6199686861762683,0.90836616562148853
R053_0051,53,-0.51194765447514179,0.53402592455564735,0.77361809573217033
R053_0052,53,-0.23631026018519719,1.3793787304384666,1.1155123809310226
R053_0053,53,0.31163693079499311,1.1844559881400063,1.308933810933415
R053_0054,53,0.72635783789615505,2.3173924035020605,1.3959459204351254
R053_0055,53,0.93589850200781033,2.1842885918487416,1.5354543103861098
R053_0056,53,-0.89617884400186387,0.71169244910541996,-0.20583045457339799
R053_0057,53,-0.92847177435468597,0.32458008887107648,-0.32180866684443021
R053_0058,53,0.35189070441899184,1.1823138343228907,1.3129716412548966
R053_0059,53,-0.09225291129887192,1.4286574425960783,1.2107396856175743
R053_0060,53,0.62968821216987148,3.7617733246217293,1.3602673942979711
R053_0061,53,-0.26893978688987175,1.4923297658778094,1.0870355873469653
R053_0062,53,-0.86311036976821209,-0.58913775743182795,-0.09304497108362586
R053_0063,53,-0.24917085712868658,1.2168080338410747,1.1046230749107486
R053_0064,53,-0.99180614358876218,-2.1684568507943127,-0.56660619396535594
R053_0065,53,-0.64398066963915679,-0.044699276539782673,0.51327398817539338
R053_0066,53,-0.98290516038671449,0.044409628874537144,-0.53078411144560134
R053_0067,53,0.68860453290337276,0.69392040548913103,1.380269346413586
R053_0068,53,-0.59480469982521522,-0.70568587447351416,0.6186457421281748
R053_0069,53,0.51137180928257453,2.0762594688568221,1.333147516210923
R053_0070,53,-0.75811699979016289,0.47943080701975505,0.22681209999587848
R053_0071,53,0.95182877039010916,2.748796445735139,1.5504085136477359
R053_0072,53,-0.2786638067806908,0.5797350986091161,1.0779981111829955
R053_0073,53,-0.044314530808301722,0.70931143785192996,1.2329518130729529
R053_0074,53,-0.58065793640602625,1.2422693216962128,0.64706443573627481
R053_0075,53,-0.7364593361179248,0.522464640411056,0.28588357936080211
R053_0076,53,-0.27497756739220702,0.34052124042257792,1.0814545149730854
R053_0077,53,0.86475603558186687,2.6084526203760277,1.476812730601756
R053_0078,53,-0.66309062619898795,1.1356360278726589,0.46948606736092613
R053_0079,53,0.71262169076506221,-0.10973126918858167,1.3899631669156012
R054_0000,54,-0.35023151477565517,1.3165537813915884,1.0032022808933521
R054_0001,54,0.30438093573393865,1.3575772851312082,1.3081976695290394
R054_0002,54,-0.30042306624145931,1.6766861385925176,1.0568256209824565
R054_0003,54,-0.67908598807701215,-0.75481371851194623,0.43157723015928273
R054_0004,54,-0.0052032755676685305,1.8737133094536196,1.24815844233843
R054_0005,54,0.19074264821422005,1.820416036902714,1.2946776661750625
R054_0006,54,0.41479632071229933,0.68528064321723459,1.3196628644754966
R054_0007,54,-0.27061875695317106,-0.31511337583678056,1.0854935769807621
R054_0008,54,0.0017844348670255084,0.50360760376176661,1.2506221683091214
R054_0009,54,0.18430805413995244,1.3423653255382222,1.2937263584749359
R054_0010,54,-0.30891375118931919,0.73912768383216243,1.0482002099330199
R054_0011,54,-0.75344665634512831,1.3268589238644846,0.23974377061096619
R054_0012,54,0.96509681357997223,1.1896609222628658,1.5634019534263732
R054_0013,54,-0.055605394488064341,2.2445195126307107,1.2280901947697216
R054_0014,54,-0.89397919006474025,0.50798905296905206,-0.19814212748415727
R054_0015,54,0.72318921367873656,2.1410801396890706,1.3945366460207038
R054_0016,54,0.63257957475429927,1.0984382124021388,1.3611334823223633
R054_0017,54,-0.16598740823315672,0.60312961197392856,1.1678106009923428
R054_0018,54,0.51898473057078731,1.7603829033513196,1.3344753080731908
R054_0019,54,-0.45659986651460804,1.5250379111955716,0.86243233563839738
R054_0020,54,0.64728196779733294,2.1357746859781015,1.3657139394395801
R054_0021,54,-0.89613997401440715,-0.93655961208636995,-0.20569436227722737
R054_0022,54,0.88736078413978436,1.4456582182539228,1.4940564115874215
R054_0023,54,-0.55902606038461466,0.72956278968351373,0.68893229402547085
R054_0024,54,-0.86520045167186099,0.035844992975434142,-0.099997532865510941
R054_0025,54,0.98558307863705408,1.9609696851775107,1.5844509105410256
R054_0026,54,0.83914089181062446,-0.19051259608879501,1.458746709211564
R054_0027,54,0.40899683528774844,0.36292578614052706,1.3190023395118655
R054_0028,54,-0.3149104366728932,1.4804276619621446,1.0419829934581377
R054_0029,54,0.2031964148425951,0.90999251023208561,1.2964444574511
R054_0030,54,-0.31888257985121027,1.8394406441799758,1.0378070778893582
R054_0031,54,-0.21180380668662924,0.63235941829232634,1.1350967537621584
R054_0032,54,-0.67064853805141222,0.67428238194932422,0.45171799158225523
R054_0033,54,-0.20885761513375889,0.55987982490480881,1.1373506947772585
R054_0034,54,-0.29393735899949358,-0.61428971172152091,1.0632755879774267
R054_0035,54,-0.064088071799874635,1.1398420616577896,1.224291293372598
R054_0036,54,0.20089988650116353,2.8204843463141054,1.2961257417179914
R054_0037,54,0.11959451759412265,1.4313557138742192,1.2824138513913785
R054_0038,54,0.84290233526017122,1.9423970227774006,1.4613042435552237
R054_0039,54,-0.46973168413279609,1.4401967158016171,0.84237405282020605
R054_0040,54,0.19932347357988522,0.62581060470241534,1.2959051487625564
R054_0041,54,0.38767072939915126,0.60844605610455249,1.3166651762331736
R054_0042,54,-0.71495048773690328,0.21202299386626791,0.34231422095203357
R054_0043,54,-0.67773220012049973,0.79476671469698568,0.43483058772772698
R054_0044,54,0.18766732072735892,2.3669710720161925,1.2942263896044803
R054_0045,54,0.059711969316767366,0.95890489544459101,1.268384727934474
R054_0046,54,-0.73025220885713416,1.8940789589512688,0.3023952512792154
R054_0047,54,0.21454301771204021,0.726361506270639,1.2979748795496833
R054_0048,54,0.70817838617193485,1.4062222316280053,1.3880973916491706
R054_0049,54,-0.63698390875079713,2.1683729955479216,0.52890280780325216
R054_0050,54,-0.23219196569037059,2.3455910247087592,1.118909337255598
R054_0051,54,0.94263404708991194,1.4838877308820912,1.5416921434593727
R054_0052,54,-0.42392758532815722,1.4391446698389034,0.90969991537624395
R054_0053,54,-0.74695866511611753,0.92286915689619531,0.2575313833274353
R054_0054,54,-0.32017331327896104,0.97865959290631688,1.0364401744399709
R054_0055,54,-0.04484795646492401,1.0697503685598013,1.2327270574983393
R054_0056,54,0.85175359185792887,0.58724688673874414,1.4674509391254138
R054_0057,54,-0.92357824276356859,0.023528085964436007,-0.30385690663729514
R054_0058,54,0.26420293596025113,0.19831949168636576,1.3039502901330908
R054_0059,54,-0.67983417651770117,-0.36282235980081412,0.42977563823101861
R054_0060,54,-0.62792409480673284,0.92331553266560085,0.54882254858361035
R054_0061,54,-0.79165862201371895,0.60220330620539064,0.13076373006883824
R054_0062,54,0.26945958775769507,1.9763414794280993,1.3045282898204458
R054_0063,54,0.14228380076087532,1.1044001798256498,1.2867761878043973
R054_0064,54,0.36187023002336227,1.313768160236978,1.3139822301422064
R054_0065,54,-0.016342720880455408,-0.01456950558781922,1.2440764606316161
R054_0066,54,0.16217863342164729,1.4014761434064666,1.2902352956040399
R054_0067,54,-0.82828919111918764,-0.9802185407524554,0.019357629381417052
R054_0068,54,0.41085993307793456,0.87159092749063038,1.3192132439608248
R054_0069,54,0.47428110518402811,1.5884031589170706,1.32730596862883
R054_0070,54,0.27914632669427553,2.1240370803381348,1.3055730812427062
R054_0071,54,-0.19602154274789751,0.46668968193138127,1.1469251118486579
R054_0072,54,0.52304796334203352,2.1899068412998557,1.3352036797309119
R054_0073,54,-0.14754255339104461,1.5610885414103837,1.1796246337050271
R054_0074,54,-0.51951141068600548,0.84670101697957201,0.7605929054094509
R054_0075,54,-0.082955610624108722,0.22492472492006299,1.2153761587095617
R054_0076,54,-0.48387625549782154,0.53868995143330678,0.82007141568293662
R054_0077,54,-0.96699111975817575,-1.4443276093868451,-0.46790537501830953
R054_0078,54,-0.60336869521494352,0.64006812016153536,0.60103662816033221
R054_0079,54,-0.65592476495771534,-0.98661460130903766,0.48609588572797591
R055_0000,55,0.14963313665561029,-0.017167264880784794,1.2880917640702656
R055_0001,55,-0.60419785214759991,0.62993460260651701,0.59931536297357724
R055_0002,55,0.52714267581822272,1.4772468851918519,1.335951954152266
R055_0003,55,0.029715557213856769,0.75738537507121817,1.2597578637168199
R055_0004,55,-0.89988383552465057,-0.54303409187579654,-0.2188408480807702
R055_0005,55,0.83247182242415985,2.0246408036470607,1.4542911946304005
R055_0006,55,-0.45904173614459465,1.1874164916101562,0.85874918537987299
R055_0007,55,0.78998563842392477,1.9262370150033234,1.4281960752437832
R055_0008,55,-0.0058220504282868735,1.8050635362435601,1.2479367121373572
R055_0009,55,0.71126238827395083,2.9333319517122702,1.389388826829447
R055_0010,55,0.10664194976103403,0.84994331902349796,1.2797048929457846
R055_0011,55,0.2411408364917631,0.90292334511451577,1.3013041718413616
R055_0012,55,0.45556746093776601,1.7725020909343356,1.3247042656274439
R055_0013,55,-0.24504811589613174,1.4995069861891737,1.1081606317293697
R055_0014,55,-0.47502347660448985,-0.26991280539936857,0.83411548081031583
R055_0015,55,0.90204767889248028,1.26354989916676,1.5059395683892656
R055_0016,55,0.033210759733738771,0.68445452509971749,1.2608240224544587
R055_0017,55,-0.49214579424994942,1.8967175966142342,0.80669231441793732
R055_0018,55,0.082229572432623632,0.45343542075273924,1.2741260823487828
R055_0019,55,-0.56591402380144418,0.9732972734655615,0.67580692023491684
R055_0020,55,-0.36581221845586676,-1.0229629220321137,0.98488743567371251
R055_0021,55,0.41355284324595409,1.8485827408827102,1.319520231726276
R055_0022,55,-0.046132808383210655,2.4173304135632518,1.2321837039308756
R055_0023,55,-0.30097690566848212,0.91223944904820398,1.0562692914269418
R055_0024,55,0.96635825790581054,1.4730906609765904,1.5646631779577116
R055_0025,55,0.52393293287404319,0.60596640063306551,1.3353641773941851
R055_0026,55,-0.9775011983180657,-1.0235004855975791,-0.5092649597315746
R055_0027,55,0.064333537109998673,0.93395379046444704,1.26961233291609
R055_0028,55,0.083763807981680927,2.4222520373859497,1.2744958398972099
R055_0029,55,-0.31873316942515384,0.21699043458685952,1.037964989522614
R055_0030,55,-0.79571320361618092,0.51819062566682206,0.11877071988099774
R055_0031,55,0.60957267656340086,2.0257549711091518,1.3545445354907595
R055_0032,55,-0.2077337451552479,1.1600604127259322,1.1382049086869694
R055_0033,55,0.48805110689101094,2.169075827069558,1.3293605663754491
R055_0034,55,0.89076203436896528,0.4510410543848149,1.4967599905038966
R055_0035,55,0.027153393077050891,0.043102341841469993,1.258965722795385
R055_0036,55,-0.76351440023167383,0.98819543936399701,0.2117338130768196
R055_0037,55,-0.32661768899057475,1.083951118467934,1.0295420083369091
R055_0038,55,-0.13458099003619539,1.8296529977988447,1.1874844688313018
R055_0039,55,-0.21385648757066011,2.0998095064913245,1.1335138011427863
R055_0040,55,-0.10342060159887034,0.40709587488446064,1.2049512976450734
R055_0041,55,0.35309507706141652,1.6461053761182787,1.3130930735976034
R055_0042,55,0.87444952107201823,-0.16372139075487313,1.4840545754415113
R055_0043,55,0.10294938213982996,1.4320953497220064,1.2789016898694194
R055_0044,55,-0.14107437071864593,0.50510821330140632,1.1835917424186289
R055_0045,55,0.39385220874476223,1.2997721958358412,1.3173292379941384
R055_0046,55,-0.97697896029312181,-1.2398286045747313,-0.50719449169393016
R055_0047,55,-0.39179641974383439,1.4644631014947285,0.95263606130058842
R055_0048,55,-0.18836424413316788,1.7200824976743134,1.1524491718947936
R055_0049,55,0.45032479792912272,1.0203588030700175,1.3240112044472847
R055_0050,55,0.81462859767229179,1.3726578990908591,1.4428579161346156
R055_0051,55,0.17164361411127316,2.7017200698182018,1.2917717798890338
R055_0052,55,0.10910494479785382,0.8012241900860686,1.2802328938072201
R055_0053,55,-0.29369262600454382,1.8957972626936248,1.0635166398974083
R055_0054,55,-0.10753360970790471,1.1832748392760086,1.2027580318552002
R055_0055,55,-0.13437289144146636,1.7081088282158201,1.1876077473807374
R055_0056,55,0.44505273906967235,0.6634595040052037,1.3233288480164298
R055_0057,55,-0.38167174885706157,0.80601987085686888,0.96546035077925418
R055_0058,55,-0.95427673446182282,-1.6549989033499632,-0.4187347699503321
R055_0059,55,0.088293649894902737,1.9690600798825648,1.2755721886527449
R055_0060,55,-0.1509196466483087,1.2045390360138668,1.1775174757292293
R055_0061,55,0.91286059079625992,1.794329530952868,1.5150403096004403
R055_0062,55,0.49458234364805631,1.5094415149562799,1.3303805182077146
R055_0063,55,0.34072489865095168,1.6850136037734231,1.3118505705228198
R055_0064,55,0.27928859547910712,2.2064237053534761,1.3055882455573804
R055_0065,55,0.26820006142288344,3.0741044836870444,1.3043905456545872
R055_0066,55,0.78467739112615731,1.2534477815211313,1.4252034841157628
R055_0067,55,-0.21462398081952005,0.21398053499505698,1.1329192755932009
R055_0068,55,-0.7799403988876612,0.066376815603817668,0.1649581727551015
R055_0069,55,-0.10660870465785832,1.4299115795440782,1.2032541522371765
R055_0070,55,-0.45637347931714189,0.035587950334774354,0.86277272807904548
R055_0071,55,-0.67826549916376644,0.95091117110828305,0.43354998536494849
R055_0072,55,-0.030299233161772854,1.6339318223476507,1.2386858737345054
R055_0073,55,0.60820148389383899,0.09610833057854995,1.3541731581657737
R055_0074,55,-0.049967064419484064,-0.21653232782191245,1.2305454319487874
R055_0075,55,-0.7310556015353491,0.98855078919610051,0.30026854631847621
R055_0076,55,-0.93329581660391003,-0.45959716337034073,-0.33963859472296698
R055_0077,55,0.046799977034826412,1.5582557140015185,1.2648141908851709
R055_0078,55,0.4271165366904055,1.3562804300342373,1.3211080692457839
R055_0079,55,-0.37950776311605949,-0.36841655308971677,0.96815839689934258
R056_0000,56,0.2346999441780564,1.1384617313770118,1.300528102638157
R056_0001,56,0.47701244986763713,0.43829039378741841,1.3277035729618343
R056_0002,56,0.98707386889083204,1.8264570296098399,1.5860302632574346
R056_0003,56,-0.81186398227659162,0.64231517897182189,0.070166517672677342
R056_0004,56,-0.15703015883091043,1.0891768750025288,1.1736414986347126
R056_0005,56,0.74554697652916735,2.0988660222641009,1.4048650092133796
R056_0006,56,0.23295844360964257,1.2658330674709544,1.3003151554584245
R056_0007,56,0.78278242017592614,0.29444356317687626,1.4241490671617463
R056_0008,56,-0.78489387736759864,-1.5961587606169914,0.15058799492693975
R056_0009,56,0.20271209307531679,0.75384383841751856,1.2963775013573862
R056_0010,56,0.13713872088194812,1.0965279502788254,1.2858276596361597
R056_0011,56,0.15641788946614055,0.93162174189865388,1.289266599510402
R056_0012,56,0.32281998828979619,0.23010522104662545,1.3100589050733935
R056_0013,56,-0.24611277490595485,2.0896236014269576,1.107251340719426
R056_0014,56,0.15532276239517051,1.8788832743451636,1.2890794863809294
R056_0015,56,-0.70304167653581806,0.46266136750474879,0.37261667293734146
R056_0016,56,0.33594938030716914,0.41158094320555283,1.3113727292360786
R056_0017,56,0.049694371818702177,0.25820007176615101,1.265632923522239
R056_0018,56,-0.8971373444347388,0.52844298075548213,-0.20918901873856366
R056_0019,56,0.4479132316378347,2.8008624455671782,1.3236973021504843
R056_0020,56,-0.99867076697389634,-0.34727536610966636,-0.59455544341286126
R056_0021,56,-0.69650913658908586,0.16570631606160524,0.38895758484479481
R056_0022,56,0.080144339859155922,1.6748366013776435,1.2736192647884561
R056_0023,56,0.87612983609945516,0.89179520232942389,1.4853330650746426
R056_0024,56,0.091376763967740748,1.8438434865586724,1.2762918099588316
R056_0025,56,-0.59494253582671908,1.3866641686776586,0.61836475953449532
R056_0026,56,-0.5000120405578834,0.49103641339878346,0.79372998230068925
R056_0027,56,0.59106876983826617,0.66325130017688405,1.3497252059690492
R056_0028,56,0.035082797873081217,0.13202258361820896,1.2613882622275587
R056_0029,56,-0.70647335271540324,0.72778843926389403,0.36395280389698637
R056_0030,56,-0.32932223684353756,1.9112408417389162,1.0266103434190048
R056_0031,56,-0.65006742863474387,0.98935880437179224,0.49950279765343231
R056_0032,56,0.1677679062007984,-0.64377739067784101,1.2911507198749552
R056_0033,56,-0.46088418743542259,1.8746307702859542,0.85595608742017437
R056_0034,56,0.81625727553916727,1.7572118044099707,1.4438725291128109
R056_0035,56,-0.19918222587730017,1.724385720716215,1.1446043507555466
R056_0036,56,-0.94014035245811067,0.96415822317535427,-0.36516411148741623
R056_0037,56,-0.50334407291317484,1.2355279538762232,0.78816948294037226
R056_0038,56,0.43403812139929854,1.7342578763806527,1.321947559675156
R056_0039,56,0.31085157558699361,1.4509562078442191,1.3088544131299518
R056_0040,56,0.92944482698826669,3.0508596406645969,1.5295929388901883
R056_0041,56,0.96035594277845182,0.3974218389724522,1.5587022839910265
R056_0042,56,-0.076068034468323997,0.41127711489802943,1.2187063115674888
R056_0043,56,0.031853315879968092,0.13649923882675541,1.260411924845166
R056_0044,56,0.086191033075852408,1.4375370391410787,1.2750754189876987
R056_0045,56,0.11646060442745965,1.2552450429290862,1.2817735799676704
R056_0046,56,-0.73123983681226812,-0.43000231290159741,0.29978041130323341
R056_0047,56,-0.12159124404220756,2.8883934764601573,1.1950064986300672
R056_0048,56,-0.0084853325563198911,0.58494435164419811,1.2469756747403586
R056_0049,56,0.10423052854847592,0.9307881292838287,1.2791819532683482
R056_0050,56,0.74210556858323073,1.4182446365852883,1.403216102507733
R056_0051,56,0.13296228682869016,2.3671238719028818,1.2850405502829372
R056_0052,56,0.34314168216359864,1.7292624247442281,1.3120926536937738
R056_0053,56,-0.45289543809554766,-0.66158455356905121,0.86797939773660548
R056_0054,56,0.3511136114654525,2.110455673356106,1.3128933546943724
R056_0055,56,-0.21045418966821527,2.5350553098883548,1.1361318946431465
R056_0056,56,-0.86423899855435504,-0.53260757485468391,-0.096796379308691227
R056_0057,56,0.71193927677587032,1.4838856438715107,1.3896744360495457
R056_0058,56,-0.37752815203049228,0.90582577032898715,0.97061340826256659
R056_0059,56,0.41520499512514664,1.566301888650359,1.3197098646987988
R056_0060,56,-0.27223672662281695,2.258979666657364,1.0840003424236238
R056_0061,56,-0.045534803175764749,1.7372301708339268,1.2324369456426383
R056_0062,56,0.84457246947288356,0.10475978223528082,1.4624502115377984
R056_0063,56,0.56616661072217433,1.251291413033663,1.3438610909601638
R056_0064,56,0.055737781855129231,1.7423656496759854,1.2673080688434981
R056_0065,56,-0.2189062987187107,1.6833462290638219,1.1295753326748055
R056_0066,56,0.98410456789021361,1.1129984404392339,1.5828910096604929
R056_0067,56,-0.41988884173216134,1.206423852711267,0.91528703287632518
R056_0068,56,0.77044324790615581,1.8349001701808771,1.4174594323193712
R056_0069,56,-0.066474180899620761,1.7632576874850576,1.2231996212236076
R056_0070,56,0.80825387687531691,1.3759021294045191,1.4389417418947885
R056_0071,56,-0.56289125496093373,-0.53733326574480123,0.68159051666523263
R056_0072,56,0.55000593586025603,2.2273626509686197,1.3404074705784423
R056_0073,56,0.48170703131836157,0.58519980300160279,1.3283982887837598
R056_0074,56,0.31640641107189094,0.42371558632118012,1.3094147814497905
R056_0075,56,0.45062861528731601,1.6754364260106365,1.3240509667869667
R056_0076,56,-0.59932174162236151,0.79497796426232437,0.60939624641965562
R056_0077,56,0.22748580362143334,1.9492620011291764,1.2996369451994785
R056_0078,56,0.23145635507855422,0.10285502476547803,1.30013038362973
R056_0079,56,0.78027813717885675,1.4844428169972665,1.4227667472607037
R057_0000,57,-0.16302145065169849,1.1612368976432303,1.1697611544983859
R057_0001,57,-0.42206534001097196,0.30970663785268471,0.91228299648964484
R057_0002,57,0.71117876678702374,0.90086729277861499,1.3893535973284443
R057_0003,57,0.074401833737576251,2.2414861999078455,1.2721978130874736
R057_0004,57,-0.62696345424937716,0.11855063301421498,0.55091382334272754
R057_0005,57,0.20613301963517583,1.5863989495521706,1.2968475115851987
R057_0006,57,-0.66300968324196807,2.4826283705567462,0.46967496840175083
R057_0007,57,-0.81903186808456363,-0.8745032076341468,0.048165903641752772
R057_0008,57,-0.78995529711525703,1.7807474175852647,0.13577713678565129
R057_0009,57,-0.88317291725815683,-0.89906817795133498,-0.16075877082173506
R057_0010,57,0.94439676931119698,1.3466538314191516,1.5433450929523096
R057_0011,57,-0.59481816564024426,1.150011365677079,0.6186182951803586
R057_0012,57,0.19661302902139099,1.0025092365859716,1.2955223534508598
R057_0013,57,-0.72866377120997017,0.93767951322780807,0.30659100228953817
R057_0014,57,0.27079383035847582,1.3064349668095092,1.3046737079312711
R057_0015,57,-0.19353466900138017,0.75011788761515863,1.1487343870236477
R057_0016,57,0.3809154250599156,1.4762342102878971,1.3159501166544509
R057_0017,57,0.097452371154435724,0.91889527804054616,1.2776797327138041
R057_0018,57,-0.4525874660193574,0.42206460695682479,0.86843837022985593
R057_0019,57,0.77840426083710668,2.1070942632605103,1.4217406548413585
R057_0020,57,-0.024383268654203594,0.83441951005157056,1.2410090754376077
R057_0021,57,0.82724840804528088,1.97854125777318,1.450871333736234
R057_0022,57,0.82749283226843917,-0.082868749610796488,1.4510300051189122
R057_0023,57,-0.1373319299504836,0.30705815696335104,1.1858462140549555
R057_0024,57,0.35381291857259378,1.0286812390178506,1.3131655116945717
R057_0025,57,-0.32970851397852652,0.78816108433128607,1.0261898502602107
R057_0026,57,-0.72944356371031338,0.012695351306205416,0.30453274082098547
R057_0027,57,-0.82149876737545857,0.6540520548301032,0.040532630701468397
R057_0028,57,-0.79863616362290335,0.87454402886083493,0.11007312954347959
R057_0029,57,0.62662426631997992,0.80532768660811271,1.3593617746669189
R057_0030,57,-0.56484554996669778,0.089751020972036022,0.67785549665283429
R057_0031,57,-0.91951379940794498,0.99405986559321402,-0.28904961910469962
R057_0032,57,0.27032154773910277,1.3298941097825772,1.3046222920336947
R057_0033,57,-0.35802858173583885,2.4268507845870602,0.99413137064299906
R057_0034,57,0.7808022153770795,2.2043728483185174,1.4230549831749368
R057_0035,57,-0.43753228371802222,1.0904686614874228,0.89046874598267656
R057_0036,57,-0.82012545936556047,0.11421697099301537,0.044785925881341004
R057_0037,57,0.92388060097950175,2.3539912497423607,1.5246291192895702
R057_0038,57,-0.73615621618106841,1.5593030389689411,0.28669421217411273
R057_0039,57,0.4572728051003041,1.1276932791000638,1.324932933275055
R057_0040,57,-0.69539851200435687,-0.96476449427736521,0.39171606794858871
R057_0041,57,0.98831269804353439,1.3251041026301973,1.5873476600854564
R057_0042,57,-0.52395186476696298,1.0628333887935999,0.75284404690974882
R057_0043,57,0.84356314774441188,0.59743845819522656,1.4617568963048719
R057_0044,57,-0.11576970603161385,1.8349672017872654,1.1982649208100811
R057_0045,57,-0.78204155691298838,-0.75302315209899717,0.15887769912588467
R057_0046,57,0.44158656237635641,1.0344729686647143,1.3228878793529597
R057_0047,57,0.75070514488351181,1.1189418564513982,1.4073776781239122
R057_0048,57,0.87572642058892769,1.5566145382499583,1.4850254928066695
R057_0049,57,0.22336950434175362,1.1136156414985217,1.2991174626438782
R057_0050,57,0.92352940624526902,3.3879721163528811,1.524318588649598
R057_0051,57,-0.11557845320288318,0.78977041266790815,1.1983708016722801
R057_0052,57,0.4499631547334737,2.0343508911652677,1.3239639374433856
R057_0053,57,-0.76705976681296217,0.8272124891283763,0.20175120344651387
R057_0054,57,0.38320869127160928,0.096860878058819155,1.316191697539649
R057_0055,57,-0.22208283022840636,3.2377570998217213,1.1270654474197466
R057_0056,57,-0.71030247611147646,0.62249259342466245,0.3542204555369699
R057_0057,57,-0.32021795785814344,1.4668755320418498,1.0363928076461859
R057_0058,57,-0.14102904634354263,1.0254856653076969,1.1836192245193533
R057_0059,57,0.97133924544533157,2.0792904398280867,1.5696876709743477
R057_0060,57,0.41061239708248931,0.79738488433329224,1.3191851535246226
R057_0061,57,-0.85217838113237909,-2.3612792936637845,-0.057062492400669074
R057_0062,57,-0.49433910934711478,0.54046468832493444,0.80310128111015722
R057_0063,57,0.84041278518245632,1.1106951255645003,1.4596078975388156
R057_0064,57,0.59110052978331384,1.3157751079065512,1.3497331294534078
R057_0065,57,0.84003055714265429,1.9937169279485745,1.4593487065843465
R057_0066,57,-0.43492499187738054,1.4803355880613005,0.89420371484392347
R057_0067,57,-0.92824655943355472,0.16932507896486892,-0.32097949240918422
R057_0068,57,-0.53048877687488094,0.72682598705884471,0.74129821711758304
R057_0069,57,0.38830092366604507,1.3042877145703122,1.3167324309360442
R057_0070,57,-0.8180310233949124,0.87282223744887122,0.051253792992252079
R057_0071,57,-0.788094138069521,-0.6718560785873563,0.14123833156186083
R057_0072,57,0.19695750350096319,0.66235443366110869,1.295571252331849
R057_0073,57,0.92973714643118255,1.9123061495450817,1.5298560051055436
R057_0074,57,0.076912758449611207,-0.21663269819106934,1.2728240233921484
R057_0075,57,0.75921282569275461,1.6889447866518179,1.4116314504648566
R057_0076,57,-0.40835549964443651,0.70717886514438011,0.93093866424769478
R057_0077,57,0.74982434111123331,1.412123861148747,1.406945096281176
R057_0078,57,-0.95799530444231218,-0.18831052709918039,-0.43301834692141039
R057_0079,57,0.60872514741528994,2.291050338234482,1.3543147134187352
R058_0000,58,0.015253685609478262,-0.297037937222973,1.2551669456324255
R058_0001,58,0.52939877427087234,0.50756148267509849,1.3363704655465423
R058_0002,58,-0.2995692064945974,1.5560439749025332,1.057681606093289
R058_0003,58,0.73956206697255045,0.82547221532429094,1.4020114272383322
R058_0004,58,0.36756920460273212,0.67036147530357271,1.3145647940051617
R058_0005,58,-0.0098373539396094944,1.0984729022480058,1.246483631975118
R058_0006,58,-0.48220372896251251,0.084969825783541841,0.82274670163821517
R058_0007,58,0.83658310166735639,3.3244586569335492,1.4570259894914928
R058_0008,58,-0.76599629985423956,0.65101651930036941,0.20475210942076316
R058_0009,58,-0.86110007986321668,-0.035535752475656865,-0.086380024196290872
R058_0010,58,-0.45366938240561838,0.65269445960473116,0.86682450267398881
R058_0011,58,0.034831564314790286,2.0008350870747273,1.261312813335457
R058_0012,58,-0.6194733549937157,1.3571577019671865,0.56708300605713491
R058_0013,58,-0.93675594427449749,-0.29980746040888451,-0.35250908009664261
R058_0014,58,0.11792324013743594,1.662932250693673,1.2820735868789919
R058_0015,58,0.91055042733876501,0.7288893069939989,1.5130705294584026
R058_0016,58,-0.82730920598183255,-0.14822164693598724,0.022428427393866857
R058_0017,58,0.89819999728441879,0.14741810770133856,1.5027736244048793
R058_0018,58,0.34469904828323283,0.50993674686718093,1.3122487837689301
R058_0019,58,-0.93410826643717648,-0.2596151776035644,-0.34265449142780779
R058_0020,58,-0.62215492152450991,0.72661891945638357,0.56132194060885687
R058_0021,58,-0.95900590163553812,-0.19267701235200588,-0.43691407657609971
R058_0022,58,-0.97019442335296446,-0.97760444959473136,-0.48044239410621348
R058_0023,58,-0.50586619958893508,0.86329345971322802,0.78393276872330842
R058_0024,58,-0.55909257004334201,1.4583165153938951,0.6888064696937003
R058_0025,58,0.99904098736275593,1.8717684888711652,1.5989464649953824
R058_0026,58,-0.97566294508923801,0.27785069969591447,-0.50198414060445629
R058_0027,58,-0.79715682243169383,-0.21441033303604506,0.11448050483704653
R058_0028,58,-0.27804699084748541,1.7752512483497493,1.0785790697911264
R058_0029,58,-0.2120441415736094,0.082120618968344106,1.1349119512654915
R058_0030,58,0.92517374452281675,0.84443385796605852,1.525775359352171
R058_0031,58,-0.0097984713908549903,1.9776615607021899,1.2464978219182683
R058_0032,58,0.63627471674630653,2.3795737190410549,1.3622567386016489
R058_0033,58,0.9114176798471274,1.4374158241069572,1.5138083713617401
R058_0034,58,0.8891315458614617,1.9885463129262695,1.4954603408094245
R058_0035,58,-0.075950860772358464,0.26597064006252291,1.2187622049912119
R058_0036,58,0.61138725546136219,0.4298652568302842,1.3550395956076537
R058_0037,58,0.87366212353404626,1.8980591121034327,1.4834578407536678
R058_0038,58,0.30191076957212903,1.3816647609167205,1.307945585285339
R058_0039,58,0.7114883401120693,0.87520147775288748,1.3894840792011169
R058_0040,58,0.038259024819028653,2.488433077443287,1.2623348452727787
R058_0041,58,-0.48733126322040476,-0.12701414674195155,0.81451236819399964
R058_0042,58,-0.25860725270372797,0.27259580218986612,1.0963578823295683
R058_0043,58,-0.59455119170868032,0.77797794847676294,0.61916231843469138
R058_0044,58,0.5880201521221855,2.5648202985426081,1.3489700601232024
R058_0045,58,0.71998271657770441,1.0034288193407601,1.3931284577743899
R058_0046,58,-0.95557647777295118,-1.0025283127366125,-0.42371815617273811
R058_0047,58,0.9628941489123144,1.4091541108968204,1.5612105133494851
R058_0048,58,-0.88343724708464721,0.34323075147849891,-0.16166554645143116
R058_0049,58,-0.3412508213166392,0.79796399656938455,1.0134185832762406
R058_0050,58,-0.086608588829531818,0.93418544139835602,1.2135739668010121
R058_0051,58,0.68385312450229119,1.7352348924967345,1.3784628205432816
R058_0052,58,0.7524325028259029,2.3481395144265074,1.4082302547470491
R058_0053,58,0.12113381593785189,1.5604592720257346,1.2827248683804755
R058_0054,58,0.83351425070142793,1.2268160789893097,1.4549810056943961
R058_0055,58,0.24226172328751883,1.3706517959001432,1.3014374365500205
R058_0056,58,0.94322676835360553,2.5945351056933168,1.5422470013333185
R058_0057,58,0.90256386401643351,0.56671908257797099,1.5063671718768279
R058_0058,58,0.74179672866841773,1.50575100757053,1.4030691937885811
R058_0059,58,0.30423076183023157,1.7853323126131577,1.3081823674325754
R058_0060,58,0.717231647262214,2.5513896012914703,1.3919345424390883
R058_0061,58,-0.73161250163190061,-0.27308612924167208,0.29879253134172079
R058_0062,58,-0.34386684458698435,2.4151213375285252,1.0104680509960153
R058_0063,58,-0.61315097845002775,1.3320881489843048,0.58054408727226159
R058_0064,58,0.37769056901732623,0.66129564154027343,1.3156122914664581
R058_0065,58,0.2050726189773211,1.7063596814814628,1.29670254511227
R058_0066,58,-0.62312402139444489,2.1578301696046558,0.5592323294961189
R058_0067,58,0.33519139735588888,-0.39207146868725573,1.3112969223244546
R058_0068,58,-0.93696806278624734,-0.30771531117167539,-0.35330031214845925
R058_0069,58,0.20816569897717452,1.7992354646596751,1.2971236026231443
R058_0070,58,0.67994104580514425,1.571144000218792,1.3770021660770375
R058_0071,58,-0.23245151089636296,1.3973428737669196,1.118696530237133
R058_0072,58,0.45471990337175905,1.5015688390759192,1.3245912140791862
R058_0073,58,0.9591846793401575,2.3803211212182251,1.5575509874868594
R058_0074,58,0.35946621570368231,1.4360021388137445,1.3137377844969682
R058_0075,58,0.14941065429637912,2.5126822494521814,1.2880526027343313
R058_0076,58,0.51731869711636613,1.2430308116562399,1.3341806606496349
R058_0077,58,0.20319574019183273,2.1092671390164228,1.2964443642782293
R058_0078,58,0.42764594804747613,1.6393395581078096,1.321171546368034
R058_0079,58,0.89583766178759872,2.3923911104969373,1.5008485121864603
R059_0000,59,0.26070678828099458,1.5635640300031344,1.30356114880541
R059_0001,59,-0.2665939397455459,0.93999017764506654,1.0891772854691926
R059_0002,59,0.47747379732535844,1.4315234212602328,1.3277712053929673
R059_0003,59,-0.38269108299477383,-0.40079763203477803,0.96418423286940069
R059_0004,59,0.37333689261214187,1.6157080579637881,1.315159479853536
R059_0005,59,0.14898446780292129,1.3507790587656765,1.2879774709588172
R059_0006,59,-0.3329808297142518,0.78200543306675951,1.022609789847861
R059_0007,59,-0.04305875243268531,2.2370651075609969,1.2334790195188392
R059_0008,59,0.9422024136535081,1.8836273144983853,1.5412886892284896
R059_0009,59,-0.70530713734835038,-1.2973064913027372,0.36690329140790756
R059_0010,59,0.37116560355938577,2.0028471647754928,1.3149349495815368
R059_0011,59,-0.075700099466427195,2.8922740098136357,1.2188817365400981
R059_0012,59,-0.18050351044265933,-0.045907526629944684,1.1579768246997482
R059_0013,59,-0.22190963107213912,1.0984359574192948,1.1272029466942284
R059_0014,59,-0.060903323310153912,1.9896893516275975,1.2257324981180835
R059_0015,59,-0.45065021708494424,-0.043596299121285043,0.87131777696870027
R059_0016,59,0.26417956536128551,2.0500560434909927,1.3039477016893986
R059_0017,59,-0.22224767532664891,0.68603647706433146,1.1269345106230444
R059_0018,59,-0.94454266850112401,-0.84036734653454048,-0.38172356778871164
R059_0019,59,-0.95494695797409701,-0.37779751391133176,-0.42130327177345639
R059_0020,59,0.47418065096085504,2.523774156493559,1.3272914361908399
R059_0021,59,0.089760138326831829,1.3286128736928118,1.275915776751267
R059_0022,59,0.41300216945954427,2.4570187681899105,1.3194572456772229
R059_0023,59,0.30024121645092672,1.2211850638757473,1.3077747203328434
R059_0024,59,-0.63868945063896554,1.4316332089541732,0.52511286223049003
R059_0025,59,0.68879924185651409,2.4070737593544589,1.3803441429482199
R059_0026,59,0.61923590771351411,2.3129562940571438,1.3572286863478806
R059_0027,59,-0.21908522519386175,1.177539051416076,1.1294346245865663
R059_0028,59,-0.27601825953225601,2.3250522274250738,1.0804824876494554
R059_0029,59,-0.26693783930412329,1.36473421116973,1.0888642447243611
R059_0030,59,-0.65580981893344448,0.61311920691932775,0.48636045299488906
R059_0031,59,0.68023562634143597,0.57212599565319677,1.3771113193121021
R059_0032,59,0.086309324915913699,1.1618168127339616,1.275103497057561
R059_0033,59,-0.73350735063417116,1.8441850546861616,0.29375926352119097
R059_0034,59,-0.40883444543698455,1.3699984865468156,0.93029758109505867
R059_0035,59,0.25811339017093071,0.63329377975981993,1.3032699187179615
R059_0036,59,-0.36484116608323047,0.86727390970069207,0.98605103151273987
R059_0037,59,-0.40170998017683868,1.8044103664593241,0.93975509756517495
R059_0038,59,0.5306106002004336,1.5751646224402529,1.3365971126516525
R059_0039,59,0.14687016256290852,1.7613056168444448,1.2876025085039884
R059_0040,59,-0.78386535353365239,-0.52107828538726064,0.15358190976292829
R059_0041,59,-0.68845603572753133,1.4455849795770432,0.40883008764693463
R059_0042,59,-0.66937365158047246,-0.57726260571804855,0.45473319421007274
R059_0043,59,0.41311027051983951,0.87255572450710761,1.3194696016731866
R059_0044,59,0.93612488339053512,1.9839997306586437,1.5356619581933817
R059_0045,59,0.19734565578169483,1.6411667114315325,1.2956262641204959
R059_0046,59,0.72794665372177625,1.5054148227140538,1.3966592359491052
R059_0047,59,-0.20098788190682826,0.17652143550155097,1.1432677955730894
R059_0048,59,-0.56666537061869926,0.43891682992648212,0.67436360275992679
R059_0049,59,-0.54518557770450404,1.3692952364063622,0.71473152847517674
R059_0050,59,-0.0153375476623685,1.51489846491105,1.2444527220341788
R059_0051,59,-0.20890479782657878,1.5930613829147473,1.1373147655168412
R059_0052,59,0.88749140748610844,1.5620467344938773,1.4941597075212067
R059_0053,59,0.3988994894146265,0.5538628763291733,1.3178791245045005
R059_0054,59,0.29383814957799226,1.2593639442441198,1.3071153872349934
R059_0055,59,-0.21869307122117809,-0.46318084543101623,1.1297429112496231
R059_0056,59,-0.90864275630005764,-1.2607171208024726,-0.2499018780906439
R059_0057,59,0.30470038979038017,1.6163829612067939,1.3082302108153256
R059_0058,59,-0.17324296385731408,1.1797411723260054,1.1629554472697543
R059_0059,59,-0.44833247215976213,1.2294751809137066,0.87474533599202453
R059_0060,59,-0.28051052075761729,1.2629332019794544,1.076252483383805
R059_0061,59,0.97408968245198313,1.730937955028361,1.5724926214673784
R059_0062,59,-0.033185437220344172,0.83659212582640485,1.2375317323646868
R059_0063,59,0.74570380990302931,1.4141144830445915,1.4049406759330501
R059_0064,59,-0.44433075637110053,1.7549299335976905,0.88061876318667354
R059_0065,59,0.52104222296116487,2.0420413913635143,1.3348423896413957
R059_0066,59,-0.48885235469816668,-0.97611195090715508,0.81205099306059469
R059_0067,59,0.12107049048777485,1.1162809922651729,1.2827121181388277
R059_0068,59,0.23889812378631947,1.4323940367693575,1.3010359596339272
R059_0069,59,0.79766242121498943,1.3702598435079296,1.4326265564252696
R059_0070,59,0.45190639402378574,1.7401054973678449,1.3242187319294882
R059_0071,59,-0.53987996304512165,1.2792390687002211,0.72441997080162113
R059_0072,59,0.91869001892323499,1.1815649475027921,1.5200728160470378
R059_0073,59,0.25557850943815641,1.157621236730352,1.3029830603988086
R059_0074,59,0.89868892520439259,1.3899602527078556,1.5031738309097187
R059_0075,59,-0.47857551125109543,0.90527319909771309,0.82851494671885728
R059_0076,59,-0.76105407391084867,0.31579256126027272,0.21862482130328109
R059_0077,59,-0.42532226230535031,1.992909097098909,0.9077576505841618
R059_0078,59,-0.069506150224412311,0.39561185324554549,1.2217976751040034
R059_0079,59,-0.017358489936770027,0.28800270782599557,1.2436946178341317
R060_0000,60,-0.26250854383215549,0.65428022454084866,1.0928717153304948
R060_0001,60,0.65342761186413267,0.21720190967105868,1.3677182671379935
R060_0002,60,-0.3994806392636201,-0.33387337592212951,0.94267991760602743
R060_0003,60,0.7593928519817339,2.2048487502131184,1.4117229510856
R060_0004,60,-0.76693433207097317,1.433274427700185,0.20210544817227083
R060_0005,60,-0.43014259591487591,1.137445722714356,0.90099350867408823
R060_0006,60,0.86031296618284392,2.3506764529756019,1.4735687349041684
R060_0007,60,-0.56005915107321758,0.42452840968146199,0.68697586619276607
R060_0008,60,0.46221087191275623,2.1860381761454715,1.3256043008393725
R060_0009,60,0.43006920695965212,1.1146724889268833,1.3214636268142792
R060_0010,60,0.15083398801560466,1.8550325933052076,1.2883024326716879
R060_0011,60,-0.067904537047289271,1.501490844580015,1.2225403102226402
R060_0012,60,-0.51839230755800614,0.5797450046419832,0.76253385308170685
R060_0013,60,-0.51655317545127377,2.1765329246772596,0.76571317975728037
R060_0014,60,-0.26802293517994991,0.55873830947414505,1.0878744216161396
R060_0015,60,0.66844026509752452,0.13201566447705693,1.3728453450959097
R060_0016,60,0.11413737840422167,0.84030011210490285,1.2812927565044785
R060_0017,60,-0.52772979448708868,0.87803488972532995,0.74619145940603615
R060_0018,60,0.54473846585827346,2.3281819825849821,1.3393377336218872
R060_0019,60,0.1793599845926932,1.5695948413709315,1.2929760001287967
R060_0020,60,0.077971365297288875,0.75534331423845813,1.2730858496627462
R060_0021,60,0.75670631810295252,0.73244753513442173,1.4103639273138491
R060_0022,60,0.12818758558895271,1.5861185640195372,1.2841214014261371
R060_0023,60,0.84015862362026317,2.2320064746432564,1.4594355120521401
R060_0024,60,-0.2207411139577502,1.2256083990981836,1.1281286510773147
R060_0025,60,0.72519038086207765,2.0488784365957775,1.3954246249266036
R060_0026,60,-0.72181666631321328,0.33473587599756316,0.32453938143245731
R060_0027,60,-0.99577316289527751,-1.3074410095598932,-0.58272350968838182
R060_0028,60,0.87176646330976437,1.675836704753767,1.4820273807254252
R060_0029,60,0.60100638106464843,1.8067925397908682,1.3522622675229663
R060_0030,60,0.31038529535300818,2.8596857721476727,1.3088072437712501
R060_0031,60,-0.16775750063252315,2.3214793845143831,1.1666370939766446
R060_0032,60,-0.80792769773735351,0.39196827193610284,0.082135546684917182
R060_0033,60,-0.73214418923443936,0.91566792411234532,0.29738195303357329
R060_0034,60,0.76394094316580885,0.47448180889206804,1.4140552603341998
R060_0035,60,0.073378952148758669,1.850024944804519,1.2719406103971214
R060_0036,60,0.81652278720054161,1.6820089111457732,1.4440384801416584
R060_0037,60,-0.089570238413947401,1.6578897915828499,1.2120943409116651
R060_0038,60,0.22455490904306474,1.3254370588285604,1.299267908116766
R060_0039,60,0.55775189112742063,1.0378317384150901,1.3420298767423127
R060_0040,60,0.78238893536062792,1.553582798461105,1.4239310323919292
R060_0041,60,0.68189478939057291,1.6985293476169956,1.377728635469242
R060_0042,60,-0.47631413664163236,-0.44606958425047127,0.83208580128708409
R060_0043,60,-0.47590979072623085,0.27008900356016918,0.83272232417599579
R060_0044,60,0.19190896799406798,1.1505755764743342,1.2948472188211557
R060_0045,60,-0.51482334090749649,1.1161288493562722,0.76869175643394072
R060_0046,60,-0.83480450555893171,0.40989511477796392,-0.0011860437420869729
R060_0047,60,-0.19464656361749699,-1.0946509256715791,1.1479272668549592
R060_0048,60,-0.32269979443597219,0.49261546498721709,1.0337504085529217
R060_0049,60,0.55770313462012333,1.3953411966233649,1.3420194772873
R060_0050,60,-0.85398783901348985,0.41172152063428452,-0.062974108121502947
R060_0051,60,-0.54229999298288667,0.70546771614172976,0.72001457883204067
R060_0052,60,-0.72394715322871028,0.58380669806099839,0.3189786405903281
R060_0053,60,0.29472098465641738,1.8687263196423394,1.3072067004903463
R060_0054,60,0.087735733832088325,1.2062389532927948,1.2754408508380366
R060_0055,60,0.93234366912240185,1.5236258840936736,1.5322118381897676
R060_0056,60,0.58754664685706448,0.99798168059289327,1.3488537312799522
R060_0057,60,-0.10277184167898246,1.1289780745016309,1.2052942057218299
R060_0058,60,-0.40648752548369749,1.0215961116133041,0.93343169165280293
R060_0059,60,-0.9144413905220552,-1.3061928466468478,-0.27070079365324551
R060_0060,60,0.50108084091990568,1.8344306976091025,1.3314260756778875
R060_0061,60,-0.82218356686117033,0.20024774108659352,0.038408065379514245
R060_0062,60,0.24261407414544256,1.9721469104192784,1.3014792216544597
R060_0063,60,-0.87260161785933676,0.53610646201062762,-0.12480688650365068
R060_0064,60,0.36552380118078842,1.4601827328101324,1.3143551753509755
R060_0065,60,-0.9372903397938106,-1.6624215412554972,-0.35450294323032305
R060_0066,60,-0.22479183148142279,2.126241989855834,1.1249050543701031
R060_0067,60,0.54664037469411353,1.5864775656649872,1.3397209010587723
R060_0068,60,-0.012123801848620941,0.40841672792700479,1.245645092897486
R060_0069,60,-0.40716103722240926,-0.54614257879872774,0.93253415307344723
R060_0070,60,0.18747108817000968,2.815930932943294,1.2941973852227155
R060_0071,60,-0.24024215403789762,1.4924602120793686,1.1122286118153657
R060_0072,60,0.90749198990750291,1.1442104916589282,1.5104840427312634
R060_0073,60,-0.94708733749625029,-0.5466904025147501,-0.39134622663002405
R060_0074,60,0.051969884940797906,0.55674269962368284,1.2662690809097781
R060_0075,60,0.26903962716639795,1.2921801782496218,1.3044824132574639
R060_0076,60,0.23943276879528641,0.79764338244976996,1.3011000914432755
R060_0077,60,-0.17484597189504059,-0.0062743186229530234,1.161866647331059
R060_0078,60,0.064056962315267363,0.51398025894466504,1.2695395994266225
R060_0079,60,-0.23026875465222441,1.1926396891481161,1.1204808854293264
R061_0000,61,-0.96651827144283753,0.13450053167455467,-0.46605984093728647
R061_0001,61,0.60628620550087664,0.77619055993879249,1.3536583095640498
R061_0002,61,0.23443923796447752,1.0186803041542234,1.3004963102622011
R061_0003,61,0.95869878547686316,0.11498596105242642,1.5570745110971917
R061_0004,61,-0.29891552783651987,1.2795400312796481,1.0583355083866388
R061_0005,61,0.69512368210886222,0.86529293426832798,1.3828068123281052
R061_0006,61,0.42475096640617416,2.6737333872134403,1.3208258698788078
R061_0007,61,0.75258294675075987,0.22695760421601574,1.4083047758119567
R061_0008,61,-0.27733104768713046,0.58734755266131056,1.0792520805648249
R061_0009,61,-0.73390850007203667,0.8512940952629523,0.29269148459429961
R061_0010,61,0.93293666491885041,1.5163355531775538,1.5327503552239929
R061_0011,61,0.10077345150715811,1.2250267184547903,1.2784217792380697
R061_0012,61,-0.8904364115329011,-0.14536265090489542,-0.18581541126695988
R061_0013,61,-0.61786424325283962,1.7818510985874627,0.57052520762859171
R061_0014,61,0.077279974157212994,0.060961154559665554,1.2729149934227231
R061_0015,61,0.49284144505596861,1.1537445266074544,1.3301056765328056
R061_0016,61,0.57787013722480851,1.6163330964238452,1.3465319459173299
R061_0017,61,0.77589060855655689,0.40634042361103395,1.4203752745234477
R061_0018,61,0.98864766627869693,1.1233124850272069,1.5877046488498459
R061_0019,61,-0.40162159342825943,-0.15393995455405407,0.9398713706282591
R061_0020,61,0.23449536859433029,1.3140509829280407,1.3005031577840898
R061_0021,61,0.74730534160889905,1.9547227891164456,1.4057159759119131
R061_0022,61,0.5750377543512053,1.0681580839975702,1.3458720186179303
R061_0023,61,0.17520137653725909,0.46694284092607508,1.2923322633583236
R061_0024,61,-0.29492326609018149,1.761964405986425,1.0623027970287082
R061_0025,61,0.11649111340824225,1.7114825609852324,1.2817798590551643
R061_0026,61,-0.64661224397235229,0.53358704145828706,0.50734014884997303
R061_0027,61,-0.17365129456794071,1.4429470005053344,1.1626786564122877
R061_0028,61,-0.16546805362439687,0.67657154064813141,1.1681535772857481
R061_0029,61,-0.1189587634471212,1.5091072578474596,1.1964884864269698
R061_0030,61,-0.30027593391718854,1.3509695559485715,1.0569732677334358
R061_0031,61,0.41507263220683632,0.12213698428341169,1.3196946353773864
R061_0032,61,0.251507908816621,2.0394834043524024,1.3025176781929844
R061_0033,61,0.67610519290759363,1.0678515636706918,1.3755931513685844
R061_0034,61,0.22048590000985868,2.2487266476628376,1.2987485723921122
R061_0035,61,-0.375881906428152,0.0070997854142973438,0.97264544836077238
R061_0036,61,-0.77023688764574727,0.26403013533355874,0.19275258073419654
R061_0037,61,-0.636171073868953,1.0537288212798774,0.53070456677608224
R061_0038,61,0.25943233283365341,2.5301621498029956,1.3034183112028643
R061_0039,61,-0.93694390667580141,0.26770807577347755,-0.3532101934631644
R061_0040,61,0.56389453039330251,2.5037483799131,1.3433594404122871
R061_0041,61,0.68285785127603416,1.3857328125942117,1.378088936123224
R061_0042,61,0.54061923961879943,0.39793444454587457,1.3385196113751689
R061_0043,61,0.027358037562578374,1.3280103730613217,1.2590293238255776
R061_0044,61,-0.10210361175136251,2.338688936102189,1.2056465413254231
R061_0045,61,0.5217502127911009,1.0521426893411581,1.3349695285457521
R061_0046,61,0.071087963027210099,0.39393061683976538,1.2713600953792255
R061_0047,61,0.84471988605330317,1.2373997311465819,1.4625516697993088
R061_0048,61,0.69891541527852463,0.33843960787715366,1.3843144241600538
R061_0049,61,-0.50640174606510668,3.117948040730413,0.78303005848651985
R061_0050,61,0.6174805215109529,1.457470167141683,1.356732282896512
R061_0051,61,0.31595362216666567,1.58646125541024,1.3093692027812913
R061_0052,61,0.44295844008800156,2.4023126772957371,1.3230617000633309
R061_0053,61,-0.86603289003583517,-0.025265066774583012,-0.10277315926759178
R061_0054,61,0.5685567604827555,1.4097461354956655,1.3443946486991907
R061_0055,61,0.13056675576441035,1.7168896053192175,1.2845820012134279
R061_0056,61,0.15241699273754206,0.12716161885451394,1.2885783351745885
R061_0057,61,-0.85092170664309008,-2.4182691428676995,-0.052967135152566458
R061_0058,61,-0.12008814808463786,-0.28710083675225717,1.1958544175911994
R061_0059,61,0.41021814123511113,0.23919194756821849,1.3191404572576466
R061_0060,61,-0.16257706074092493,0.75043311943339785,1.1700517108493247
R061_0061,61,0.25180600822817456,1.5600343731219253,1.3025519625570063
R061_0062,61,-0.94069748606395054,-0.30047201830292442,-0.36725364155549056
R061_0063,61,0.54380216203260701,2.1495761083925573,1.3391503674416754
R061_0064,61,-0.7023036014776376,0.25512194120552428,0.37447289033606812
R061_0065,61,-0.10891994387830151,1.379753977431182,1.2020112207705964
R061_0066,61,0.54078702924523969,1.3236041355198991,1.338552624828605
R061_0067,61,-0.69908823171885537,-0.099467673576102866,0.38252976786979231
R061_0068,61,0.1394693328702632,1.4326230651014817,1.2862601815700285
R061_0069,61,0.30536413569608434,0.97798110204079758,1.3082977816230026
R061_0070,61,-0.68420111562609565,1.5776365876980702,0.41920933471525901
R061_0071,61,-0.13925504362720331,-0.64173941574962434,1.1846914374224751
R061_0072,61,-0.026219827648546135,1.3784136867343011,1.2402939316087833
R061_0073,61,0.39318243103241901,1.0013597888559103,1.3172568016439583
R061_0074,61,-0.84070112974192934,-0.75992223620666932,-0.019971230500186454
R061_0075,61,0.74808452823933935,0.80166634257099878,1.4060949061140424
R061_0076,61,-0.64707258526075018,-0.047081746238711975,0.50629900639394454
R061_0077,61,0.05255785529019108,1.1003300733959498,1.2664323897695238
R061_0078,61,-0.55529373189243869,0.39462511956624813,0.69596476059530399
R061_0079,61,-0.98800749536274401,-0.41843669301402509,-0.55126089791665489
R062_0000,62,-0.74936544215123568,0.13929487129498783,0.25095685380322497
R062_0001,62,-0.93156979583608268,-0.77712185474849615,-0.33324391323327851
R062_0002,62,0.84856971413024329,0.45639116564843696,1.4652190319148215
R062_0003,62,0.79581254273108448,0.91900134643382403,1.4315477566799737
R062_0004,62,0.048042385333754156,2.4017910699603675,1.2651669456950474
R062_0005,62,0.61140658178590512,1.0894621981112018,1.3550448904128498
R062_0006,62,-0.36927116033481377,0.5922643097321556,0.980718510389751
R062_0007,62,-0.94883722190222919,-0.29777991462256997,-0.39798505547532992
R062_0008,62,0.57608202374678963,1.8331599270800525,1.3461143058668781
R062_0009,62,-0.47578219085334506,0.26850765938610921,0.83292306878177758
R062_0010,62,-0.80015082184621078,-0.37410790340818723,0.10554898467182183
R062_0011,62,0.67846211819648339,0.36674239953257648,1.3764562106148113
R062_0012,62,0.6976139041990379,0.61018363290904365,1.3837942833501358
R062_0013,62,0.54709578157508498,1.7402168883272184,1.3398131635259591
R062_0014,62,-0.72323786880530649,0.62506001621774454,0.32083232538230999
R062_0015,62,0.88841490248846489,1.9195361832183748,1.4948912145983944
R062_0016,62,0.15807339300190337,2.154660851286986,1.2895476476960486
R062_0017,62,-0.93354380765973555,-0.63061134567124477,-0.34055876378913297
R062_0018,62,0.91386389687759118,0.97880446247708763,1.5159001184786653
R062_0019,62,-0.78337316146655156,0.58665119483402561,0.15501274261706333
R062_0020,62,-0.91992310784701692,-0.75000363700997463,-0.29053655983183457
R062_0021,62,0.22647528440184628,0.52457244804582737,1.2995101758139822
R062_0022,62,-0.65480961347922872,-0.29805549779357554,0.48866010948819272
R062_0023,62,0.24150804489454125,0.63865593811178134,1.3013478871597084
R062_0024,62,0.8444575575766482,2.5906210670830618,1.4623711590363715
R062_0025,62,0.83808965191174156,2.4001133669898662,1.4580377032566281
R062_0026,62,-0.30090062094376346,1.4540950211697869,1.0563459711127245
R062_0027,62,0.56832808772965593,2.8618311110436672,1.3443433410162506
R062_0028,62,-0.10606757464781258,0.040075802994927523,1.2035436296355404
R062_0029,62,-0.95688722628433687,0.84224098709675554,-0.42875366088977107
R062_0030,62,-0.006045228392870472,2.7847477365779048,1.2478565957815688
R062_0031,62,-0.73937617019675894,-0.76980416821055675,0.27806047256523359
R062_0032,62,0.22899154391117382,0.7724935437003827,1.2998249390156895
R062_0033,62,0.049094729054774078,0.82645155552479144,1.2654641853434621
R062_0034,62,0.8798434593925657,2.0961270949432471,1.4881831181730438
R062_0035,62,-0.25127450687282171,1.2240392286855033,1.1028008714528161
R062_0036,62,-0.89774955895058217,0.84758011521263432,-0.21133686680107666
R062_0037,62,-0.99652615234238939,0.0053811932584455491,-0.58579339601564295
R062_0038,62,-0.031875434528432667,1.7072706668356528,1.2380572753033703
R062_0039,62,0.12966323586747008,2.0884067846109406,1.2844076941895619
R062_0040,62,-0.99478556973182353,-0.37172810165931292,-0.5787023004131655
R062_0041,62,-0.32436589715871267,-0.58393799147458614,1.0319663204836762
R062_0042,62,0.51252050471053279,1.278423218316922,1.3333448402190577
R062_0043,62,-0.9456085752518304,-0.086922834539132299,-0.38574975499274089
R062_0044,62,-0.43302534002697946,2.1293554974574063,0.8969101790891354
R062_0045,62,0.95348688228175971,2.3183572890745392,1.5520053033844681
R062_0046,62,0.039630403836719674,1.3681604149246456,1.2627393963717217
R062_0047,62,-0.84126247604193716,0.52690727410813998,-0.021769102653639738
R062_0048,62,-0.93163343507649499,0.25600870826163147,-0.33347938707495728
R062_0049,62,-0.2436981384552761,1.3131158334959654,1.1093093626863471
R062_0050,62,0.84305186450791436,1.4262123892724077,1.461406582528832
R062_0051,62,0.17248243528006335,1.7159559717242898,1.2919047484659618
R062_0052,62,-0.8510465973367678,0.3224125408829901,-0.053373762739572284
R062_0053,62,0.79498522692029217,1.0282750558533973,1.4310675946460221
R062_0054,62,0.47429978570419618,1.1584383531957148,1.3273086717942826
R062_0055,62,0.39889443385498002,2.262848497709792,1.3178785700520423
R062_0056,62,0.50157934875957699,1.2752869117866286,1.331507582506448
R062_0057,62,-0.618011119976142,0.62004380214620136,0.57021146980780635
R062_0058,62,-0.94720500058789048,-1.2183029998929547,-0.39179207119904191
R062_0059,62,-0.014819485790586118,1.8520751830064734,1.2446460261439452
R062_0060,62,0.18212323234916927,0.31391127868174473,1.2933970941051358
R062_0061,62,-0.96512896337449439,-1.6055514770561234,-0.46064491531861407
R062_0062,62,0.85611873087552581,2.1693513034729266,1.4705493803119316
R062_0063,62,-0.67234471165913212,0.42586744165964524,0.44769502764425217
R062_0064,62,0.54673232708368236,1.0076695602529246,1.3397395139602579
R062_0065,62,0.9219317596856671,0.81066021236805408,1.5229100619137395
R062_0066,62,0.24351441098902793,0.91810563019437308,1.3015857623816123
R062_0067,62,0.76319960423650368,0.77794120123932875,1.4136723708543846
R062_0068,62,-0.56718817338107819,1.8353316878956811,0.67335796360854183
R062_0069,62,0.25077856182292524,1.195575725456274,1.3024336579100035
R062_0070,62,0.42776751527910584,1.9907442790854941,1.3211861392090423
R062_0071,62,0.18584211499339687,0.8000765292154548,1.2939556339712559
R062_0072,62,0.76347156157509444,1.6725801187691269,1.4138127088276145
R062_0073,62,-0.30208766698506717,0.42603971930580309,1.0551508963697245
R062_0074,62,-0.10131702213508031,1.5335515902899481,1.206060163037471
R062_0075,62,0.80271949111333574,1.619051775455183,1.435612280254646
R062_0076,62,0.2462252848644404,0.92500808566532178,1.3019045866355605
R062_0077,62,0.36992877631260579,1.3875240168158733,1.3148074125978424
R062_0078,62,-0.5411323006949964,0.53867491510268983,0.72214310828296324
R062_0079,62,0.36064714054977265,1.7117879285824931,1.3138577748105729
R063_0000,63,-0.15094427024129087,1.834595443857677,1.1775020206334872
R063_0001,63,0.10940107428291768,1.6135835319985681,1.2802959625757735
R063_0002,63,0.42590529446364545,1.5877722616396079,1.320963283510125
R063_0003,63,-0.73292272991841978,2.0805376038364836,0.29531402272941709
R063_0004,63,0.61935907230061815,1.1524725249073673,1.3572636644594458
R063_0005,63,0.41183918346566939,2.3510400040710726,1.31932457971159
R063_0006,63,0.89250486925807881,1.6426415260766349,1.4981565648300545
R063_0007,63,-0.05314090442036945,1.9468185931054318,1.2291701659900525
R063_0008,63,0.83055729171867609,2.9131829807795953,1.4530306372043478
R063_0009,63,0.17297164995538594,0.57640035543694612,1.2919820626819096
R063_0010,63,-0.010797300548847977,1.5160251822059485,1.2461325644578136
R063_0011,63,0.56168965474545618,1.4684160962111024,1.3428777491969199
R063_0012,63,0.49922157706022752,1.5209738334990017,1.3311237331468799
R063_0013,63,0.080478792209966121,0.75204099095704191,1.2737008862305064
R063_0014,63,0.60106686052014857,1.1645390934825868,1.3522780675607788
R063_0015,63,0.11788958207073907,1.8079954757007084,1.2820667065068407
R063_0016,63,0.10877845691252275,-0.68700112275823222,1.2801632568370238
R063_0017,63,-0.92470101927024784,0.42692130792519067,-0.30796378317545559
R063_0018,63,-0.16735801993582111,-0.0040819425623155325,1.1669025516069513
R063_0019,63,0.66459130917617792,1.0124495627339885,1.3714990707279935
R063_0020,63,-0.63023136262336621,0.38408332912148835,0.54378340676334258
R063_0021,63,-0.012864146925109177,1.4635888580715686,1.2453718372393012
R063_0022,63,-8.5488665579669387e-05,0.95149523426748728,1.2499700734853445
R063_0023,63,-0.24980125264663244,2.2893006535020466,1.1040782388392267
R063_0024,63,-0.11282816007848173,0.22408931594568604,1.1998852554424828
R063_0025,63,0.55288173360703419,0.64919650106337001,1.3410028728106569
R063_0026,63,-0.11557767352828274,1.3773483961065431,1.1983712331623273
R063_0027,63,-0.79476491781285352,0.80152554723853986,0.12158311782635978
R063_0028,63,-0.92459299948710361,-0.67956815426481354,-0.30756835972203578
R063_0029,63,0.10238581820218573,-0.3264947695769389,1.2787778663678149
R063_0030,63,-0.83564283563854569,-0.773576234267501,-0.003845589284187767
R063_0031,63,-0.29172413133389741,0.85604277881023805,1.0654493851953606
R063_0032,63,0.83686509789670738,0.083167344363524132,1.4572149707051247
R063_0033,63,-0.91405368816631682,-0.2698865092992036,-0.26930427790248079
R063_0034,63,-0.017039934026889636,0.42227438847923005,1.2438145427987111
R063_0035,63,-0.73713331468223475,0.68775706906519374,0.2840795750209455
R063_0036,63,0.96728289265311407,2.221524743847191,1.565590530070752
R063_0037,63,0.44189313950232822,1.015538273339035,1.3229266435647411
R063_0038,63,0.95120165743457896,1.255790476857386,1.5498065887103656
R063_0039,63,-0.51343272052745315,1.3648167424091473,0.77107796307944154
R063_0040,63,0.25020400260889053,2.6263962471692297,1.3023673300048209
R063_0041,63,0.11871511179791105,2.2730626462020136,1.2822351445868523
R063_0042,63,0.22298532827369932,1.4388469743273662,1.2990685561616782
R063_0043,63,-0.84627293526088443,-0.40062432479221416,-0.037890406171191993
R063_0044,63,0.8591244252320891,2.2267895372739317,1.472708904265065
R063_0045,63,-0.50565198547727652,-0.55827239149208918,0.78429354196758461
R063_0046,63,-0.33097144607544138,1.2412398856513065,1.0248119403206362
R063_0047,63,-0.82223185007690303,0.51305845344371814,0.038258176462636406
R063_0048,63,0.49423425227436035,1.1253296503435055,1.3303253886804214
R063_0049,63,0.87023108347963274,2.385619260582831,1.4808751707090935
R063_0050,63,0.25049267484579363,0.92447530729723137,1.30240067010714
R063_0051,63,0.36964617908447739,1.9671851319901816,1.3147783078950697
R063_0052,63,0.1553169382902917,0.83981492474467501,1.289078488712927
R063_0053,63,0.86226262132847387,-0.83319258479703429,1.4749864393459915
R063_0054,63,0.1636869942016248,1.251729350716174,1.2904846761875031
R063_0055,63,-0.65781403944532491,0.76938915938535901,0.48173897514035913
R063_0056,63,0.14441921955461545,1.9256420832221945,1.2871631477157306
R063_0057,63,0.58187363627123401,0.55982455284208399,1.3474798177003704
R063_0058,63,0.1293249161507688,2.1332320886950393,1.284342233209028
R063_0059,63,0.56413547031155065,1.2287119973535681,1.343412382521632
R063_0060,63,-0.067856105210156059,1.3934505391911447,1.222562694831381
R063_0061,63,-0.68653796929062283,-0.27265499268565818,0.41351921052577656
R063_0062,63,-0.84617881791382232,-0.027883004981187669,-0.037586354449196113
R063_0063,63,-0.81888213955692635,-2.1335972377694006,0.048628188868988564
R063_0064,63,0.23102579675396973,1.7062240414608127,1.300077230601751
R063_0065,63,-0.28361814856481105,0.25173415507104324,1.0732936830957072
R063_0066,63,0.82504210117121257,1.5501449212176641,1.4494450799181697
R063_0067,63,0.64444301624622669,3.0672198755517748,1.3648061305139121
R063_0068,63,0.70316490976689705,1.8126931456721742,1.3860321636969419
R063_0069,63,0.1149538874964362,0.476535409615503,1.2814623481007839
R063_0070,63,0.37222296616601303,1.1724308463139366,1.3150441870082075
R063_0071,63,0.7822267153604805,2.6224552410013873,1.4238412353944483
R063_0072,63,-0.01983530509457454,0.60261427427751058,1.2427567107289195
R063_0073,63,-0.58755725460311181,-0.28163937982032583,0.63330837430749898
R063_0074,63,-0.87373081734213787,0.090256520613141933,-0.1286181525394563
R063_0075,63,-0.048797546099863531,1.6893744488989009,1.2310478109299463
R063_0076,63,-0.81203398033294838,0.75335151279392054,0.06964780922288405
R063_0077,63,0.10235085631275553,1.786251588269389,1.2787701738478019
R063_0078,63,-0.52867401197729791,1.408402827926426,0.74452015022517104
R063_0079,63,-0.32845045281494145,-0.29993626526690109,1.0275577143243582
R064_0000,64,-0.8475385542195788,-0.41577215982356835,-0.041983632954684991
R064_0001,64,0.34643879775522346,1.667698839394723,1.3124233457323666
R064_0002,64,-0.083675218442075261,0.93777160077370048,1.2150231252306865
R064_0003,64,0.94998848523370283,0.25000192524890941,1.5486452463854246
R064_0004,64,0.8518614947261367,1.9437988282692593,1.4675269928318264
R064_0005,64,-0.30114243447966005,1.7445974233386838,1.0561028484677788
R064_0006,64,0.81595044018538987,1.5880912705398369,1.4436809406204711
R064_0007,64,0.51083833668558243,1.8409533779208831,1.3330562356705342
R064_0008,64,0.2046441757415125,0.39905344981858648,1.2966437892187861
R064_0009,64,-0.2351106465651398,1.3537582586479755,1.1165063503544093
R064_0010,64,0.88319961421000581,1.4125586941574457,1.4907879987461652
R064_0011,64,0.56995721653516784,0.32541629642067771,1.3447100808420038
R064_0012,64,0.44654717788961329,1.1307396352397792,1.3235208237583604
R064_0013,64,0.63158303287524165,1.1559046441368592,1.3608337090983298
R064_0014,64,0.66460996935624128,1.6664112366642532,1.3715055441415653
R064_0015,64,-0.15551545616638607,1.8748252734029189,1.1746099348705237
R064_0016,64,0.3528859741805499,1.2225840684324387,1.3130719815113072
R064_0017,64,0.23834356567450121,0.11712398560279169,1.3009693108533267
R064_0018,64,-0.76411591519556699,-0.0029599081811091943,0.21004451641097721
R064_0019,64,0.30798479589752947,2.1155181999237933,1.30856404162185
R064_0020,64,0.4505293324869124,2.1741387189759838,1.3240379677179708
R064_0021,64,0.44248310316774719,1.0093052429012412,1.3230013690329316
R064_0022,64,0.71538592139690582,1.5340837976607151,1.3911408644808532
R064_0023,64,-0.14380709367352185,1.317140575928704,1.181926657257137
R064_0024,64,0.89497637157955756,2.1832791447956432,1.5001501475129926
R064_0025,64,-0.61345509034011592,-0.40229733169500415,0.57990050411495653
R064_0026,64,-0.078080525869154371,-0.32457002095567877,1.2177423720987637
R064_0027,64,-0.48659562805668655,2.2607083379312267,0.81569967997465376
R064_0028,64,0.77024454054669445,1.514224979521106,1.4173541768272604
R064_0029,64,-0.26064409396613741,1.6270717346880068,1.0945428497382588
R064_0030,64,0.65765764524795411,0.83487482497266086,1.3691293881800628
R064_0031,64,-0.11157338399815586,0.72672811374621715,1.2005711495920093
R064_0032,64,0.64959485144030582,2.535743276809697,1.366461940403938
R064_0033,64,-0.88925795047487988,0.26813573473556762,-0.18173041265852774
R064_0034,64,0.72304472245747098,0.27475315394454825,1.3944728032409512
R064_0035,64,-0.046720296569084496,1.2829750053784761,1.2319343213063358
R064_0036,64,-0.057044796004592113,1.8496001503920236,1.2274545173575717
R064_0037,64,0.69253644923198365,1.212321641510933,1.3817915652871515
R064_0038,64,-0.97375860088124,-0.084186005322855917,-0.49446254410860235
R064_0039,64,0.10073244873809695,1.4927145615395139,1.2784126884863294
R064_0040,64,-0.92064423506578064,0.1380414169833879,-0.29315857853308258
R064_0041,64,0.57989377757331528,1.1857602216444814,1.3470088421683977
R064_0042,64,0.50865004519150236,0.56827990920155225,1.3326841764928765
R064_0043,64,-0.4125560565080304,2.0148717408427568,0.92528995131904979
R064_0044,64,-0.057015865257600051,1.4340576332442454,1.2274673297302519
R064_0045,64,0.39037354229708221,1.0829793651437853,1.3169543209024617
R064_0046,64,0.37692399795596043,0.7949668516714905,1.31553229904502
R064_0047,64,0.99191944945955557,2.0865359208518912,1.5912089416346054
R064_0048,64,-0.86480846580682114,-0.5504480394278366,-0.098691816063030124
R064_0049,64,-0.63926643826705432,1.5086909921480554,0.52382783819222867
R064_0050,64,0.55789183997981384,0.90098888856329862,1.3420597402853374
R064_0051,64,0.033419590959427703,1.5985134455470311,1.2608871990212309
R064_0052,64,0.43743216766680781,1.0390055207450382,1.3223670500632869
R064_0053,64,0.16755683496815887,1.76213509662836,1.2911165779503897
R064_0054,64,-0.66534980377044972,0.22239119679756758,0.4642018388421808
R064_0055,64,0.60737620744121723,-0.1614407583013675,1.3539507599923801
R064_0056,64,-0.06472650284726944,2.6342340254793832,1.2240002041333777
R064_0057,64,-0.07262644278471786,1.6676567826490911,1.2203374882949087
R064_0058,64,-0.76861843869465107,0.25049473594701904,0.19734280068602228
R064_0059,64,-0.4719279151316853,1.6588767586062922,0.83895885392482306
R064_0060,64,-0.28887982482251906,1.3032269495173261,1.0682227938700912
R064_0061,64,-0.9194393859840424,1.5733024754614056,-0.28877939058062929
R064_0062,64,0.74252319665594402,0.51667671148665906,1.4034150385563089
R064_0063,64,-0.57837442288211705,0.80034374374760442,0.65157417628654912
R064_0064,64,-0.30562019177609501,1.70956875874824,1.0515706137608596
R064_0065,64,0.38473360699911607,-0.22981025131743671,1.3163529876624795
R064_0066,64,-0.48363713847684275,0.67616219058490656,0.82045452449658596
R064_0067,64,-0.53198367073195651,0.38333416677501336,0.73863456802376659
R064_0068,64,0.95751882675345512,2.3801034636027634,1.5559201868098689
R064_0069,64,-0.63716724343307485,1.8379529084699833,0.5284960229269714
R064_0070,64,-0.38674755816682782,0.57724155568281699,0.95907265951454568
R064_0071,64,0.054306244414551452,0.48476828207506362,1.2669154280943837
R064_0072,64,-0.084245007348337397,-0.36475673258675445,1.2147429023876424
R064_0073,64,0.1905462593760785,1.1227324389136935,1.2946490306657434
R064_0074,64,-0.18826045042570017,1.6168128064969989,1.1525230996882738
R064_0075,64,-0.85039930731487723,1.2634495494385098,-0.051267172914032155
R064_0076,64,-0.46454143006800597,2.5659502257621041,0.85037585273714944
R064_0077,64,0.37069422968923971,1.6943380369532872,1.3148863130259505
R064_0078,64,0.96125096680596855,1.7432683177683981,1.5595846589529052
R064_0079,64,0.26093600895805502,2.1080615195568271,1.3035867826606282
R065_0000,65,0.5504656927190299,2.0481616705436139,1.3405021138650794
R065_0001,65,0.94356669247240421,0.80253862118718722,1.5425656458812873
R065_0002,65,-0.74396470602538156,1.9105141059823889,0.26567060703978473
R065_0003,65,-0.83887528679807333,1.1196755090728572,-0.014134955545101358
R065_0004,65,-0.93308497543115587,-0.021990262283905326,-0.33885654574190593
R065_0005,65,0.77624925210916018,0.73456567095447811,1.4205693133585577
R065_0006,65,0.38330006451256793,1.3620304617732737,1.3162013472164067
R065_0007,65,0.96084415886790797,0.095355746603573266,1.5591833198855516
R065_0008,65,-0.910949665391519,-0.38452992365131144,-0.25815389005345568
R065_0009,65,0.76272078040243541,1.4373355627939466,1.4134256313389699
R065_0010,65,-0.96922066097368487,-0.0044689265973023584,-0.47662494361083141
R065_0011,65,0.042975407982866365,-0.4116928379500755,1.2637157565250936
R065_0012,65,-0.30033129847008677,0.2056788610887258,1.0569177168503521
R065_0013,65,-0.24237484551963573,2.0419762667436974,1.1104307941966085
R065_0014,65,-0.58289484769392819,1.8570815203873843,0.64262593620522812
R065_0015,65,-0.090328478987047323,2.3268677898636811,1.2117128483618924
R065_0016,65,-0.032782264755879087,1.8197573385923378,1.2376937769169813
R065_0017,65,-0.8673079286707186,0.067396911376500585,-0.10703181446598187
R065_0018,65,0.54229852172892379,1.9837902340832532,1.3388512059077025
R065_0019,65,0.12888358392699062,1.105400833813911,1.2842566825228263
R065_0020,65,-0.6470332268019976,1.5128950727391874,0.50638805898643757
R065_0021,65,0.93120463049455537,1.8655146584987772,1.5311801016506563
R065_0022,65,0.42044741607810843,1.6860090423446707,1.3203183420420279
R065_0023,65,0.58169431614543377,1.9528742121127525,1.3474369803852637
R065_0024,65,0.18987162024675408,1.4043230981914374,1.294550472353756
R065_0025,65,-0.46072379843025879,1.6996219933536632,0.85619971378225546
R065_0026,65,0.72722728901544587,-0.32560920810351313,1.3963357153820768
R065_0027,65,-0.05611261798116618,1.4939566176884176,1.2278666060524863
R065_0028,65,-0.85737013358568448,-1.3506418059167202,-0.074071214728857804
R065_0029,65,-0.036076320267290907,0.69346065334279039,1.2363619472213869
R065_0030,65,0.71114921565347555,2.1075970038868879,1.3893411503610362
R065_0031,65,0.81910519309163621,0.45598223535123283,1.445660552914303
R065_0032,65,-0.64102821668315646,0.22925488905888708,0.51989511550186307
R065_0033,65,-0.9033480945486807,0.32279133074488542,-0.23107479821664434
R065_0034,65,-0.27315678245586583,1.0232799064933129,1.0831480365483872
R065_0035,65,-0.73254169130123192,-0.2196459509984251,0.29632648632664482
R065_0036,65,-0.97468579104756436,-0.824224693704533,-0.49812200463666256
R065_0037,65,-0.76729057905150033,0.6351166773294219,0.2010991547877734
R065_0038,65,-0.82817625482409296,-0.92233592583734325,0.019711772794626325
R065_0039,65,-0.65900928165909756,2.0340153359399964,0.47897437264850984
R065_0040,65,-0.78290058519430472,0.090380672472168508,0.15638540557620173
R065_0041,65,-0.24729447297918106,0.46121977200595066,1.1062386293426349
R065_0042,65,-0.95143344117826145,-1.1566996617561731,-0.40786732489410094
R065_0043,65,0.69360123817928931,-0.14099405039978108,1.3822080807993442
R065_0044,65,0.65549784413557766,0.86037894740481191,1.3684056463629455
R065_0045,65,-0.61405752956742821,-0.40327855946493363,0.57862441592732961
R065_0046,65,-0.5731053015611649,-0.46332986092516815,0.66189868689721698
R065_0047,65,0.93935583836238923,1.5915415364951517,1.5386407197825192
R065_0048,65,-0.83676920966411306,0.57291787285226481,-0.007424755866064281
R065_0049,65,0.046827403832687242,1.5314993236032695,1.2648219995794348
R065_0050,65,0.65559914656959317,2.313621422360038,1.3684394409436593
R065_0051,65,-0.31710177077798596,0.59502864910246989,1.0396849529183303
R065_0052,65,-0.88602114808912624,0.99841595375301173,-0.17054970349074416
R065_0053,65,-0.37321925007034418,0.2428172925250851,0.97591379381009369
R065_0054,65,-0.88860002147749939,-1.5857861066764403,-0.17945310214389187
R065_0055,65,0.66335982818028905,1.3699526469862977,1.371073003016914
R065_0056,65,0.58463194017562903,0.72613648341653736,1.3481432886135953
R065_0057,65,-0.4183871394411558,0.6672547714470195,0.91735034161413243
R065_0058,65,-0.30776239376406189,0.78997703271140796,1.0493819864320142
R065_0059,65,0.67108797793702757,1.8780126143273113,1.3737844069826832
R065_0060,65,-0.37263036885007916,1.5947624729689227,0.97663358411155143
R065_0061,65,-0.14739111179058417,0.44108462156190087,1.1797185471549312
R065_0062,65,-0.020741182909528755,0.46423636847332284,1.2424112463894588
R065_0063,65,0.92521871960866564,0.91907292341346047,1.5258153052701702
R065_0064,65,0.86711050820147362,1.8120800241197597,1.478550901417925
R065_0065,65,0.039206519104842297,0.32461437392622183,1.2626146180906184
R065_0066,65,-0.42547208888149268,0.42979668404936255,0.90754860326024689
R065_0067,65,0.80730528914633082,1.7877991969180105,1.4383664486057137
R065_0068,65,0.39403622068608946,2.695091857940441,1.3173491601912257
R065_0069,65,0.55166819588613869,1.1510415521327444,1.3407506329136643
R065_0070,65,0.93621708019570082,1.786129021983246,1.5357465653363405
R065_0071,65,-0.1726903039049259,0.58878343001442024,1.1633294677873198
R065_0072,65,-0.44192634612308868,0.57284423065543821,0.88412081187490399
R065_0073,65,0.30016307054113422,2.8931799452168114,1.3077667127393184
R065_0074,65,-0.85856093485460749,1.0628459148711344,-0.077992743007282428
R065_0075,65,-0.36486401478287656,-0.12866664339474521,0.98602368634747206
R065_0076,65,0.12148227626739105,2.0143187317271511,1.2827949605304916
R065_0077,65,0.026825422648375286,0.79148576940910098,1.2588636731987348
R065_0078,65,0.42882143978186993,2.1999881689223679,1.321312915630243
R065_0079,65,0.48470114524751806,0.96542239306268596,1.3288490211319077
R066_0000,66,-0.070946118419096038,1.6591808370951926,1.2211260221889522
R066_0001,66,0.46108942198465819,1.7624391122069341,1.3254506095513137
R066_0002,66,-0.65249945055712266,1.2781810665149211,0.49395460406746639
R066_0003,66,-0.20932657779601449,0.32542378777848247,1.1369933419122364
R066_0004,66,-0.044826875021247492,1.9402267951332215,1.2327359492193204
R066_0005,66,-0.023989714421620123,2.081125166300426,1.2411616154783074
R066_0006,66,0.53591416550273907,1.222736840630078,1.3376044794285087
R066_0007,66,0.35795207226782355,2.3369301669161322,1.3135841757411217
R066_0008,66,-0.86060548920089985,1.8552775151455718,-0.084743581402288326
R066_0009,66,-0.04741743093561146,0.82923346534608755,1.2316376291376878
R066_0010,66,-0.70589337997806778,-0.4973648275019521,0.36542091135695998
R066_0011,66,-0.37443382394056068,1.4410649480326099,0.97442573529910581
R066_0012,66,0.29453466384979388,1.680968292598148,1.3071874403653814
R066_0013,66,0.92307255969197666,1.9642343447345609,1.523915129572263
R066_0014,66,0.51575238093830778,1.1951378886438806,1.3339057450343152
R066_0015,66,-0.64122670829831452,-1.2467407112543432,0.51945118083599051
R066_0016,66,0.031903490921459943,1.1231820732415096,1.2604272015857962
R066_0017,66,-0.059908407651569684,1.8801247291623837,1.2261790351075028
R066_0018,66,-0.22523907632659013,0.53544467181680522,1.1245466121732981
R066_0019,66,0.63674150651992911,1.6421605788786413,1.3623999537511695
R066_0020,66,-0.40167444588594603,1.5152963942521382,0.93980184614944984
R066_0021,66,0.13140142116000364,1.4241605221169908,1.2847423628622536
R066_0022,66,-0.10381693362994815,0.66949193702194465,1.2047414057139463
R066_0023,66,0.24962527775684418,1.5338797314086097,1.3023003963730297
R066_0024,66,-0.79374019508670091,0.46962016961455744,0.12461707850758663
R066_0025,66,-0.73420682108117119,-0.37062221322680888,0.29189691315910316
R066_0026,66,0.39723837373141313,1.4043603385981909,1.3176973493010804
R066_0027,66,-0.49534979252219546,1.5745949123461589,0.80144049954493812
R066_0028,66,0.67991338551353397,1.502654940427296,1.3769919238453396
R066_0029,66,0.48773124655735423,1.2500045591534099,1.3293113883913674
R066_0030,66,0.21631412710118747,1.9974636133518882,1.2982073890840322
R066_0031,66,-0.10045924015587326,0.54107265226895351,1.2065098413169326
R066_0032,66,-0.8652268092880695,0.60261053757221528,-0.10008536061658257
R066_0033,66,-0.15315377575149935,0.16024046096502631,1.1761098289162937
R066_0034,66,0.26995102906537527,1.8131878464754871,1.3045819106020278
R066_0035,66,-0.38917153759455636,2.2566385470401515,0.9559927662876988
R066_0036,66,0.58845512034439307,1.3391116050377996,1.3490771477743624
R066_0037,66,-0.79996422995445449,-0.068500085968158125,0.10610694917350028
R066_0038,66,-0.25492710867396062,1.6162279771714023,1.0996092690699084
R066_0039,66,-0.93353788561161699,-0.52004215221298034,-0.34053678598528792
R066_0040,66,-0.98832928487730909,-0.70227079315513963,-0.55255749255890008
R066_0041,66,0.39311213058737549,1.2025491330333662,1.3172492056917937
R066_0042,66,-0.68013658719973291,0.36004814818348951,0.42904672767602892
R066_0043,66,0.081434142621519046,1.900459784933302,1.2739333343128867
R066_0044,66,0.25309507091812744,0.62500560111352643,1.302699843662251
R066_0045,66,-0.5175966739214215,0.50243341204682301,0.76391086259178564
R066_0046,66,0.089628959215055426,0.60020514646760759,1.2758851385996031
R066_0047,66,-0.88925660930733819,-1.8563632258796727,-0.18172576801083062
R066_0048,66,0.86867787220199788,1.1507531778079836,1.4797153743570297
R066_0049,66,0.24468729148401458,0.23567360151971473,1.3017240634514937
R066_0050,66,-0.37686494263226056,1.4138670306108518,0.97143308114853955
R066_0051,66,-0.83319387988309734,1.7919550742182031,0.0039131927115574339
R066_0052,66,0.97842191306005688,2.1685048797705844,1.5769549898281692
R066_0053,66,-0.94204079666494867,-1.014958000415922,-0.37229904865279906
R066_0054,66,-0.36134311250560791,0.76600235317287813,0.99021816228231541
R066_0055,66,0.92739217663549867,3.6013274257117125,1.5277521526487239
R066_0056,66,-0.84905449621746221,0.37016626142175574,-0.046897651347779012
R066_0057,66,-0.53802993564755153,1.3223462095699356,0.72777221313834195
R066_0058,66,-0.95385082491773443,0.3047665834252038,-0.41710390671676878
R066_0059,66,-0.299087622957662,0.65332996268251131,1.0581634723391518
R066_0060,66,0.29077139830669707,1.2878258954326784,1.3067970913148876
R066_0061,66,-0.16724464886782475,2.1892891893551596,1.1669778219366789
R066_0062,66,0.070057547350829363,0.91612500759727356,1.2710969815984581
R066_0063,66,0.76282118549665046,1.4707579963683268,1.4134773336937423
R066_0064,66,0.80224854866702144,1.5098711519571459,1.4353319610096538
R066_0065,66,-0.358629256462909,1.8334618316641202,0.99342474135204584
R066_0066,66,0.80565951104366595,1.7970129120837866,1.4373728790401599
R066_0067,66,-0.29148602322994677,-0.25656751459284877,1.0656824294659368
R066_0068,66,-0.6627162186602471,0.79404994148179775,0.47035959657556681
R066_0069,66,0.77931643037892284,1.3659441725028041,1.4222392579991974
R066_0070,66,0.48104659979446152,0.76631751094197309,1.3282996777417824
R066_0071,66,-0.27320592954718359,0.0057209525952042206,1.0831024435213945
R066_0072,66,0.95430344980038817,1.3306568486672359,1.5527944900456374
R066_0073,66,-0.44023225868659477,2.6180263238975199,0.88657615297053227
R066_0074,66,0.028574658879089387,0.79350013831134558,1.2594062459053985
R066_0075,66,0.80136523066635723,0.91050963379523053,1.4348074450491055
R066_0076,66,-0.51166531317461539,1.9678743773329985,0.7741000771679476
R066_0077,66,0.54396910569957657,1.7998269637607174,1.3391837140410854
R066_0078,66,0.8138725208716362,2.9567960299961644,1.442388858783421
R066_0079,66,0.60117885690414652,1.6604114982049245,1.3523073378459347
R067_0000,67,0.21638755935808196,2.7157682244511614,1.2982169933647478
R067_0001,67,0.27826350905701602,1.0523910417267872,1.3054788715884089
R067_0002,67,0.95920410563358716,1.3461947950870385,1.5575700510845361
R067_0003,67,0.17529238275309722,1.077942170135906,1.2923464813037389
R067_0004,67,-0.98611765427858988,-0.014741397628865727,-0.54365853456112334
R067_0005,67,0.96685094872164057,2.8975011118013718,1.5651570133798502
R067_0006,67,0.094346092116771141,1.506206155111329,1.2769750874394727
R067_0007,67,0.34384277222105575,2.4268132242893934,1.312162925562173
R067_0008,67,0.47726560487770997,1.1833635964779252,1.3277406678127248
R067_0009,67,-0.067242019955232823,1.3398079113937205,1.2228461505272596
R067_0010,67,0.44217234875318612,0.60619840366080258,1.3229619872758325
R067_0011,67,0.79442753165382185,2.6578239309495331,1.430744718920496
R067_0012,67,-0.23256671023845699,1.6088305199773574,1.1186020207241862
R067_0013,67,0.64225998904672443,1.492489430297625,1.3641157454540545
R067_0014,67,-0.01306426171003916,-0.21019586888344488,1.245297829894461
R067_0015,67,-0.063105755557259391,0.63871053605613171,1.2247377520068019
R067_0016,67,-0.42585624923163445,1.0515828714618267,0.90701224866470276
R067_0017,67,0.64078024571923509,1.4185124935519666,1.3636515449828981
R067_0018,67,-0.18951311724107667,1.6064474959190289,1.1516291885585217
R067_0019,67,-0.42757670323515518,0.77251790247287522,0.9046040071997975
R067_0020,67,-0.63871844712878834,0.26679310584427501,0.52504831815869313
R067_0021,67,-0.22537339633449482,0.088087730575109324,1.1244388639023299
R067_0022,67,-0.83467070330694115,-0.43884516348150737,-0.00076190707920753553
R067_0023,67,0.9104424993001643,0.6799063809279392,1.5129788430916706
R067_0024,67,0.0090709660435484007,0.2932020260599757,1.2531136860823315
R067_0025,67,-0.94132708817294053,-0.18315699369206331,-0.36961710666596148
R067_0026,67,0.26397082899921442,2.0297931646152372,1.3039245752536106
R067_0027,67,0.50775597256345417,1.2558829801786611,1.3325332536290027
R067_0028,67,0.12674468139858841,1.3262223287594197,1.2838395180813793
R067_0029,67,0.16645210654892373,1.8331163012546274,1.2909373389321643
R067_0030,67,0.72012008780033399,2.2427198516552043,1.393188418863704
R067_0031,67,-0.95281086055008068,-0.65840187660368921,-0.41312616179290496
R067_0032,67,0.71406471620273182,3.6849752431796912,1.3905763333431136
R067_0033,67,-0.73999434653208929,0.30847381476522145,0.27639721962377495
R067_0034,67,0.31282442783445386,1.163329350688038,1.3090537507931088
R067_0035,67,0.59997662393401341,1.2870080353336937,1.3519939225506983
R067_0036,67,-0.57168352017643231,1.1514567434837994,0.66466514867862214
R067_0037,67,-0.55215783547500652,-0.27879864629218842,0.70183035470641841
R067_0038,67,0.2838864107805481,1.5893715856311832,1.3060757456302112
R067_0039,67,0.3401983491232794,2.4178783197170075,1.3117978553432286
R067_0040,67,0.51412052747653503,0.35535554258377577,1.3336214683125445
R067_0041,67,-0.79775886427820897,-0.037999730292397338,0.11268819639277661
R067_0042,67,0.98299820616639133,1.9592476616012524,1.5817279323568081
R067_0043,67,-0.21390165624041568,0.93706107672670069,1.1334788521922796
R067_0044,67,0.52338667019239971,1.9719255955546056,1.3352650282996701
R067_0045,67,0.58813823089177442,0.65583076074840996,1.3489991092445675
R067_0046,67,0.63390511267837102,-0.16170570216804014,1.3615342951820277
R067_0047,67,-0.71748432571596665,-0.14760707947835922,0.3357807098290837
R067_0048,67,0.29460880294037062,1.5339074957067536,1.3071951049045778
R067_0049,67,-0.84681706562215231,0.59342667327137166,-0.039649173730320397
R067_0050,67,0.63198916706478436,1.1247453322419936,1.360955718571909
R067_0051,67,0.81628412391999872,1.1926832298608976,1.4438893030179638
R067_0052,67,0.93095028284058801,1.6934782250099225,1.5309501915678598
R067_0053,67,-0.085817303193815642,1.0179564545556108,1.2139664785400284
R067_0054,67,0.86938207770742215,0.62535726256600122,1.4802404895574008
R067_0055,67,-0.67760855508887885,1.0776453367312984,0.43512730973130775
R067_0056,67,-0.0054286350232546354,1.4835680410132062,1.248077755196475
R067_0057,67,0.88311108777973391,1.0544831144327114,1.4907189317915435
R067_0058,67,-0.74208581305304477,0.21164611475446291,0.27075626913610651
R067_0059,67,0.87775273164025847,1.321657488966397,1.4865744131715934
R067_0060,67,0.45563234906602013,1.7593438934578483,1.3247129369854602
R067_0061,67,-0.43009532935797812,0.28313556460150202,0.90106022228390747
R067_0062,67,0.79642616252033016,2.5595992756458283,1.431904812582411
R067_0063,67,0.92432253485637594,1.5999173578231496,1.525020348337105
R067_0064,67,0.11871736040608294,1.6088374631483229,1.282235602484699
R067_0065,67,-0.49572049831274856,1.8464623258474693,0.80083039133403722
R067_0066,67,-0.6337176777676079,1.2542501623033404,0.53612538227074968
R067_0067,67,0.5965743631287006,1.7350513550548754,1.3511163452563908
R067_0068,67,-0.12930933698767766,1.223471350317177,1.190579426761301
R067_0069,67,-0.55158092024697436,1.5641831530997585,0.7029051845270079
R067_0070,67,0.13924700762030606,1.2277825212359383,1.2862191271387668
R067_0071,67,0.95649552898388812,1.7047718583784033,1.5549222866860275
R067_0072,67,-0.63478256048648185,-1.3229479082894411,0.53377572907053017
R067_0073,67,0.37123774404785159,2.3978163731309454,1.3149423963935596
R067_0074,67,-0.11293940276943815,1.6555548494833383,1.1998242947973967
R067_0075,67,0.75957222665565238,1.3499018283148498,1.4118141823154444
R067_0076,67,-0.26140440252056529,2.4251261400683544,1.0938624973514304
R067_0077,67,0.012838168952068685,1.3778179655011873,1.2543713321732948
R067_0078,67,-0.76211203396997607,1.3038755162857136,0.21566528968028598
R067_0079,67,-0.95917622604065311,-0.20151227573356068,-0.43757124124769531
R068_0000,68,0.77358435420494631,1.4295601675869123,1.4191336202831732
R068_0001,68,-0.55249531475245894,0.072859370210778374,0.7012009945505
R068_0002,68,-0.81871513201442614,-0.44662086102088561,0.049143685734962972
R068_0003,68,-0.67887313555440509,2.0535416811433937,0.43208929993531953
R068_0004,68,-0.73468268057980657,0.12612647855819067,0.29062858693281779
R068_0005,68,-0.44013635085370639,-0.81803627366030562,0.88671485885467438
R068_0006,68,0.034837114247208589,1.2670239585074015,1.2613144809719976
R068_0007,68,-0.93225370287417308,-0.28879993799518361,-0.33577566979597462
R068_0008,68,0.96921124667663738,0.4184078426613731,1.5675324027537034
R068_0009,68,0.47295712009513458,1.9618951699276259,1.3271149433275169
R068_0010,68,0.23426704768572693,2.0983952531053727,1.3004752955697436
R068_0011,68,0.16050598787418302,1.3447609321957159,1.2899567038156174
R068_0012,68,-0.90162319809647085,-0.059051929250123786,-0.22497502999485408
R068_0013,68,-0.67210925368694241,-0.00071646138872416554,0.44825426175391991
R068_0014,68,0.54499724338793043,-0.37326138930732933,1.3393896652086865
R068_0015,68,0.75821738223954216,0.54914371677137253,1.4111266243578042
R068_0016,68,-0.1851275559877954,1.340536831230019,1.1547426482823111
R068_0017,68,-0.36662373100505463,1.3587387590251951,0.98391273834079196
R068_0018,68,-0.73464380693760134,1.0950144586245543,0.29073223912840973
R068_0019,68,-0.54485883129921886,0.71453955958267723,0.71533140025140851
R068_0020,68,-0.51944425417191797,0.72173598115868698,0.76070951567769407
R068_0021,68,-0.2990462073289184,1.3212780502109576,1.0582048814518681
R068_0022,68,0.78578469590823641,1.5983842300551596,1.4258229947830028
R068_0023,68,-0.92915687025586569,-0.14772140063114703,-0.3243327572282646
R068_0024,68,-0.044856271970309392,1.5412870788682613,1.2327235499805513
R068_0025,68,-0.39605274257410139,1.2330969008497945,0.94714524496616292
R068_0026,68,0.46306667348644326,2.3136994551773062,1.3257220761704591
R068_0027,68,0.27105930653651078,1.9375521940518921,1.3047025818830797
R068_0028,68,0.52160477305223685,1.9000192815477503,1.3349433762366445
R068_0029,68,-0.95427180383983545,-0.59044059054183706,-0.41871588394235104
R068_0030,68,-0.95429698371361882,1.3064621390512561,-0.41881233314933253
R068_0031,68,-0.76444653074319979,0.36625665551629821,0.20911525367868089
R068_0032,68,0.57440977143239058,0.64705571285133412,1.3457268879423714
R068_0033,68,0.38234729734860107,1.3145941982023639,1.3161008197212394
R068_0034,68,-0.15741912963562421,1.3402139989559849,1.1733919909512036
R068_0035,68,0.26359860999013174,0.8227884735348503,1.3038833023823897
R068_0036,68,-0.44038874906671888,-0.6979550562813841,0.88634976134613241
R068_0037,68,-0.82021724028250187,0.17767640465701803,0.044501975055842413
R068_0038,68,-0.82156332536444787,0.76705390708899457,0.040332445970563402
R068_0039,68,-0.54398366005266574,0.73959803703799365,0.71693604390352128
R068_0040,68,0.22009207101755335,1.1035516700236636,1.2986978657930945
R068_0041,68,0.021318706153040878,2.962831180006714,1.2571279485393472
R068_0042,68,0.93656978614204722,2.4092464301632592,1.5360704493386745
R068_0043,68,0.41218504619407526,0.27593738214296093,1.3193639832682167
R068_0044,68,-0.80331007098880747,0.84689687809853009,0.096074921289822424
R068_0045,68,-0.66305606411277251,-0.37521790658270138,0.46956673040053953
R068_0046,68,-0.18853485560646366,2.041721850000612,1.152327597723992
R068_0047,68,-0.10352957083927672,0.99268264104923931,1.2048936198347242
R068_0048,68,-0.5747211046290972,-0.32158768342899013,0.6587446924447542
R068_0049,68,-0.75079419206256648,0.94385838339634565,0.24704062957156547
R068_0050,68,-0.34001605194843765,0.68877298234356266,1.0148040198221893
R068_0051,68,-0.19029732554210699,0.81554829609032375,1.1510676938999733
R068_0052,68,0.516635122508045,-0.55314586645871344,1.3340604326897922
R068_0053,68,-0.23696917631987069,2.4967152849724865,1.1149648506415391
R068_0054,68,-0.85282991200098501,-1.8379628150711542,-0.059189072065654269
R068_0055,68,-0.49871756698120384,1.359953938709332,0.79587896278600934
R068_0056,68,-0.59108135330035916,0.83865718336616579,0.62620590551443767
R068_0057,68,0.83762542892430014,1.2893900343631874,1.45772540858727
R068_0058,68,-0.32438734048813989,0.69406000775742926,1.0319433051360982
R068_0059,68,-0.56271266160163536,1.4920405836631363,0.68193107304577294
R068_0060,68,0.70449190060144029,1.5277236700610974,1.3865747041335506
R068_0061,68,-0.68859815792033618,1.6642206876714187,0.40848196684455584
R068_0062,68,0.68568742002262106,2.8581617970844153,1.37915598881581
R068_0063,68,0.61256283550498325,2.1806258386612707,1.3553625191784402
R068_0064,68,-0.12984946745081483,0.78045421137585458,1.1902649906189466
R068_0065,68,-0.22762996553199644,1.3434407360575307,1.1226219076644584
R068_0066,68,-0.98088689296998255,-0.74608952252752436,-0.52272695708877182
R068_0067,68,0.62174555399944054,1.8622051356984222,1.3579452776118173
R068_0068,68,0.2829447693456808,1.9613191207113601,1.3059763020104438
R068_0069,68,-0.81701118187624133,0.92663233946599244,0.054394954376731697
R068_0070,68,-0.5641386297472144,1.2650918569195575,0.67920833249061641
R068_0071,68,-0.28744816426186937,0.97294889892713377,1.0696101917433367
R068_0072,68,0.24908223491314829,1.0514525039095464,1.3022374749021712
R068_0073,68,0.71584296444636175,1.9776814379062735,1.3913368502280636
R068_0074,68,0.96085389884670613,1.8614994474977022,1.5591929234645501
R068_0075,68,-0.92985987991785524,-0.88076259825777303,-0.32692561908035267
R068_0076,68,-0.7205927102345846,0.20849593172284953,0.32772425439690722
R068_0077,68,-0.75032675487695344,1.7782102245257594,0.24832297714035678
R068_0078,68,0.80046565302766548,1.1811759729763169,1.4342749630364287
R068_0079,68,-0.33799450847692758,0.76246106674589553,1.0170622637802356
R069_0000,69,0.68998458575560817,1.0243514559093063,1.38080079682413
R069_0001,69,-0.94541226191103878,-0.56517212386155025,-0.38500774101191348
R069_0002,69,-0.36217730385592195,1.0717886906182579,0.9892278946052161
R069_0003,69,-0.82320095375471602,-0.61543133678854711,0.03524715689173874
R069_0004,69,0.40377620125961844,1.1013751218706185,1.3184175614785625
R069_0005,69,-0.34074237652535033,1.7674603499070152,1.0139896287958978
R069_0006,69,-0.1065084393089093,1.4626784834847402,1.2033078329013591
R069_0007,69,-0.51465913107131045,0.56784311859661962,0.76897391303501761
R069_0008,69,-0.62634157184254091,0.63411443037803095,0.55226550896344695
R069_0009,69,0.88048011967743411,3.2926792580116402,1.4886751280551889
R069_0010,69,0.067278432460314619,2.1250485937823447,1.2703810569458573
R069_0011,69,0.74344315435714359,0.99516794911523032,1.4038543913971726
R069_0012,69,0.5270431904977444,2.7155862600238896,1.3359336019695935
R069_0013,69,0.64754592130410282,0.99928263029834019,1.3657989205727279
R069_0014,69,0.54896948511129806,0.27224342482792019,1.3401948672611921
R069_0015,69,0.18836583658985662,0.61862133289278831,1.2943294299492976
R069_0016,69,-0.53166811891056831,1.295172938769912,0.73919755227093131
R069_0017,69,0.3821336005632161,1.8680428845298063,1.3160782999699889
R069_0018,69,0.10709007901026024,1.3982043435952598,1.2798014185486459
R069_0019,69,0.5966580995154791,3.0087982298053202,1.3511377788608261
R069_0020,69,-0.028295265452677132,0.65172640629080658,1.2394792001962736
R069_0021,69,-0.2837428249753593,-0.28867374344472574,1.0731744190595882
R069_0022,69,-0.14290497535243984,2.2717399294688803,1.1824780985944183
R069_0023,69,-0.45584000192904783,0.78781786873438664,0.86357413660141602
R069_0024,69,0.12024180114914795,1.3530931540842526,1.2825449124986488
R069_0025,69,-0.6636627541781146,0.80754024823072712,0.46815002293550212
R069_0026,69,-0.60169078722738201,1.2686258798366548,0.60451097128738362
R069_0027,69,0.68225171563264686,0.021530776309236721,1.3778619988070244
R069_0028,69,0.55733535466245221,0.54779447303660489,1.3419411094460545
R069_0029,69,0.37323667733202859,2.0116754811711726,1.3151490983895131
R069_0030,69,0.80931492295185592,1.7090521364504379,1.4395875168971302
R069_0031,69,0.74470648438444087,0.55836090474197164,1.4044602776285435
R069_0032,69,0.37495712628182232,1.877661523587419,1.3153275765749886
R069_0033,69,-0.28104455591158062,1.5579428787562026,1.0757459257165638
R069_0034,69,0.57791814705872824,0.71722576990955222,1.3465432077029518
R069_0035,69,0.31197138851574158,1.1027856207698703,1.3089676055141031
R069_0036,69,-0.79248110515714254,0.20825971760293954,0.12833765324567392
R069_0037,69,-0.80024884864005075,0.60266830124672366,0.10525578464429408
R069_0038,69,0.35834412436672758,2.1120177670092413,1.3136239241458925
R069_0039,69,0.48730458374023455,-0.20341287490004256,1.3292459003311419
R069_0040,69,0.91241757751522168,1.2675706465875729,1.5146614937589782
R069_0041,69,0.232150958869763,0.75154463188756204,1.3002159544474872
R069_0042,69,-0.87023754102424022,-0.55196256258908782,-0.11685007148066306
R069_0043,69,0.90972690780288668,2.2848022920887439,1.5123717031225326
R069_0044,69,0.98543738274950665,0.39127602900725855,1.5842969095375068
R069_0045,69,0.45347310329294288,2.9954735915303985,1.3244256219304344
R069_0046,69,0.44817646792914778,1.1552795817827359,1.3237314194586121
R069_0047,69,-0.21249372214545059,1.4078784732608021,1.1345658712629092
R069_0048,69,0.68208013995570504,-0.26630230600151905,1.3777978656362833
R069_0049,69,-0.071556535768122043,1.3311842823406776,1.2208401638960109
R069_0050,69,-0.80746029540107189,-0.74451940868620037,0.083551482524050869
R069_0051,69,-0.21167513760879308,0.44596077276715507,1.1351956339953397
R069_0052,69,-0.83136538549241856,0.44982531687987137,0.0096856968361445084
R069_0053,69,-0.25439014226989287,1.3858144754596138,1.1000806733673061
R069_0054,69,-0.0014173364214582485,1.4561750436068372,1.2495024234851866
R069_0055,69,0.84075291710358679,2.7254245120630571,1.4598388231974511
R069_0056,69,0.65521865500388432,1.4251160846832731,1.3683125856122222
R069_0057,69,0.82061759003913903,1.9882657414909799,1.4466172905645558
R069_0058,69,-0.83607742803361274,0.2039225838680615,-0.0052257591610769261
R069_0059,69,-0.92052343754396304,-0.29925615403206146,-0.2927191541602927
R069_0060,69,-0.55692566543847044,1.0318480925281408,0.69289673280639386
R069_0061,69,-0.55955895391889698,0.22099837519815546,0.68792365602717576
R069_0062,69,-0.70775165303505738,-0.011857232561814979,0.36071143405294359
R069_0063,69,0.90444026531156507,0.61390042444157999,1.5079273217207665
R069_0064,69,0.48084591060215631,0.41421784654520222,1.3282697697237045
R069_0065,69,0.53357113520751454,1.3181480470181841,1.3371563189246705
R069_0066,69,-0.68974259355445011,-0.30289872343519142,0.40567534560028684
R069_0067,69,-0.58157462832134521,0.8729609380326484,0.64524801906467821
R069_0068,69,-0.064104290645350837,0.24638233452205816,1.2242839075051095
R069_0069,69,0.14860673239385469,2.0052378628469123,1.2879107546054362
R069_0070,69,-0.47047567120987521,1.4898130632683162,0.84121908733922024
R069_0071,69,0.63940607384285286,0.88037439349481272,1.3632231758486164
R069_0072,69,0.48911831429858199,0.0090532509670506744,1.3295251638457615
R069_0073,69,0.10103458931652276,2.0484836742926391,1.2784796350065719
R069_0074,69,0.99886103536211901,2.259308447115393,1.5987490836508673
R069_0075,69,0.54396470371808836,1.7788428876847318,1.3391828344167716
R069_0076,69,0.42389046057392554,3.1133184658407345,1.3207237904629547
R069_0077,69,-0.87986013226130755,1.2700674646892032,-0.14942676873338123
R069_0078,69,-0.041324595501657679,0.88662006299599305,1.2342026717327355
R069_0079,69,-0.26374614468532842,0.45285297853771556,1.0917572900412917
R070_0000,70,0.38218648326068183,1.8359348881684801,1.3160838719082009
R070_0001,70,-0.77774671225001213,-0.87008398294110156,0.17128281291067404
R070_0002,70,-0.35902827391074266,-0.98300154162442266,0.99295471920274747
R070_0003,70,-0.072094316127264246,1.3468531281934215,1.2205877589970504
R070_0004,70,-0.80469508131592393,0.41733584074346508,0.09190541758151638
R070_0005,70,-0.26711980692618331,1.8213202726612958,1.0886984762014387
R070_0006,70,-0.0025971087227703027,2.3087086145647335,1.2490859400786694
R070_0007,70,-0.4507361770877365,0.77429519038396322,0.87119029230154643
R070_0008,70,-0.48966205578350541,1.2829170865761408,0.81073727385104011
R070_0009,70,0.97626173783902193,2.439363486371056,1.5747231367848851
R070_0010,70,0.89348428023560933,2.1857462475662874,1.4989447426472229
R070_0011,70,-0.10354576967074869,1.2060184470483502,1.2048850437421943
R070_0012,70,0.94376601075386435,1.4650266619150185,1.5427526342127016
R070_0013,70,-0.6638069429279192,-1.2473573346271496,0.46781307889263635
R070_0014,70,-0.4736710095324812,1.1923424408347996,0.83623585589449112
R070_0015,70,0.41325947063272039,-0.18307395595198539,1.3194866621998846
R070_0016,70,0.3267382863198629,0.47823747778083003,1.3104513912728422
R070_0017,70,-0.84612947039440423,-0.89032863974372201,-0.037426953123485651
R070_0018,70,-0.34357194562803062,1.0970930362937978,1.010801699946462
R070_0019,70,0.41446889790711916,0.90432396279469041,1.3196252529078334
R070_0020,70,-0.78897176772469879,1.2559124130205437,0.13866528459598082
R070_0021,70,0.69944893696367982,2.0874984535594576,1.3845284475305126
R070_0022,70,0.78137933540273852,0.28673389214207279,1.4233730312497548
R070_0023,70,-0.47210534662761638,2.050846619455474,0.83868218068574307
R070_0024,70,-0.20375163100874039,1.0506788990302165,1.1412068637688515
R070_0025,70,0.4581879546422476,1.1233561697029488,1.3250563119642982
R070_0026,70,0.58909875359020103,0.53973452438134184,1.3492360066324431
R070_0027,70,-0.55022322224664832,0.13386499256139228,0.70542943417673043
R070_0028,70,0.33373896649837964,1.5390987973613635,1.3111516744776726
R070_0029,70,-0.9953679641750377,-0.80487425826055137,-0.58107294584743352
R070_0030,70,-0.54848707232897764,1.0255588372886317,0.7086466297184042
R070_0031,70,0.9238633540778205,0.41439376929646432,1.524613861718773
R070_0032,70,0.464188038218035,1.6207117810307441,1.3258770458983353
R070_0033,70,-0.55486648526558602,0.88496971061183827,0.6967662225162965
R070_0034,70,-0.15172266984455085,0.50042424244082251,1.1770127735887275
R070_0035,70,0.71323843044915014,1.768552074166355,1.3902247945755872
R070_0036,70,0.62140719749019468,1.3388722119860885,1.3578481898869417
R070_0037,70,0.84332404665038441,1.2030392954614548,1.4615929977427502
R070_0038,70,-0.96921527080616987,-1.2975575005163,-0.47660382795437073
R070_0039,70,-0.045950317961782838,3.2362338548975975,1.2322610492035906
R070_0040,70,-0.013460700777015999,1.6621102085608059,1.2451510326660093
R070_0041,70,0.32607363094899311,1.9174694009486553,1.3103848539150884
R070_0042,70,-0.59982079909046271,0.57020717718410885,0.60836908644073417
R070_0043,70,-0.13997436636693594,1.7048275078847381,1.184257484577953
R070_0044,70,-0.2041706641500638,0.38790654300427063,1.1408927807918359
R070_0045,70,-0.82654592953874428,0.10217762786129621,0.024816690506566097
R070_0046,70,0.08132318360646873,1.5965083537887721,1.2739063898464398
R070_0047,70,0.61267504054874755,0.60759495810409392,1.3553934317816143
R070_0048,70,0.52441364333350071,0.55526464621953575,1.3354516401587844
R070_0049,70,-0.26380681882821744,1.9042232650937874,1.0917025489015018
R070_0050,70,-0.45409463484159218,1.1265533457381722,0.8661890296637943
R070_0051,70,0.23158343654255642,0.47417863678616756,1.3001460557541957
R070_0052,70,-0.26907468458111383,0.84221932349986284,1.0869119762938313
R070_0053,70,0.11611809658915329,1.2814369826795571,1.2817030256732722
R070_0054,70,-0.29427544036109721,0.4460677582296666,1.0629423136550085
R070_0055,70,-0.79142022878119156,-0.53834422423911898,0.13146627781875142
R070_0056,70,0.53084958398213566,3.6371545512778303,1.3366419632975539
R070_0057,70,0.086190148640458819,0.89019449270418427,1.2750752089971285
R070_0058,70,0.52273479076940044,0.16558358109960403,1.3351470432273835
R070_0059,70,-0.076073793170559068,1.5281480414575044,1.2187035639372719
R070_0060,70,-0.10123154755739616,0.44132618441665505,1.2061050362086843
R070_0061,70,-0.44618872412453192,0.11800924164408522,0.8778987601001107
R070_0062,70,-0.51920083495012603,1.0010730198193272,0.76113204266912815
R070_0063,70,-0.34541175310315375,-0.23691160589951243,1.0087158065648079
R070_0064,70,0.05555116823820816,1.241011821905966,1.2672570300218702
R070_0065,70,0.13766969598830769,1.6428263351850405,1.2859266193529284
R070_0066,70,-0.92036478171037528,-1.1525307254930617,-0.2921421379298561
R070_0067,70,0.059901958060975424,0.77647622053272625,1.2684357090439242
R070_0068,70,-0.84664496202817796,1.3001905585221565,-0.039092721213858761
R070_0069,70,0.77684643462270797,0.82507135992322767,1.4208929791422706
R070_0070,70,0.86919686699995236,0.71761730189511663,1.4801022649139186
R070_0071,70,-0.90457808431714981,-0.72698483084276844,-0.23543453479615928
R070_0072,70,0.93686253317033685,1.970799174664051,1.5363395305200989
R070_0073,70,0.97217180747233445,2.6368334471641077,1.5705344378811659
R070_0074,70,-0.33935287085852273,-0.35255657335530866,1.01554621510879
R070_0075,70,-0.34995138088394118,1.0247291880297067,1.0035246887361304
R070_0076,70,0.14024613046756551,0.28162904681496737,1.2864032862778718
R070_0077,70,0.034332488185504495,0.93897596688328266,1.2611626823424604
R070_0078,70,0.4812203992502182,1.8287225417475597,1.3283256001054848
R070_0079,70,0.1706624644427519,0.65974565317103662,1.2916155998097647
R071_0000,71,0.42566332198394918,2.3016486280290263,1.3209344328477346
R071_0001,71,-0.84569593067375104,0.29212020122573107,-0.036027097693144938
R071_0002,71,-0.7047529196964879,-0.85249887158697679,0.36830321561120538
R071_0003,71,0.66195654867109655,0.67528809744760399,1.370590241461199
R071_0004,71,0.0048130666558863222,0.36135425140814981,1.2516672827448057
R071_0005,71,0.77066605588153547,0.14320743967788263,1.4175775463012461
R071_0006,71,0.60273076108800394,0.37794628369321492,1.3527144873891319
R071_0007,71,-0.37949405186859364,0.74283423105819979,0.96817544407238731
R071_0008,71,-0.09336294637283804,0.94088255336430315,1.2101751305754163
R071_0009,71,0.42113960709633247,1.2796209013980722,1.3203994744269159
R071_0010,71,-0.77816719194842454,0.39597213942487663,0.17007238903844124
R071_0011,71,0.64982612947436391,0.41146302681786084,1.3665371549457064
R071_0012,71,-0.7287307905645426,1.5040636089196939,0.30641421895048104
R071_0013,71,-0.005997293073997545,1.510817984070592,1.2478738100001014
R071_0014,71,0.57804410905937198,1.9510146715233163,1.3465727669821572
R071_0015,71,0.71707357482652401,1.9757094072815855,1.391866339906882
R071_0016,71,0.57792135994257809,1.3874487758817999,1.3465439614476336
R071_0017,71,0.65546923057717765,0.64800687950124347,1.3683961035496073
R071_0018,71,0.15824329793485159,1.4538675043574607,1.2895763691271545
R071_0019,71,0.61668476377408288,1.258987150803534,1.35650855093178
R071_0020,71,-0.09180387766871756,0.2446813230239433,1.2109673898469824
R071_0021,71,0.44905851738194591,1.1375741542600057,1.3238460008843755
R071_0022,71,-0.80574504331425345,-0.62777423638468266,0.088738014193923354
R071_0023,71,0.45481431796562899,0.94055446167964307,1.324603788107807
R071_0024,71,0.058238538764026959,1.028723888629496,1.2679878399550142
R071_0025,71,0.39422655991531341,1.6394777709090398,1.3173697771493744
R071_0026,71,-0.80162702326874502,-0.79933262752312007,0.10112844682412603
R071_0027,71,-0.12111072475280737,1.4131737922347267,1.1952780689876212
R071_0028,71,0.9209941242606281,2.0491229330080647,1.5220865675239708
R071_0029,71,-0.84127731857441757,-0.21066139675967746,-0.021816662709392531
R071_0030,71,-0.49047233314235106,0.41047100753075272,0.80942018899953827
R071_0031,71,0.22427633632529886,1.4379055106888574,1.2992326152051672
R071_0032,71,0.6450581317554549,0.89695459061901528,1.3650018643539057
R071_0033,71,0.82659968072861401,0.75113539077776104,1.4504508471092126
R071_0034,71,-0.41342437404933308,1.1485818501081919,0.92411490275137398
R071_0035,71,-0.41455905000078763,-0.093326408178788123,0.92257558618603563
R071_0036,71,-0.938687844723048,-0.40176448340144721,-0.35972484193001608
R071_0037,71,0.61498925212626165,2.3174872689939283,1.3560345379731975
R071_0038,71,-0.35738235318760925,2.1646337898835402,0.99489033568901308
R071_0039,71,0.81459017687722413,0.78755445680741509,1.4428340506758377
R071_0040,71,-0.92395134909041898,1.0845170460532239,-0.30522085851417069
R071_0041,71,-0.81718238683388988,0.05809241954837794,0.053868010978556535
R071_0042,71,0.61088131645901766,1.5686309293239786,1.3549011503938486
R071_0043,71,0.95646371705554301,1.0667511034813701,1.5548913113979896
R071_0044,71,-0.42419117926878047,1.3501513429781951,0.90933333570586727
R071_0045,71,0.54221089370734621,2.4945967193131295,1.3388338373049395
R071_0046,71,-0.085827057161439235,0.071131148213094297,1.2139616473459724
R071_0047,71,0.24353023645332716,1.7491178726326,1.3015876321371032
R071_0048,71,0.44059845617209104,1.2450224383025486,1.322763252211917
R071_0049,71,0.36154949597636454,0.38313778950152866,1.3139495756376482
R071_0050,71,-0.37457622832782267,1.1399630243391057,0.97425095825409003
R071_0051,71,0.63868569009053089,0.3459895580170238,1.362999651242716
R071_0052,71,0.7588197415078004,1.5691268720843989,1.4114318763289952
R071_0053,71,-0.78653277792838572,0.27373233670829833,0.14580634238765389
R071_0054,71,-0.90658793481863098,1.22570813620276,-0.24257665229663883
R071_0055,71,0.49694531310758938,-0.35605623295524036,1.3307570911692681
R071_0056,71,-0.9654434867158197,-1.0112852159442194,-0.46186980405303268
R071_0057,71,0.58757960515236118,1.2949065387124277,1.3488618200291038
R071_0058,71,-0.38733620505201638,-0.065217600743875392,0.95832648125852571
R071_0059,71,-0.22832596614810852,-0.11715237954619817,1.1220589068962721
R071_0060,71,0.042198019087007044,2.440993351169769,1.2634901577183741
R071_0061,71,0.55639330999705638,-0.54137196763077111,1.3417409966364386
R071_0062,71,0.68367813434951219,1.716308852016013,1.3783969706476535
R071_0063,71,-0.73594781299100376,0.62770573166584465,0.28725128772004149
R071_0064,71,0.61987763751860081,2.0520888656841993,1.3574111485849876
R071_0065,71,0.25796963045640098,0.85062509378935314,1.3032537091005856
R071_0066,71,-0.54799029843834535,0.71100462177630985,0.70956498123360445
R071_0067,71,0.64355060304377609,1.4980510316137985,1.3645231001592619
R071_0068,71,0.63155915365175663,1.8375188311797535,1.3608265422756185
R071_0069,71,-0.4715509960756783,0.47527619855018161,0.83954621441554689
R071_0070,71,-0.83661293853059848,-0.42820789611051963,-0.0069277896721435805
R071_0071,71,-0.092445339058011333,1.4925201759643474,1.2106419876376069
R071_0072,71,0.44786857557246229,1.0922266444413973,1.3236915179515536
R071_0073,71,-0.16460062816334231,-0.92828251923520311,1.1687250661542663
R071_0074,71,-0.22243427052313325,0.552442771546091,1.126786215702922
R071_0075,71,-0.054752723813752624,0.44220005039582122,1.2284650453095431
R071_0076,71,0.2466890958698349,0.71046652474255678,1.3019588440979826
R071_0077,71,0.86130598853922424,3.5046088918791067,1.4742896891150652
R071_0078,71,-0.56956384333759824,0.22303975142163568,0.66877427361672592
R071_0079,71,-0.41788640175991287,0.74455939053194953,0.91803664842903276
R072_0000,72,-0.69118479052521886,-0.58653439088338355,0.40212990455977549
R072_0001,72,0.47069078876440118,2.623397990964865,1.3267905062571455
R072_0002,72,0.59076001997995364,2.8271558827296825,1.3496482398703207
R072_0003,72,-0.32113851652289904,1.1112929969846388,1.0354148105290788
R072_0004,72,-0.44112098913700759,-0.31438426016451027,0.88528931053408877
R072_0005,72,-0.47822712526614208,1.7170735223395912,0.82906628656125747
R072_0006,72,0.0076049352621376798,0.73572715220983309,1.2526186809352955
R072_0007,72,-0.65492132197975983,0.98789303952663177,0.48840349183148501
R072_0008,72,0.11759247880189694,0.55757362973704816,1.2820059250877303
R072_0009,72,0.10717287936514208,1.3958510048608948,1.2798192310891408
R072_0010,72,0.80669110527127263,1.5769774428910355,1.437994986219342
R072_0011,72,-0.13501885036361605,-0.11406591400498134,1.1872247805669387
R072_0012,72,0.49611872688168512,1.0005558141413351,1.3306248983722144
R072_0013,72,0.88232627537863917,0.93844303507209303,1.4901074807593189
R072_0014,72,-0.060190782582791202,0.78683000511557233,1.2260524781072186
R072_0015,72,0.52037984461834141,2.5342141027162413,1.334723824919428
R072_0016,72,-0.63156901592341352,0.089222953639711333,0.54085136506193465
R072_0017,72,-0.56205048021717019,1.251221201416215,0.68319265225151327
R072_0018,72,0.50510536123634076,1.8550371383149771,1.3320894952707458
R072_0019,72,-0.22536952545388966,-0.054408687661485322,1.124441969664117
R072_0020,72,0.0085038128301195837,2.1078669007355626,1.2529225595799058
R072_0021,72,0.65337484195428819,0.56920596251893796,1.3677008268000637
R072_0022,72,-0.027290880651585248,2.2165469752638516,1.2398743531212912
R072_0023,72,-0.16359705769590516,2.8723656390678309,1.1693841484351442
R072_0024,72,0.52464291271892005,1.7299443363594709,1.3354934244814252
R072_0025,72,0.25445460690660404,1.6204716634852965,1.3028551595593911
R072_0026,72,0.69494766505980454,3.2454788023585275,1.3827373974846973
R072_0027,72,-0.27691576667745998,1.7232432467073595,1.0796418131771586
R072_0028,72,-0.6022042835124215,-0.32983455522891747,0.6034489643134866
R072_0029,72,-0.50781069049980965,0.96640582424562216,0.78064998175323008
R072_0030,72,0.94331091492349994,2.3589645774601831,1.5423258507067445
R072_0031,72,-0.94303691788389532,-1.3888256708774251,-0.37604711645067201
R072_0032,72,0.98080586635822797,2.3471975911896683,1.5794337715917437
R072_0033,72,0.86440682165982063,2.5528678591847327,1.4765560565409013
R072_0034,72,0.70409279300414007,1.6345059018563046,1.3864112201403329
R072_0035,72,0.2702449054280982,1.4203797476965732,1.3046139422783549
R072_0036,72,0.98227055435747701,1.1192800212538945,1.5809649299418054
R072_0037,72,-0.93234788802507262,0.30933973467432241,-0.33612454260840297
R072_0038,72,-0.79625520744630851,1.2209940703800155,0.11716120927004159
R072_0039,72,0.66788992530568958,0.35413752063643833,1.3726514863899817
R072_0040,72,-0.25298242818889993,1.0152107221458775,1.1013128911754861
R072_0041,72,0.6158627062461357,2.2032637406833802,1.3562782724891078
R072_0042,72,0.29086706225723846,1.2402071808993615,1.3068070467524484
R072_0043,72,-0.27703351915332664,1.1825355004504094,1.0795313530401975
R072_0044,72,0.53513339345145039,1.3998963474998789,1.3374545850053847
R072_0045,72,0.12061700754575044,1.7985405028744621,1.2826206997682408
R072_0046,72,0.49230083506872413,-0.32067362540195066,1.3300207723380457
R072_0047,72,-0.7970530151430788,1.0050486634838169,0.11478935788214284
R072_0048,72,-0.81529556940983139,0.32381776160382664,0.0596669797836753
R072_0049,72,-0.22238660280635858,1.062983114669745,1.1268241074888945
R072_0050,72,0.46733906694396632,1.4386792142773086,1.3263164941256895
R072_0051,72,-0.66878012237220608,0.67943543772034898,0.45613443305917856
R072_0052,72,0.66733179283501176,0.54870105513648937,1.3724553483964432
R072_0053,72,-0.90843307383368987,-0.4885638211384743,-0.24915330131631541
R072_0054,72,0.67728203688482291,0.29406337346094436,1.3760230135156102
R072_0055,72,0.84945218271695966,1.854546211486529,1.4658352842634075
R072_0056,72,0.42955367793205079,1.276985406084016,1.3214012771317818
R072_0057,72,0.74300680731954905,1.1495923901919132,1.4036458065383055
R072_0058,72,0.98102568489913855,1.0500585444738237,1.5796631669237418
R072_0059,72,-0.054331032671792734,0.36199067636756943,1.2286499594846292
R072_0060,72,-0.9122706374889813,-1.476533895269377,-0.26289253394462708
R072_0061,72,0.30207078673380172,0.93752465126442419,1.3079619406882823
R072_0062,72,-0.20079267446394411,0.087656216207256943,1.1434126665237669
R072_0063,72,-0.031694359173744413,2.7962997664655926,1.2381296964785167
R072_0064,72,0.32244069450847812,1.2199464550026553,1.3100208779233549
R072_0065,72,0.78086283131389478,1.4903361516379141,1.4230883567902315
R072_0066,72,-0.39871010494061521,0.66618073625167307,0.94368701881913197
R072_0067,72,0.98247919001645267,0.99127828559704012,1.5811835433041295
R072_0068,72,-0.34078321244250875,0.32363337073472953,1.0139437940488953
R072_0069,72,-0.074614961465273133,1.6485444319980456,1.2193976610500981
R072_0070,72,-0.092740067684590199,0.146680130909979,1.2104922126678632
R072_0071,72,0.60140758390119164,0.86743971562782196,1.3523671626813998
R072_0072,72,0.53001452965377238,2.8093147544587258,1.3364854675019155
R072_0073,72,0.2250680280627082,0.20653654509066732,1.2993328167945075
R072_0074,72,0.72162260546976764,1.4276660205136757,1.3938463988092666
R072_0075,72,-0.8423442846594329,-0.56813931030237519,-0.025238602859855241
R072_0076,72,0.28963224511587393,1.4457209360986198,1.3066784075236433
R072_0077,72,0.8286265705539011,1.0457323748862966,1.4517677253837211
R072_0078,72,0.16327001489125603,1.059835652194935,1.2904159104514883
R072_0079,72,0.63626215295753719,2.4432743905511911,1.3622528880294238
R073_0000,73,-0.930666439378526,-0.27836409525488065,-0.32990385710117698
R073_0001,73,-0.66590499487116639,0.16448527765687587,0.46289973483811686
R073_0002,73,0.0087756530829874446,2.0488292016022038,1.2530142263872901
R073_0003,73,-0.56164343246031301,-0.19523716045454365,0.68396727735000151
R073_0004,73,-0.16610060267893934,1.2357182213514102,1.1677357681570248
R073_0005,73,-0.3440150994527813,0.19534521179980713,1.0103002152065268
R073_0006,73,0.023883219387574428,1.1299740760972974,1.2579415380469829
R073_0007,73,0.53791491747294651,0.57684420011255688,1.3379911301373169
R073_0008,73,0.40120778424292958,1.3541604895803168,1.3181330763995238
R073_0009,73,0.43315276146122517,0.81353454715283546,1.3218389983887573
R073_0010,73,0.27885329479351784,1.1102784176305098,1.3055418316432106
R073_0011,73,0.85430740232458113,2.2250928658008053,1.469258252385834
R073_0012,73,0.24386977721605896,2.6400881019685505,1.3016277240310887
R073_0013,73,-0.85530053651128535,0.22499345448697822,-0.067273722956115556
R073_0014,73,0.042583096079234828,1.0512276518846737,1.2636020061610886
R073_0015,73,0.84605428402747918,0.73488907317050467,1.4634723352587247
R073_0016,73,0.12598205826420061,2.5059346394206736,1.2836897523336184
R073_0017,73,0.64361154254635355,1.9382707816915361,1.364542391822404
R073_0018,73,0.10619156474216074,0.62954163256960327,1.2796076750487304
R073_0019,73,-0.43363031627262028,0.93727182857158808,0.89604961182839715
R073_0020,73,0.51099455816652406,1.1782451167906618,1.3330829425872328
R073_0021,73,0.91564549385625527,1.9075866494066105,1.5174333873765606
R073_0022,73,-0.69800379986363903,-1.3284108560537233,0.38523623211227065
R073_0023,73,-0.62300640497851822,0.40507412534179599,0.5594861540615288
R073_0024,73,-0.19489743966275586,2.024434860156723,1.147744750941329
R073_0025,73,0.96011472737662595,2.1506418155689104,1.558464864407725
R073_0026,73,-0.36838509011081588,0.030174832330990831,0.98179005217153503
R073_0027,73,-0.74033343325074319,1.901853491976603,0.27548409582364708
R073_0028,73,-0.031608964763259806,1.2137130541344772,1.2381638313234191
R073_0029,73,-0.36227001293363514,0.8899307286136563,0.98911770532905297
R073_0030,73,-0.31464464032174178,2.277320569837491,1.0422607791765119
R073_0031,73,0.64030966475781237,2.7423706821360203,1.3635045577264662
R073_0032,73,0.27075231389945009,1.5730065373418443,1.3046691906906223
R073_0033,73,-0.54847472614416293,0.96814280144038856,0.70866946512018802
R073_0034,73,0.68591327202254471,1.1612047611045795,1.3792417051263286
R073_0035,73,0.19106736349375719,0.47804837512836373,1.294724958725975
R073_0036,73,0.79968038747588421,1.5673157336527375,1.4338115358460586
R073_0037,73,0.0071197134490468272,1.7056696699764817,1.2524541526428816
R073_0038,73,-0.56619392497285492,0.32698361341612464,0.6752695045401661
R073_0039,73,0.22888496593687679,-1.0918504181257842,1.2998116677931053
R073_0040,73,-0.15773412166716994,-0.34811779250088137,1.1731896925663257
R073_0041,73,0.73227974748556779,0.2081553101456235,1.3986274597828194
R073_0042,73,0.23343445039051636,1.5713732084119667,1.300373495650843
R073_0043,73,-0.71358778990651506,0.46254940698629216,0.34581541406342398
R073_0044,73,0.69206116011246066,1.6230081859313503,1.3816062374576401
R073_0045,73,-0.82999271529418306,-0.83794929314816358,0.014007660443009495
R073_0046,73,-0.29452817506660045,0.59173052116185043,1.0626929616320795
R073_0047,73,-0.19741114223502687,2.0552183866876406,1.1459077251378993
R073_0048,73,0.59312686324608932,1.0760971417623695,1.3502410849340052
R073_0049,73,-0.31595596425741457,1.936891877625043,1.0408883043933621
R073_0050,73,0.80416022002793119,1.4476344667317822,1.436472756620734
R073_0051,73,-0.74469413695838438,0.54552953961297157,0.26369162198201912
R073_0052,73,-0.012521187963201452,1.1621969026246188,1.2454985267965957
R073_0053,73,-0.2059899348951868,1.9954184863476299,1.1395242318074101
R073_0054,73,0.30362645790957377,2.041460897142132,1.3081207613651553
R073_0055,73,0.46985647691952903,1.8561139846367039,1.3266718724664328
R073_0056,73,-0.4607295067396775,1.7842067300384667,0.85619104459935469
R073_0057,73,-0.42501680545065956,1.8123153193969297,0.90818360554540334
R073_0058,73,-0.72263184644528655,0.58546755557856822,0.32241424413787989
R073_0059,73,0.55766022957316208,1.608630845707878,1.3420103278972055
R073_0060,73,0.39662886741347769,1.5632322382127308,1.3176308513622046
R073_0061,73,0.051929822906624956,1.9755004491096457,1.2662579377554928
R073_0062,73,-0.92340443204482026,0.060269551840484104,-0.30322178166140734
R073_0063,73,-0.51683029848707362,1.3061432562392818,0.76523494273983528
R073_0064,73,-0.1266562985070343,1.4466381445498593,1.192115084096615
R073_0065,73,-0.70080282820584472,1.4337905965961486,0.37823942348726369
R073_0066,73,-0.00036059089358109198,1.2289090718528846,1.2498736956327376
R073_0067,73,0.071635829938622386,0.84203617473679326,1.2714994811488665
R073_0068,73,0.3750492147009632,1.4630604828045284,1.315337145192182
R073_0069,73,0.56844311315622287,1.7976012190340611,1.3443691425457989
R073_0070,73,0.39230094083179967,1.7135051949270308,1.3171616525440533
R073_0071,73,0.29206603617646376,0.41916116817179905,1.3069316730553724
R073_0072,73,0.67968636583240194,1.3532637416890023,1.3769079066069685
R073_0073,73,0.046991661589175449,2.8768346284960558,1.2648687451753935
R073_0074,73,-0.1876389461979564,2.0409505772123278,1.1529652415686438
R073_0075,73,-0.10676041919673129,2.5118336759953896,1.2031728885537489
R073_0076,73,-0.93977532916995776,0.87759315396579485,-0.36379605586996622
R073_0077,73,0.21931814323048715,1.6670152197201387,1.2985979898678419
R073_0078,73,0.49316349367771939,3.406105667621607,1.3301563547620951
R073_0079,73,0.036375763884550105,0.82867201868877971,1.2617752194153127
R074_0000,74,-0.86710357681538475,0.57820276108654123,-0.1063486842524497
R074_0001,74,-0.68979828716721436,-0.37559742812017438,0.40553860842459022
R074_0002,74,0.69115743632561788,0.80300477377663504,1.3812548570840146
R074_0003,74,-0.6359158025096967,1.7152713290832891,0.53126981554930497
R074_0004,74,0.6416222895580046,1.7972946540688428,1.363915324586612
R074_0005,74,0.64993007929475888,0.17444282591524107,1.3665709855534445
R074_0006,74,-0.61585849343947463,0.62941464157532356,0.57480037949396168
R074_0007,74,0.24652127319770267,0.37288250696742953,1.3019392216012395
R074_0008,74,-0.11422554708002131,0.41557575507741285,1.1991176855383867
R074_0009,74,-0.29835792093455837,0.79409266018903957,1.0588923451801993
R074_0010,74,-0.85681176826399019,-0.15106412605646263,-0.072235031761197721
R074_0011,74,0.48856478939462011,0.97281851599450375,1.3294396933064554
R074_0012,74,0.44615017901417309,1.2355216342595037,1.3234697148841534
R074_0013,74,0.14588963644940667,0.81286024919397704,1.2874273460936965
R074_0014,74,0.16949327245298185,0.0024337143064687705,1.2914285664626965
R074_0015,74,0.03580938098969666,1.5043036652290727,1.2616059886142001
R074_0016,74,0.77803900294943662,0.26102751534231494,1.4215414678001508
R074_0017,74,0.88777041481217167,2.0227641648235433,1.4943804868763613
R074_0018,74,-0.28243930791498628,1.0587874994994397,1.0744192167955535
R074_0019,74,-0.060074336793565886,1.7320292484257189,1.2261046847920214
R074_0020,74,-0.083873003032497451,-0.36027726446556541,1.2149259236175156
R074_0021,74,-0.66934911637027161,1.4696113097478438,0.45479114987446334
R074_0022,74,0.3942920886763992,2.4412796190439217,1.317376877318265
R074_0023,74,-0.40258805980044921,0.64052210339762872,0.93859857687186343
R074_0024,74,-0.52927878637959802,1.1428228383944135,0.74344785452554862
R074_0025,74,-0.65916319256716416,1.7170599112858267,0.47861791231307216
R074_0026,74,0.39291281062217864,1.5402553625252295,1.317227676423574
R074_0027,74,-0.77316811738302671,-0.094776871709479293,0.18440594492548756
R074_0028,74,-0.90959628819238847,0.28564033920466358,-0.2533091342134286
R074_0029,74,0.56179296799100387,-0.034745616364516563,1.3429002077362477
R074_0030,74,-0.57915525625032549,0.16550673742175043,0.65003450793926809
R074_0031,74,-0.45139719369226405,1.3588468842304731,0.87020908737899083
R074_0032,74,-0.15819279614905635,3.1893821799230757,1.1728947243964054
R074_0033,74,0.77142939543956746,1.0409558254507547,1.4179829455286166
R074_0034,74,0.73990668246804669,0.86155784545506131,1.4021739527605235
R074_0035,74,-0.20357591222754268,0.7186551806282564,1.1413384460794176
R074_0036,74,-0.78589813771169181,-0.038186477449189904,0.14765957206494895
R074_0037,74,-0.11977142940862828,1.1130283488866692,1.196032494820138
R074_0038,74,0.87877953516246055,1.8627802410583438,1.4873631437233774
R074_0039,74,-0.83512125509438451,0.015724407620766028,-0.002190475877228204
R074_0040,74,0.80101737096022396,1.1917390119214428,1.4346013364521539
R074_0041,74,-0.72751380213563532,1.1831195676718049,0.30962104236133259
R074_0042,74,0.32683673353876164,1.0853608419546377,1.310461245485967
R074_0043,74,-0.11713875374889993,1.3685233352259076,1.1975048319950954
R074_0044,74,0.37054615867592755,0.89571450226606841,1.3148710427286396
R074_0045,74,0.27131178197347583,0.7042658702902207,1.304730023512614
R074_0046,74,-0.30265688220973175,1.4730987405896969,1.0545764024106155
R074_0047,74,-0.34933306375521167,0.78723216069438973,1.0042354598530712
R074_0048,74,-0.69817885795311319,0.68126565004602635,0.38479970150410181
R074_0049,74,0.48631646210501955,1.5705636041217717,1.3290947182244499
R074_0050,74,0.56540937707025307,0.19145290705198703,1.3436933037043921
R074_0051,74,0.32366107362238172,2.0126318188065833,1.3101432064911758
R074_0052,74,0.26957531011248959,0.023776146901609341,1.304540922426052
R074_0053,74,-0.75588165762112913,1.1342156110911965,0.23301485685759515
R074_0054,74,-0.89307007636670943,-0.9249695685042636,-0.19497236056090594
R074_0055,74,-0.71002740773857509,0.71006827625492519,0.35492187974421063
R074_0056,74,-0.03012622799041309,0.74296835460878596,1.2387546213049569
R074_0057,74,-0.74098356941207721,0.4775250605600474,0.27373179577988771
R074_0058,74,0.7522887102981255,1.9859322583510544,1.4081590682892027
R074_0059,74,0.79590338369851032,1.2027067042780832,1.4316005661976232
R074_0060,74,-0.65024308508166695,2.06997330110402,0.49910294876284389
R074_0061,74,-0.24319096854872635,0.35500740550861865,1.1097397032964273
R074_0062,74,-0.10040488867810038,1.3431836633307785,1.2065382857794404
R074_0063,74,-0.21818646078057435,1.5234742047634384,1.1301406108526471
R074_0064,74,0.82441223020764576,0.14641444727576225,1.4490398821347179
R074_0065,74,0.5848136638972381,1.0523233386398374,1.3481873007364746
R074_0066,74,0.0068852978896991601,1.2437959138837094,1.252374543576299
R074_0067,74,0.57016215623599664,1.7064422802337427,1.3447564153683376
R074_0068,74,0.028554941155255031,1.8458943457722099,1.259400153351887
R074_0069,74,-0.76382406072456122,0.23732982237276407,0.21086438459862489
R074_0070,74,-0.14972039840057239,2.053752287050135,1.178268590749489
R074_0071,74,-0.89085674962928851,-0.027946163826449988,-0.18727431459491317
R074_0072,74,-0.25848620043614368,1.8935636828186171,1.0964654039211965
R074_0073,74,-0.71412528504696593,1.1117415707717662,0.34443546787279722
R074_0074,74,-0.16179846382869689,1.7993645264551548,1.1705597201976463
R074_0075,74,0.57541969121260261,0.57642477808564996,1.3459604962516232
R074_0076,74,-0.45508321333112334,1.6002267383143534,0.86470927741320414
R074_0077,74,0.50901329108397975,1.5216570424552178,1.3327456737580876
R074_0078,74,-0.38820664977239794,1.3734118468135466,0.95722103185920027
R074_0079,74,0.54057003317324992,2.2041362092246044,1.3385099347402791
R075_0000,75,-0.10017394601208318,2.0638329342943464,1.2066590837039544
R075_0001,75,0.95771179828447539,2.1354960881481753,1.5561086983796681
R075_0002,75,-0.71296162854087464,-0.84936662685096387,0.34742128250563042
R075_0003,75,0.13546697811856445,2.5104883875756885,1.2855144623072412
R075_0004,75,-0.29220572972894199,0.57333932122851894,1.064977541402061
R075_0005,75,-0.2661559493571799,2.6341026725378756,1.089575511839223
R075_0006,75,0.3342211507670616,1.2036304861222178,1.3111998933793305
R075_0007,75,0.1461335696494559,0.98313530634451152,1.2874709982399049
R075_0008,75,-0.5352081662843069,-0.2392770270972111,0.73285941205019478
R075_0009,75,-0.61980433048119377,-0.035570708677544305,0.56637360943183368
R075_0010,75,0.98612621401145351,0.52798900932505277,1.5850255554791757
R075_0011,75,-0.34894273901058015,1.9980207340051712,1.0046835431935768
R075_0012,75,-0.85549480479530193,-0.51845794867342532,-0.067910812808017473
R075_0013,75,0.66675822102716165,0.73727462060347815,1.3722542725356219
R075_0014,75,0.94565064708712576,1.1230600029152056,1.5445260850737048
R075_0015,75,-0.68642382401962232,-0.012125858892736874,0.41379773039701728
R075_0016,75,-0.0081803473668229376,0.89485070086640239,1.2470862792994573
R075_0017,75,0.11170174366119734,1.3958727799753594,1.2807829510390245
R075_0018,75,0.15736413691495699,1.0727243606470669,1.2894275059799714
R075_0019,75,-0.52046711997252015,1.1874637662918976,0.75893153961727433
R075_0020,75,0.53954341591411237,1.0678407448611738,1.3383085607274676
R075_0021,75,0.50624143557054624,1.1940403484070534,1.3322790239532236
R075_0022,75,0.017614793414772345,2.999319894370605,1.2559365661359736
R075_0023,75,0.64293894189994516,2.6754786287685164,1.3643297531264391
R075_0024,75,0.88821791968804042,0.35625478372867136,1.49473500448096
R075_0025,75,0.81401305008011238,1.1376251491131253,1.442475947158893
R075_0026,75,-0.3324372059008891,0.52240193407077551,1.0232067583710707
R075_0027,75,0.0097741539268396682,1.6962857968615586,1.2533500036342937
R075_0028,75,0.95258166814474499,0.80117399900059594,1.551132617227899
R075_0029,75,0.12778756195143415,1.5998843096355251,1.2840434466148887
R075_0030,75,0.2579533273858341,1.6315758491447734,1.3032518704066693
R075_0031,75,0.73829140470154697,0.90152426021846099,1.4014140395762493
R075_0032,75,-0.87682379948814138,-0.016391134705564719,-0.13909305026326368
R075_0033,75,0.49820219352843442,1.2594857273397255,1.3309590641308831
R075_0034,75,-0.078407241758851276,0.70105604683762313,1.2175851758251908
R075_0035,75,0.39821182340812311,1.5162826912100429,1.31780377592285
R075_0036,75,0.56393904934905259,0.70435902277373508,1.3433692180946823
R075_0037,75,0.43288642255318521,0.97212529807167014,1.3218064094126774
R075_0038,75,0.42318098368267321,1.2424126483424118,1.3206398542711191
R075_0039,75,-0.96217270912602149,-0.83493851742168212,-0.44916022380676401
R075_0040,75,-0.61179400675976559,1.1341682966310147,0.58341100862710793
R075_0041,75,0.13996627157878372,2.2403053170736804,1.2863517901027666
R075_0042,75,-0.54061115311888241,-0.40792308212165773,0.72309135070610986
R075_0043,75,-0.48527747843111935,1.1205283612628687,0.81782217426481807
R075_0044,75,0.24236730067943602,0.47623751662130731,1.3014499622475988
R075_0045,75,-0.95664632782543912,-0.39809276625772361,-0.42782745300763736
R075_0046,75,0.089571276208852968,-0.6068452316359465,1.2758716602019702
R075_0047,75,-0.10254838676916478,1.0165128502462493,1.2054121235824207
R075_0048,75,-0.51401335092749356,0.75792830164750113,0.77008253893175926
R075_0049,75,0.93438947224862745,2.0824953500097885,1.5340737042372665
R075_0050,75,0.55480549009686775,0.20401360581845429,1.3414057198384479
R075_0051,75,-0.2867390912638228,1.953331842227144,1.0702952212998058
R075_0052,75,0.20134266222908526,2.4642874031742057,1.2961874337048687
R075_0053,75,-0.78847780571410642,0.13303320934185886,0.14011396773704998
R075_0054,75,-0.16880673257776424,2.2212872354627251,1.1659381577267047
R075_0055,75,0.49614426452734572,0.65207349174911011,1.3306289750051714
R075_0056,75,-0.5196364902892292,0.61014506842556682,0.76037567160975439
R075_0057,75,0.27005585649917219,0.85140614182135965,1.3045933393103604
R075_0058,75,0.60958876126830508,2.5300320138674008,1.3545489057596196
R075_0059,75,0.96710437652359227,2.5033970550424813,1.5654112994323204
R075_0060,75,-0.55272807451933903,1.4744273232957703,0.70076665974122054
R075_0061,75,0.53988447187072675,0.28649147240648309,1.3383753511389314
R075_0062,75,0.15457171098885847,0.63650994709402209,1.2889506069325309
R075_0063,75,-0.34303625675339711,1.9205708999335411,1.0114071012519767
R075_0064,75,-0.92291790518422245,-0.655615167431152,-0.30144486319546782
R075_0065,75,0.42382846581115019,0.76165607700214566,1.3207164478834643
R075_0066,75,0.30870952646797023,2.5708007738085534,1.3086375327755282
R075_0067,75,0.21528159420944393,2.4923940985091164,1.2980720415528793
R075_0068,75,-0.021661581239226235,1.6295902243900391,1.242058905387933
R075_0069,75,-0.62037946962985924,1.1302905674576671,0.56513976667593901
R075_0070,75,0.82640445878590696,2.7551673223305064,1.4503244927009213
R075_0071,75,0.8923291731543801,2.7824721498075307,1.4980154294170052
R075_0072,75,0.33950498702703458,1.3772716234600089,1.3117284527860014
R075_0073,75,-0.47023547650587694,0.28419229083739517,0.84159218434177208
R075_0074,75,-0.42534320132221159,0.45874075633806211,0.90772843977732198
R075_0075,75,-0.34450931479595992,1.2274531834672597,1.0097402418393182
R075_0076,75,-0.97188291653978021,-1.2208746273923752,-0.48707499755996064
R075_0077,75,-0.66942036215707268,1.0093215032792369,0.45462284966061384
R075_0078,75,-0.29125354698160177,0.90185247108113498,1.0659098078540006
R075_0079,75,0.55759403023649101,1.9751933266426396,1.3419962147055835
R076_0000,76,-0.52611795731471878,1.5316190631945941,0.74903650680920852
R076_0001,76,0.012842643976134438,0.41025807496482569,1.2543728139001302
R076_0002,76,0.42485249655645574,0.91057031047973624,1.3208379341536951
R076_0003,76,0.81781663002382454,1.8958317344445839,1.4448493573151899
R076_0004,76,0.22967789217463053,0.65115278308107594,1.2999102764292163
R076_0005,76,0.53560002859785838,2.0097033632537253,1.3375441040042637
R076_0006,76,0.53817999345219958,0.66979171892653366,1.3380426324715844
R076_0007,76,0.4346623187890073,0.23981205214557955,1.3220243109854011
R076_0008,76,0.87742035752169167,0.19988502850723222,1.4863196563780132
R076_0009,76,-0.27636713392720291,1.3833935242763538,1.0801559675624999
R076_0010,76,0.059843936086598992,1.8513500423308693,1.26842014428306
R076_0011,76,-0.21442394121064545,1.776309095962294,1.133074372731472
R076_0012,76,-0.76743786981778039,0.26151653621910809,0.20068291785619219
R076_0013,76,-0.90625263228527575,-0.75766458369960488,-0.24138357032592661
R076_0014,76,0.51903171580477236,0.3146822709839312,1.3344836511998914
R076_0015,76,0.18806459662927755,0.98689044456503028,1.2942850321888588
R076_0016,76,-0.59227221593235502,1.2791942102812079,0.623794172141101
R076_0017,76,0.34189808529638976,-0.33432602073352702,1.311968057507799
R076_0018,76,0.66447429653058987,1.5284788837185483,1.371458489636507
R076_0019,76,-0.41152707282411605,0.28795317332172909,0.92667914474629853
R076_0020,76,0.99315858041113358,0.525666581833234,1.5925444058256377
R076_0021,76,-0.52474144980847526,-0.57861241209721004,0.75145821952244574
R076_0022,76,0.77788092071466863,1.3077809402173473,1.4214553431929948
R076_0023,76,0.7929629791685131,1.9095331453240498,1.429899892001544
R076_0024,76,0.58697371323037495,0.26625892925606154,1.348713318162331
R076_0025,76,0.74083247023556464,2.3014578510441712,1.4026116437320151
R076_0026,76,-0.27320371344469963,0.49293208241791386,1.0831044995087007
R076_0027,76,-0.67671939854828156,-0.19266439410780745,0.43725905007082988
R076_0028,76,0.31467632704555193,1.9244012371997266,1.3092405398299289
R076_0029,76,0.27350271111038227,2.594564313992159,1.3049674169794625
R076_0030,76,0.04705459487237329,0.9434468534565057,1.2648866459468633
R076_0031,76,-0.70650227674139487,1.7788351737904997,0.36387954619284013
R076_0032,76,0.24252259682700772,1.5924520413302954,1.301468378286011
R076_0033,76,-0.60680202987826326,-0.92027685308123153,0.59389042043355
R076_0034,76,-0.093675651395483506,1.4846411039702776,1.210015664413276
R076_0035,76,0.48295909363182576,0.54410187075506578,1.3285860384854429
R076_0036,76,0.25003303539184718,0.68550779129223427,1.3023475695125837
R076_0037,76,0.35924089440694629,1.7964647477864102,1.3137149091181528
R076_0038,76,0.94237591608054561,1.9262294796584778,1.5414508031672562
R076_0039,76,-0.34329730834107752,2.4260899760177104,1.0111121865932291
R076_0040,76,-0.2504486672464834,1.3268635712121821,1.1035176081377582
R076_0041,76,0.89396785213680863,2.2168103829478394,1.4993347869445715
R076_0042,76,0.49237451458659875,1.8263526346694094,1.3300323315755402
R076_0043,76,-0.3743964465099936,2.2166175328018545,0.97447159900479918
R076_0044,76,0.13487644910556806,1.7054698011424598,1.2854032343208646
R076_0045,76,0.3004523858370034,1.6876515568360291,1.3077963542687585
R076_0046,76,0.0012531648090334802,1.7719091431619765,1.250437431342631
R076_0047,76,0.69411561917501463,1.5727994527695812,1.3824099503023877
R076_0048,76,-0.34243916973841859,1.9890541375092279,1.012080861525273
R076_0049,76,0.46354391086500435,2.8219146007129754,1.3257879390522205
R076_0050,76,0.3162063402785853,1.8540071332749344,1.3093946438599997
R076_0051,76,0.26087316688668616,-0.25251782859133742,1.3035797567079199
R076_0052,76,-0.28817683918453763,0.98838453958153283,1.0689047615991769
R076_0053,76,-0.97502903150464149,-0.78689313064778554,-0.49947799899998113
R076_0054,76,-0.61628591166825264,0.00019986608602906575,0.57389079738829329
R076_0055,76,0.7872787600601816,-0.080298212127460467,1.4266628458702184
R076_0056,76,0.12634673357473747,0.69399921529793429,1.283761435722244
R076_0057,76,0.15725331986637126,1.9639624271600038,1.289408698610184
R076_0058,76,-0.58266862288575827,0.74385381359772607,0.64307575038224096
R076_0059,76,0.52706074217061749,2.3126698262678143,1.3359368391219419
R076_0060,76,0.96214775821934562,0.78125405890329613,1.5604710465552079
R076_0061,76,0.19738520758673972,2.5783390065885747,1.2956318645120593
R076_0062,76,-0.73507872759424164,0.60377610374978752,0.28957215813762538
R076_0063,76,0.5079681182768252,1.4952013672717812,1.3325690077381154
R076_0064,76,-0.11565092176939884,0.87873358862141171,1.1983306905212248
R076_0065,76,-0.22378740567797584,1.3710080325248408,1.1257082160844767
R076_0066,76,0.21777357631866145,0.53946159730699761,1.2983977416848373
R076_0067,76,-0.14782459097310041,1.3445069536796972,1.1794496015038183
R076_0068,76,-0.51937271814873087,1.4014758011013124,0.76083371146892431
R076_0069,76,0.6509333726776112,0.30325520944959994,1.3668983008069977
R076_0070,76,0.58206210494304766,1.7921176267179457,1.3475248792511108
R076_0071,76,-0.25188631857522936,1.4180185804189904,1.1022687303148266
R076_0072,76,-0.56241283911016993,-0.82799599638277122,0.68250250984440641
R076_0073,76,0.71159592652085135,1.3581152967487669,1.3895294639110878
R076_0074,76,-0.8945890491735915,-1.4742471699686359,-0.20027105442508142
R076_0075,76,0.53933550398992081,1.8215214141818954,1.3382678974354154
R076_0076,76,-0.53596234775252038,0.82142669771268018,0.73150279493583326
R076_0077,76,0.78753535229087102,1.6278999855313234,1.4268075412159249
R076_0078,76,0.91280307826500939,2.4898583878267093,1.5149911023586664
R076_0079,76,-0.638321512711572,1.1486218097824246,0.52593154584960766
R077_0000,77,0.90534661071769329,1.409510502362066,1.5086841494088128
R077_0001,77,-0.36726591787907914,0.074732309146470555,0.9831399457811163
R077_0002,77,0.60276539277331431,1.696798594546802,1.3527236064204189
R077_0003,77,-0.29146651982449301,1.9873116915888518,1.0657015110292167
R077_0004,77,-0.62570393442113503,-0.050320446964290833,0.55364970458593887
R077_0005,77,0.77041916197225335,3.039559279792925,1.4174466698396713
R077_0006,77,0.62214788229181828,2.0944401322066279,1.3580609147386455
R077_0007,77,0.60906557384561943,1.5439790593466751,1.3544069187654699
R077_0008,77,0.65184044118030759,0.94834558789565881,1.3671954617317408
R077_0009,77,-0.21477138954148534,0.10134611549176564,1.1328049217296552
R077_0010,77,0.63527018667776414,2.3941756195661457,1.3619495468928291
R077_0011,77,-0.23154238003746141,0.79693531108729387,1.1194411960364796
R077_0012,77,0.71445017261530563,1.7739371761946794,1.390740723633956
R077_0013,77,-0.3744383515225691,0.21871315104219846,0.97442017946023318
R077_0014,77,0.32343610102605735,-0.23798103668098247,1.3101206607663014
R077_0015,77,0.45065374913086331,2.4538892393725895,1.3240542583791031
R077_0016,77,0.12537257222427778,1.2554654679599593,1.2835696699502759
R077_0017,77,0.66927554226885833,0.95320175681903252,1.3731404466743795
R077_0018,77,0.26928302195833709,1.5933463914024624,1.3045090079393862
R077_0019,77,0.17577427711840032,1.8887661173600581,1.2924216698050111
R077_0020,77,0.091296079273066155,2.1741044432523755,1.2762731100190858
R077_0021,77,-0.8566029122442631,-1.7087232907515093,-0.071548638394968611
R077_0022,77,-0.16425480528633774,2.6415001405717238,1.1689524355883307
R077_0023,77,-0.21013785732026635,1.6805327121010141,1.1363738727542811
R077_0024,77,0.97747168403667684,2.6031770272951151,1.5759715647075498
R077_0025,77,0.17347793138683798,1.0557697454908572,1.292061892239516
R077_0026,77,-0.44883135012371955,1.9208621974392954,0.87400917629890884
R077_0027,77,0.16791137149714941,0.66676017258240905,1.2911739072196893
R077_0028,77,0.11616243170628637,2.0651342628898379,1.2817121648640553
R077_0029,77,0.16134186130335015,0.32966977688626575,1.2900961955357644
R077_0030,77,0.47073935781456844,1.2739984874656773,1.32679742569161
R077_0031,77,0.1873000104197684,1.8470825926436467,1.2941720782546975
R077_0032,77,-0.49821996144959524,1.6087894706115944,0.79670337731280993
R077_0033,77,0.70205168751311531,2.004052733070667,1.3855792834742047
R077_0034,77,0.98553822876372599,0.98425088130997185,1.5844034974492409
R077_0035,77,-0.76393935855013995,-0.836295033671,0.21054054391605748
R077_0036,77,-0.28263001702152279,1.0358171607063535,1.0742373928014244
R077_0037,77,-0.12102821631222183,1.7005567801167236,1.1953246519573513
R077_0038,77,0.89396989354246936,0.96136236249096385,1.4993364347722598
R077_0039,77,0.74585360258291389,0.007392743302106819,1.4050129883750113
R077_0040,77,-0.44269348338468339,0.94214169243684032,0.88300566231970889
R077_0041,77,-0.49146780589602157,2.5430339053687452,0.80779874166458809
R077_0042,77,-0.18529480696185141,2.0402959472848314,1.154624736523493
R077_0043,77,0.027323364523021532,2.1294390175601956,1.2590185519227326
R077_0044,77,0.72065585362921047,2.3236440185206084,1.3934225889606362
R077_0045,77,0.86505784674514574,1.7795800093930432,1.4770347983190615
R077_0046,77,0.014622708106565296,2.5367024412061245,1.2549599251530035
R077_0047,77,0.21442172020847861,1.5957464304554194,1.297958894662129
R077_0048,77,0.07316967120675355,-0.080127130719616524,1.2718878362163171
R077_0049,77,0.1574432290600416,0.11307689783951957,1.2894409231948258
R077_0050,77,0.99339926350875607,1.6435292503396379,1.5928043287487803
R077_0051,77,0.55752508762051112,1.367689017932241,1.3419815213690545
R077_0052,77,-0.33341068938404805,1.3945016878642882,1.0221371215901511
R077_0053,77,0.2582180230403559,1.3440889942498799,1.3032817121909899
R077_0054,77,0.08057393829116255,1.248980891673519,1.2737240828992116
R077_0055,77,0.6673616346026352,1.7883718918976517,1.3724658234868774
R077_0056,77,0.88718777870504173,0.76051778592883768,1.4939196657048375
R077_0057,77,0.98928367826345331,0.88333836179110925,1.5883833824239537
R077_0058,77,-0.40189445872486518,-0.051840084937778586,0.93951233216418506
R077_0059,77,0.34738675942420594,0.4601824540617937,1.3125185353711308
R077_0060,77,-0.63489167014269277,1.8322659369435033,0.53353470076178844
R077_0061,77,-0.79443942165415127,0.48965750620461312,0.12254741212360321
R077_0062,77,0.89885386280211477,1.1272779103524921,1.5033089759043963
R077_0063,77,-0.12965807243260219,3.3063495075341267,1.1903764804666384
R077_0064,77,0.30669991175602207,1.8730664060919349,1.3084335998570142
R077_0065,77,-0.10484336643065495,0.46647419467397433,1.204196384084073
R077_0066,77,0.84139564016835711,1.1323128705225298,1.4602759083219985
R077_0067,77,-0.30317435255276015,0.55558059180609121,1.0540533285434177
R077_0068,77,-0.44621826849169666,0.3909521443569155,0.87785541039602055
R077_0069,77,0.13308756753556694,-0.33285521051581179,1.2850643884180299
R077_0070,77,-0.62535547829554172,1.4973161799767634,0.55440539834096891
R077_0071,77,-0.42872513198398265,0.43720832112043728,0.90299083076339504
R077_0072,77,-0.81944358570607334,0.72073534676667683,0.046894130495015229
R077_0073,77,0.2652286267600803,2.2246878590236387,1.3040637254083263
R077_0074,77,-0.41345753882118297,1.3171215616361176,0.92406997239067601
R077_0075,77,-0.85236111909960055,0.022394090425427518,-0.057658715772421099
R077_0076,77,-0.7906132291025969,-0.57419161160231935,0.13384238105176216
R077_0077,77,0.38420256980823564,0.7614362646515126,1.3162967597082065
R077_0078,77,0.10992611950883546,2.5910084769995629,1.2804075679696509
R077_0079,77,-0.33340126086459021,1.2121881315876926,1.0221474950163805
R078_0000,78,0.04677269684085128,1.5761884306032621,1.2648064229683949
R078_0001,78,-0.91744522968836195,-0.42024990542214841,-0.28154933599422183
R078_0002,78,0.74989773477812971,2.208462554518726,1.4069810859292575
R078_0003,78,-0.50041917014461545,1.0528374461505368,0.79305280013507062
R078_0004,78,-0.92423050334697177,-1.1077092019078061,-0.30624186813689014
R078_0005,78,-0.41058317238913333,1.8914492160859768,0.92795034931827369
R078_0006,78,-0.29364310633780377,0.42416854397147752,1.0635653941700978
R078_0007,78,-0.52864438253056956,0.077148551471794113,0.74457264827225678
R078_0008,78,0.28800140102430904,1.0598257852015349,1.3065080505805671
R078_0009,78,0.53922137785909352,1.3605444032531495,1.338245593751521
R078_0010,78,-0.09649157605382408,-0.81398109765972193,1.2085711825882497
R078_0011,78,0.69406444806118173,1.6932173808414048,1.3823898488999216
R078_0012,78,-0.39139664088662207,2.5851270058802567,0.95314874868947785
R078_0013,78,0.18814909094993593,0.78666026327716232,1.2942974912271916
R078_0014,78,0.20219450509922687,1.0341129613677231,1.2963057938844125
R078_0015,78,-0.0098027533894229357,1.8589876188729468,1.2464962593440443
R078_0016,78,0.85605728020018801,2.598858541809979,1.4705054514973677
R078_0017,78,0.64743023977064662,0.83510092347418552,1.3657616642111259
R078_0018,78,-0.88686641457720472,-0.32764068422754411,-0.17346390898690123
R078_0019,78,-0.45110062645950988,0.72761026778555393,0.87064949889364329
R078_0020,78,-0.93597000882070636,-1.5425105990023411,-0.34957967094790487
R078_0021,78,0.45427586328274816,1.5516287309674894,1.3245321425623255
R078_0022,78,-0.98675854401025775,-0.91544036954604624,-0.5462342976327399
R078_0023,78,0.032405940275142875,1.5448493649108206,1.2605799935737279
R078_0024,78,-0.79956687084965372,-1.1904233689994856,0.10729457783828189
R078_0025,78,0.87621384003775127,0.9402608673854278,1.4853971613981156
R078_0026,78,0.61525112290072248,1.5428455024775003,1.35610751052524
R078_0027,78,0.85446146896262443,1.2690904178348212,1.469367772515024
R078_0028,78,0.35874858403337351,2.2498030263902207,1.3136649486304788
R078_0029,78,-0.31099316193879911,0.88629713138539434,1.046056148073446
R078_0030,78,0.32751945108816338,2.7787837631844812,1.3105295754993302
R078_0031,78,0.036921637658550388,-0.17692645103469995,1.2619379165701972
R078_0032,78,-0.45871168529408113,1.228881532758366,0.85924825286707351
R078_0033,78,-0.056421630150182089,1.1174833980485337,1.2277301697080081
R078_0034,78,-0.14561370283616215,0.24362280442974038,1.180817067388032
R078_0035,78,0.69378100426622935,3.0315595023958157,1.3822785814472252
R078_0036,78,0.3779398781868093,1.7397935998598379,1.3156383322949692
R078_0037,78,-0.78639070591520066,-0.29069937124209266,0.14622138691802955
R078_0038,78,0.66942999275079895,0.67616339258002855,1.3731951291554625
R078_0039,78,0.40092493826941755,2.1561693413378453,1.3181018721297273
R078_0040,78,-0.5518125176316877,0.44589982231599645,0.7024738631287315
R078_0041,78,0.903004755136805,2.2020310643865804,1.5067329428520926
R078_0042,78,0.82173128892289071,0.24286441764026656,1.4473250187619326
R078_0043,78,0.026819423592668423,0.69791168152445615,1.2588618051821097
R078_0044,78,0.16558677904944985,0.58618207063671246,1.2907963022309608
R078_0045,78,0.03817841817279044,1.5311199222881839,1.2623109890564725
R078_0046,78,-0.82878103562829208,0.60343609103827467,0.017814535505991325
R078_0047,78,0.80431126610268699,1.1414498483552897,1.4365632234669412
R078_0048,78,0.058940300695606185,1.6239443680226189,1.2681772031019813
R078_0049,78,-0.55623416946671478,-0.21918386501569154,0.6941980436386751
R078_0050,78,-0.33608495289103346,1.3017449579957394,1.0191840679682362
R078_0051,78,0.40859618041114643,1.6652802389316024,1.3189571403995397
R078_0052,78,0.20365379627296609,0.14436147911852437,1.2965075629943119
R078_0053,78,0.29897950453479849,2.0039959623752313,1.3076453203119258
R078_0054,78,0.20028127486399461,0.93555622572551123,1.2960393547629843
R078_0055,78,-0.50704283750542989,0.41301403444465101,0.78194801772018696
R078_0056,78,-0.34065313307665823,1.8211451093615023,1.0140897791589076
R078_0057,78,-0.26884478040394177,0.17241248279186228,1.0871226152179081
R078_0058,78,-0.75199473589152643,-0.47116679122300376,0.24374222225205
R078_0059,78,-0.048739440643904786,0.55247642487044712,1.2310727093539691
R078_0060,78,0.39640503796307969,2.5601730802535787,1.3176064578934474
R078_0061,78,0.015544461663782094,0.44290967635101575,1.2552621558755774
R078_0062,78,0.44323901796049725,0.90034500999449696,1.3230973640387818
R078_0063,78,0.14403676299042467,0.85385891571508821,1.2870941288790891
R078_0064,78,0.12823857913820991,0.88872350779615927,1.2841313281983306
R078_0065,78,-0.18467240140245234,0.19794745207303466,1.1550632013729012
R078_0066,78,0.70834480375453435,1.0694272748064202,1.3881666688272032
R078_0067,78,-0.54041229010115299,1.281887507130121,0.72345290587788857
R078_0068,78,-0.63925802917551322,1.1476616335154946,0.52384657675793478
R078_0069,78,0.99909281111423498,3.1806175523563667,1.5990033261532137
R078_0070,78,0.51266826284151557,2.1694168486803278,1.3333702993415435
R078_0071,78,0.74882654503247736,1.5840439705844289,1.4064568133789526
R078_0072,78,-0.39454619932853441,1.8559303090206767,0.94909552303885625
R078_0073,78,0.0455900514556562,1.8554994755366923,1.2644687459929749
R078_0074,78,0.26939388899021033,0.85770896485765658,1.3045211162298529
R078_0075,78,-0.48752701366586404,2.1157398034992987,0.81419609129509651
R078_0076,78,-0.51062939694004039,1.8445600680780478,0.7758658817240085
R078_0077,78,0.96920476617139184,1.559056001288988,1.5675258590159018
R078_0078,78,-0.33870016920779267,1.0441909559807596,1.0162753824339243
R078_0079,78,-0.04358171585377435,0.61229770978380849,1.2332597917630372
R079_0000,79,0.58442416923987572,0.56002824587481892,1.3480930138063043
R079_0001,79,0.65606520330964235,1.0804149438484889,1.3685951096842439
R079_0002,79,0.66637463712464129,0.96306053680466674,1.3721200758247749
R079_0003,79,0.80084153085535736,1.011928840557218,1.4344972472345132
R079_0004,79,-0.72686333283860627,0.14796840269682665,0.3113321604928958
R079_0005,79,-0.30829102153332588,0.5138086582246979,1.0488398674835264
R079_0006,79,0.4453056469559673,0.52769426676246778,1.3233612572462108
R079_0007,79,0.49158877410108603,1.0858367234024182,1.3299092602492411
R079_0008,79,0.90765086040147214,1.4123967396294264,1.5106178015390868
R079_0009,79,-0.48135402054913645,1.8063023845906441,0.82410191682781941
R079_0010,79,0.52047386395885864,0.61453590512217748,1.3347406317198256
R079_0011,79,0.71054832463920747,1.8084191991574239,1.3890883763297901
R079_0012,79,-0.5779368248461707,1.1588499235570702,0.65243595004685562
R079_0013,79,0.20385798047264014,1.6121106685153495,1.296535695128846
R079_0014,79,-0.62753639926596883,0.10940128232667679,0.54966702594069017
R079_0015,79,-0.11814651479083538,1.4189827350569857,1.1969429007416728
R079_0016,79,-0.63393666920666147,-1.1782248823565045,0.53564258306566703
R079_0017,79,0.12653186211814993,0.35711869296534349,1.283797778598317
R079_0018,79,-0.33459013941543225,0.43169358358345722,1.0208373647007196
R079_0019,79,-0.25048643859309605,1.8115317313161137,1.1034848659394869
R079_0020,79,-0.72763447635470824,-0.15652477097346262,0.30930337586650314
R079_0021,79,-0.18738469032117622,1.783606608747708,1.1531458596737962
R079_0022,79,0.50431063923893094,0.19562074205018187,1.3319575070542844
R079_0023,79,0.59588193842339732,2.4173149588459748,1.3509394266718748
R079_0024,79,0.43573599878836378,1.3167266013839274,1.3221567469122251
R079_0025,79,0.21106985286919722,1.8591844027725679,1.2975140342973888
R079_0026,79,0.48972003162036515,1.2160981707231877,1.3296183195215714
R079_0027,79,-0.98119908886944929,-0.39873276154195564,-0.52397170291415662
R079_0028,79,0.16237838855933395,1.5069444197809805,1.2902684218874403
R079_0029,79,0.66660675917400702,2.1565503500725201,1.3722012572913109
R079_0030,79,-0.5116942307313217,0.43396150479815787,0.77405072628975558
R079_0031,79,-0.19514825089354404,-0.68662041182977274,1.1475621326312067
R079_0032,79,0.45904930085065843,1.5153589559730958,1.3251728667925513
R079_0033,79,-0.29473967327866979,0.92525591793303463,1.0624841554791242
R079_0034,79,-0.47799174801288524,0.63944087128714233,0.82943853300174764
R079_0035,79,-0.22062633751612704,0.4739101748820207,1.1282193937373821
R079_0036,79,-0.12357018916978202,1.2830662494239242,1.1938830903052977
R079_0037,79,-0.15402064060036413,1.5251191404320237,1.1755607079409591
R079_0038,79,-0.06990245855757804,1.085370474444203,1.2216131981171436
R079_0039,79,0.0048047135426108056,1.5524853260877629,1.251664418974334
R079_0040,79,-0.51551022497282473,0.62561444705723512,0.76751038927296833
R079_0041,79,0.62398045683944048,1.4327656270699984,1.3585902988570744
R079_0042,79,-0.67904129735614882,2.6987036859602691,0.43168476194107286
R079_0043,79,0.034588470702774821,1.1162276911962064,1.2612397282737204
R079_0044,79,-0.67854588470055721,0.91652744035262246,0.43287618087479551
R079_0045,79,0.36904280292708158,2.2554971042602117,1.3147162097024703
R079_0046,79,0.080734517229125169,2.5135492862098285,1.2737632087841417
R079_0047,79,-0.2287749734925657,0.38369013754671577,1.121695051456999
R079_0048,79,-0.37089767819921016,1.8710157130226746,0.97874506813999229
R079_0049,79,0.38267766579182805,1.6528970404006318,1.3161356543793776
R079_0050,79,0.42742399487629745,1.2067829900045792,1.3211449194465295
R079_0051,79,-0.11193626363632614,0.026603895292710789,1.2003731142612568
R079_0052,79,0.99316383367356376,1.4704282660074397,1.5925500771891916
R079_0053,79,0.63529472706231749,0.46895303477765493,1.3619570351424541
R079_0054,79,-0.76854424300016144,-0.50045625665541582,0.1975529218456693
R079_0055,79,0.12496252423483667,0.96828764261182676,1.2834886857724244
R079_0056,79,-0.054941772994242966,0.63148061606925565,1.2283820452753478
R079_0057,79,0.017953652922999774,-0.006139480243132045,1.2560463685829926
R079_0058,79,0.49503290733223015,2.5393586429142294,1.3304520075339579
R079_0059,79,-0.44119722571854481,0.97755321058340483,0.88517879518624665
R079_0060,79,0.67571164378226878,1.0819884406638391,1.3754498779090614
R079_0061,79,0.80837376670966687,1.3595629876316242,1.4390145887022527
R079_0062,79,0.14010973851136077,1.8066290606601785,1.2863781976224273
R079_0063,79,-0.53789690351463171,0.63392886045795538,0.72801274927946291
R079_0064,79,0.80351004746390875,1.6025538954204084,1.436083896892544
R079_0065,79,-0.1643835524749615,1.1025097341054881,1.1688678190021404
R079_0066,79,-0.85228692256370131,-0.84324294886241036,-0.057416611543548601
R079_0067,79,0.84757141592798457,1.3154415524642606,1.4645240689906065
R079_0068,79,0.48786404636653602,0.45136417734786294,1.3293317974986214
R079_0069,79,-0.53720075367137987,1.2646929161861331,0.72927033040039946
R079_0070,79,-0.38298297911666501,1.2383680775064967,0.96381818783650597
R079_0071,79,-0.42855468758512405,0.81717480557420474,0.90323053648076557
R079_0072,79,-0.94149967726602402,-1.2701190829138114,-0.37026538636680129
R079_0073,79,0.68939458444396085,0.45184269643727637,1.3805732173491589
R079_0074,79,-0.93693095323844533,-0.54801930318170744,-0.35316186972498342
R079_0075,79,-0.91057125896354552,0.0018473649658938829,-0.25679825617185736
R079_0076,79,-0.34668032870453946,0.54327120694962305,1.0072715306375426
R079_0077,79,-0.10240292120629224,1.2360259055723246,1.2054888335842417
R079_0078,79,-0.59455285196290042,-0.70569756335817946,0.61915893618924511
R079_0079,79,-0.8863537519249618,1.0720708200516089,-0.17169594599166338
