row_id,device,day,label_available_day,x,y,oracle_mean
0,0,0,2,-0.39182818118678492,0.076642128897209949,-0.34406784769948806
1,0,1,3,-0.34358569071973305,-0.51278621844335115,-0.23152836104561553
2,0,2,4,-0.8562111982131444,-0.22270532820300859,-0.90420407153639137
3,0,3,5,-0.62790301051751085,-0.26743206154793892,-0.53957260876250435
4,0,4,6,-0.39197446337844088,-0.289716319602422,-0.16427264276780645
5,0,5,7,0.44401835022471198,1.3954891603166248,1.0511172962766073
6,0,6,8,-0.15708075717913147,0.40652880110867995,0.25457854591122686
7,0,7,9,-1.3348047067928706,-1.1335588010906903,-1.349234983548008
8,0,8,10,-0.076860335919457928,-0.12552668669820466,0.45688713567476957
9,0,9,11,1.3948990702806316,2.1024621591592001,2.5623503043548945
10,0,10,12,0.28370712434592649,1.175740454051756,1.051681580046308
11,0,11,13,0.38298001827009837,0.63582190615832079,1.2356636315401484
12,0,12,14,2.1958726165984004,3.2616168345100132,3.8187132691997712
13,0,13,15,-0.83525254265536808,-0.063458519488742371,-0.37986195375550458
14,0,14,16,-0.0093667928581089022,0.85942759353601805,0.82137809596065836
15,0,15,17,-0.51041851079188172,0.065130367995087882,0.16490569085337647
16,0,16,18,1.2844384116640635,3.1286829459827659,2.7227053822917
17,0,17,19,1.1261209914791266,2.1904220740078406,2.5460609940327883
18,0,18,20,0.67850751995384295,1.689001714816011,1.9644021338973907
19,0,19,21,-0.75161793783550923,0.27703492217303655,0.0072264929922978283
20,0,20,22,0.6816974148856656,2.0791180449398348,2.0588679868019426
21,0,21,23,0.8576325596669323,2.8042911038938483,2.3501771894957155
22,0,22,24,-0.80671227569588233,0.10118624022138339,0.065094419987775654
23,0,23,25,-2.3634274543123555,-1.9697654618071188,-2.0693068300752868
24,0,24,26,-1.0092277761451323,0.41053206682453436,-0.12842728064117415
25,0,25,27,0.3991708969391532,1.6854036466251341,1.8883308616768253
26,0,26,28,0.89816391203127155,2.6645384856835719,2.6319210828057908
27,0,27,29,-0.77355579310943656,0.41918962822014616,0.33651349560879962
28,0,28,30,1.7110469639833887,3.4274648087851389,3.8599573555387545
29,0,29,31,-2.0594170243264602,-1.417108044396109,-1.3736922280950334
30,0,30,32,0.44544717782698839,2.8216686972539851,2.1781176549197943
31,0,31,33,0.81728136985208599,2.4427436231599557,2.7436855237549311
32,0,32,34,-0.18164422442537154,1.6147954221069363,1.3901896917664907
33,0,33,35,1.4444230839265202,3.8383927608881678,3.7116839234591383
34,0,34,36,1.6379565338473732,3.8231823596886487,4.0276307533483324
35,0,35,37,0.17170312650854591,2.0183338357915295,2.019875983073975
36,0,36,38,0.61129335698912846,2.7821278534181082,2.6803023057467907
37,0,37,39,1.4066782348324129,4.8112406820389717,3.8388411347273887
38,0,38,40,-0.85216728315921764,0.90157332152726744,0.7214574095391062
39,0,39,41,0.70129806675212936,2.7946620243301092,2.9413088994149916
40,0,40,42,0.1184955010888219,2.9594101402307604,2.1703853074863613
41,0,41,43,0.34755056561263398,2.7432849719830981,2.5360623978196983
42,0,42,44,1.7344102758797826,4.5869723160976168,4.5226659921937067
43,0,43,45,0.049415722636559911,2.2498545305813193,2.2086736176531945
44,0,44,46,1.3058892338605244,4.3900883827303616,4.0127365333667449
45,0,45,47,-0.14960066875060429,1.5695073595428344,2.0200506697111646
46,0,46,48,1.9408110865691688,4.7678250275709422,4.9916271271588464
47,0,47,49,1.0941049516043633,3.4764006401091487,3.8512385382081193
48,1,0,2,-0.080915886871086126,1.4991202712949692,1.3520384527473657
49,1,1,3,0.30408589102569811,2.295095406781408,1.9360409418028632
50,1,2,4,-2.0177873610956536,-1.3620913769331697,-1.2695816111670286
51,1,3,5,0.7150433613072108,1.957454688057604,2.6013814001969813
52,1,4,6,1.0042596508538038,3.173995854595963,3.0512842055622111
53,1,5,7,-1.3983179782936523,-0.80617383696279921,-0.26732447524422709
54,1,6,8,0.86596109236937124,3.5000175614914171,2.9476662236840059
55,1,7,9,-0.67860093725139181,1.2559728037621776,0.83027938221493769
56,1,8,10,1.6895497470905587,5.147116855361662,4.1906903402936679
57,1,9,11,-0.42506612627638884,0.90963120137996789,1.2752281175799418
58,1,10,12,1.2172194416520401,4.0978899243399036,3.6194279126797424
59,1,11,13,1.750682189674108,4.9455473967766599,4.4112757599106374
60,1,12,14,0.93810947845863257,3.2592978972183908,3.3186739642089718
61,1,13,15,-1.5166979334295361,0.44676079083100362,-0.073056412434464368
62,1,14,16,-0.099422756998763656,1.8102623961858042,1.956128834568617
63,1,15,17,0.87595613255860028,3.5358732962487847,3.3666592799489266
64,1,16,18,-0.26374450238341018,2.1200019681802633,1.8160783910301119
65,1,17,19,0.91616186169657554,3.855321865058368,3.5129473007420917
66,1,18,20,0.74049776462414629,2.8526270390812516,3.3120175648406911
67,1,19,21,0.79789680295556331,3.3800475121994564,3.4373762185046748
68,1,20,22,-1.3855380320236019,0.31018631844854028,0.42556744953384351
69,1,21,23,0.46476765947958315,3.0707757649864051,3.0609954176383023
70,1,22,24,-0.052917722468331152,1.8316770451973405,2.3812358829112226
71,1,23,25,1.7179751601650501,5.5090750096631158,4.9054859185979556
72,1,24,26,0.27242516971668235,3.1814549000593471,2.9267159319702412
73,1,25,27,1.185620592801075,4.20909536520311,4.2501895242883911
74,1,26,28,2.384888117200509,5.9796089466733902,5.9741640584475988
75,1,27,29,0.42779404692358763,3.6572178865587253,3.2792323600599085
76,1,28,30,0.58303716466427447,4.25810579878683,3.54157272489687
77,1,29,31,0.43885539901962334,3.5806908383473335,3.3847182529943582
78,1,30,32,1.6922947887406443,5.2075712594957571,5.1845333986037874
79,1,31,33,0.88468073202777819,3.8011967427681395,4.0988737192057751
80,1,32,34,-0.079116446966753684,2.7825682673928811,2.794557668613431
81,1,33,35,1.5383574034115739,5.2968710293695862,5.1040210591430881
82,1,34,36,-0.20906884846743634,2.7897341116267671,2.7026243065124751
83,1,35,37,0.10960789923892156,3.5066720385370935,3.1937717533013763
84,1,36,38,0.69793879311133344,3.876946574128731,4.0624350047227527
85,1,37,39,0.091162818962391812,3.0997956222838119,3.2579486409142344
86,1,38,40,0.076464737967825269,2.5302725059391848,3.2823713275218411
87,1,39,41,0.67911759081089418,4.592865597868844,4.1710853215021375
88,1,40,42,-0.53273042797197123,2.2047221892906883,2.5194980952061261
89,1,41,43,-0.020187404256641672,3.289190790959386,3.2820583284075875
90,1,42,44,-0.096916442072226494,2.916859588337255,3.2196376754657692
91,1,43,45,0.31016842166988701,3.5225944608064488,3.8345564847047275
92,1,44,46,-0.0035199011957243176,4.6211063791261147,3.4403928326928721
93,1,45,47,-0.36241683472359887,2.9379024052069456,2.982937125753848
94,1,46,48,0.9859579483152221,4.2479394303318987,4.9156618220081967
95,1,47,49,1.7882216435569416,5.7813439042947907,6.0838309953466041
96,2,0,2,0.9492703287857962,3.1068794039751952,2.888962179561442
97,2,1,3,0.39016924717580598,2.0151197152560711,2.1512206653074557
98,2,2,4,-0.60810156068618759,1.3899412107559785,0.79864153430066465
99,2,3,5,1.8933505977231961,3.6565688230076305,4.345674556073801
100,2,4,6,0.98202851206041664,3.438633734983128,3.1148236361459105
101,2,5,7,-1.6783182799511629,-0.0071518001472102855,-0.56466187267030066
102,2,6,8,0.043939075970243567,1.6162852251410516,1.8914984256196683
103,2,7,9,-1.0066257732798338,1.0570258485650743,0.46570763666956011
104,2,8,10,0.036924789719060672,1.2216254195067671,1.9716784248680121
105,2,9,11,1.5855741530531076,4.9663344397083469,4.184787533535677
106,2,10,12,0.39925463079114043,2.2284385036372956,2.5689402023689238
107,2,11,13,1.7608893143834445,4.1002665529237206,4.5202287593981501
108,2,12,14,0.85186951757798068,3.4748682106250182,3.2926010438705
109,2,13,15,2.5383498726099978,5.9134135955315239,5.6986735409153235
110,2,14,16,-0.67897536007627546,0.75726245427916394,1.2394182151545419
111,2,15,17,-0.071544411136056418,2.4298006507739789,2.1348215436708484
112,2,16,18,0.84018591464641612,3.7611799901758927,3.4562439997663095
113,2,17,19,0.36438975270792939,2.6042270853386817,2.8351293730524283
114,2,18,20,2.2814551251332142,6.0696182333933422,5.5640208944478262
115,2,19,21,0.69958190299405953,3.5081518274474468,3.3943983834530105
116,2,20,22,0.54302484799689099,3.8991514484118466,3.2202185064569746
117,2,21,23,1.8188767409748841,5.1709908556284754,5.0514111566261644
118,2,22,24,1.0516726509380891,4.1159062218948206,4.0223254305746519
119,2,23,25,-1.4459982241342426,1.1442848036500628,0.57058620547338745
120,2,24,26,-1.1317990781792333,0.5906578732553579,1.0554650098104008
121,2,25,27,-1.7258262309845254,-0.26466553548562621,0.26882699588299186
122,2,26,28,-0.093036969478016041,1.6844246913989047,2.5997319619921049
123,2,27,29,-0.62219169091275939,2.423009762213117,1.9039153519834642
124,2,28,30,1.3685707304035497,5.2628550497805389,4.7359827418262972
125,2,29,31,0.68372267520474994,3.1885466935452595,3.8221954645479768
126,2,30,32,0.13408869887582436,2.1964734302995148,3.0977078976874814
127,2,31,33,-0.51555155391729157,2.4601507934318669,2.2332115437771192
128,2,32,34,-0.4118229351779138,2.5279950667018625,2.4234316100122477
129,2,33,35,-0.2237492684150082,2.9193928655154289,2.7317347434803159
130,2,34,36,0.62227785758697396,4.7395990287135916,3.9611727198830904
131,2,35,37,-1.3187584594925505,2.7394097158714503,1.2887218759717567
132,2,36,38,1.4489824359997892,5.4743290072000228,5.2085591296610323
133,2,37,39,-0.25200044194806837,3.2409141685311669,2.8721831005340315
134,2,38,40,-0.33964587177159355,3.2915534938307922,2.7944794987810964
135,2,39,41,-1.6669464441560153,1.1801450109898899,0.98125869744290606
136,2,40,42,0.55637945037590841,4.4720130319120068,4.1389149497875994
137,2,41,43,0.52071483072845182,3.725812710944076,4.1339844822811598
138,2,42,44,0.82820294476836409,4.6618165335640587,4.609467841937037
139,2,43,45,-0.28481750220220836,3.0528515964781597,3.0962392161782355
140,2,44,46,1.3132913819381073,5.5130922416302219,5.3785916539746772
141,2,45,47,1.2845973369003458,6.0086064514058553,5.3834199909218112
142,2,46,48,1.6458828131289991,5.4722756960262533,5.9342196576419255
143,2,47,49,0.099105173168242078,3.2532810213048977,3.8137309616968658
144,3,0,2,-0.069639911783997074,1.0742984837194891,0.69720246393187191
145,3,1,3,1.3887757642571434,2.7053532800667264,2.7839844103894684
146,3,2,4,-0.79684761102885648,0.17192585869126034,-0.23088831501093118
147,3,3,5,-0.29725984748109846,-0.087105194128006991,0.51353455395592995
148,3,4,6,0.37208486683529041,1.705060825064346,1.4956171539988743
149,3,5,7,-0.09010865957920848,1.5331805278916888,0.89354621701857606
150,3,6,8,-1.0586497584479642,-0.3235878377559061,-0.41741132139768178
151,3,7,9,0.051881007148164904,1.5662462985288319,1.1823317504368986
152,3,8,10,-1.1837157797228994,-0.16785345844663724,-0.50250375118259127
153,3,9,11,0.80319197386407237,2.3914536197996288,2.3241671038391689
154,3,10,12,-0.85734047991005757,0.20363866184942253,0.044421668555387317
155,3,11,13,0.34201824189230101,1.3382678506683301,1.768523879078689
156,3,12,14,2.7555608429817666,6.1978876549890796,5.1924835206039406
157,3,13,15,0.88570842633122115,2.7723015901328503,2.6196901372931771
158,3,14,16,0.66430933687286831,2.2859070587999035,2.3547314120514837
159,3,15,17,0.76465676040751918,3.2616763550775092,2.5402178049999948
160,3,16,18,-0.74687511851976873,1.3166821211637645,0.46907317450179176
161,3,17,19,-1.6089461028402776,-0.9276346503670061,-0.6928262035469207
162,3,18,20,0.63017182869700306,2.2724926970254602,2.486938900605272
163,3,19,21,1.5020907363876623,4.1070563534364126,3.7526253713721949
164,3,20,22,0.71347563670059788,2.0111894523891993,2.6935642318103046
165,3,21,23,2.462994280732016,4.8445697486495201,5.1878903334542912
166,3,22,24,0.49034610651862814,1.8629878909044666,2.4711828895555472
167,3,23,25,0.48113004859271424,2.4855909636313704,2.5032804084592679
168,3,24,26,1.9244299571697909,4.9530736194841225,4.5689002804671759
169,3,25,27,-1.2504975795932092,0.073815611195184816,0.16900172899897514
170,3,26,28,-0.69826432569362862,1.073851286636843,0.98712828445838774
171,3,27,29,-1.2350733986039397,0.069175984650694911,0.2805955823839521
172,3,28,30,-1.2096997326160706,0.012325966960704871,0.36111871476696922
173,3,29,31,1.2800456362233026,3.4299450184328899,3.8917622311420912
174,3,30,32,0.87355340680487847,3.0806244069336746,3.3676731099562973
175,3,31,33,1.2935723796554941,4.7930368689004972,4.0006996719471601
176,3,32,34,0.14333613779574494,2.3348035613475151,2.4353689333435105
177,3,33,35,0.12572146742168194,2.7936564005759799,2.4557083948198226
178,3,34,36,0.45970215953470223,3.0413323557988217,2.968281363778051
179,3,35,37,-0.88834790580541412,0.93795130501056867,1.126011272301888
180,3,36,38,1.8859331312689818,4.8137779234244604,5.0550047242060421
181,3,37,39,0.88415792776253377,3.8284017777218726,3.6975194392970154
182,3,38,40,1.9138949747934944,4.8527275532351286,5.18415130514036
183,3,39,41,0.51478204479389822,2.74898873971927,3.2703932031409249
184,3,40,42,-0.10175377023221266,2.8674719141899336,2.4522430621043698
185,3,41,43,-0.37848371974046902,1.9110324644728156,2.1098211327928111
186,3,42,44,0.12493825281608939,3.1217985512134492,2.859611894371993
187,3,43,45,0.89929825237459815,4.3288527532591905,3.9887158937539047
188,3,44,46,-0.29174688575472085,2.1870439848296002,2.3662527003728586
189,3,45,47,0.53067969809322468,2.8786743399754533,3.5626499177599822
190,3,46,48,0.41889014653837531,3.8769638150225507,3.4511445455831931
191,3,47,49,-0.00240496747008212,3.1914482640856283,2.9063313859713524
192,4,0,2,-0.58252549511112461,0.2483323359182483,0.048480132134161913
193,4,1,3,0.51031477838174577,0.88866369540346923,1.6234565150241802
194,4,2,4,-0.81712785874007543,-0.17919340393640756,-0.1899631769463693
195,4,3,5,-0.09048026769346286,1.1503361677146757,0.87234345051888829
196,4,4,6,-1.3231356549765674,-0.84869730827185397,-0.808374091677458
197,4,5,7,-0.23175517551964681,0.50599382692130401,0.76455857956223083
198,4,6,8,1.8370559786396652,3.1163495521953712,3.7058941953852673
199,4,7,9,0.60726449912876024,2.1864431187020026,2.0291861240700007
200,4,8,10,0.36286960584226069,1.6908344102337465,1.7320332734689012
201,4,9,11,-0.8846754261406844,-0.14747950624267989,0.030470228692778212
202,4,10,12,1.1499693047359172,3.4164190171601101,2.9239728519200208
203,4,11,13,-0.71843171969437858,0.34972382577433531,0.35321141771760634
204,4,12,14,1.7952640323539166,3.6930247155858993,3.91738547058522
205,4,13,15,0.16716246930672532,1.2885639815392034,1.6830432823191517
206,4,14,16,0.83231337164873265,2.8982565630532777,2.6592545455979621
207,4,15,17,1.747080700137003,3.3995832882024484,3.9849288054815402
208,4,16,18,0.55686123815867394,3.6511693278855475,2.3636215587118796
209,4,17,19,-0.80953119408134577,0.35341167412156471,0.49567215357585226
210,4,18,20,0.016607095773525704,2.0036503845190046,1.6972657593726725
211,4,19,21,1.7484249117688733,4.0152724440259169,4.166810701766158
212,4,20,22,0.61847631124783953,2.4682723714807859,2.6298826610367114
213,4,21,23,1.8666255502659896,5.2173161641895334,4.4222915956621218
214,4,22,24,0.41724572805390836,2.4183427012240895,2.4381598445652077
215,4,23,25,1.6613063135052615,4.3138059782702731,4.2248446641971027
216,4,24,26,2.1459345460682377,5.5705974178360043,4.9483241897852688
217,4,25,27,0.94042218909410979,3.0607747440707942,3.3056068900214899
218,4,26,28,-0.5473583621515038,0.62014636310240734,1.267714118277631
219,4,27,29,-0.42333898818411625,1.5005291500325226,1.4863412418319735
220,4,28,30,0.42748454873763614,2.8958976824402556,2.7224941935224267
221,4,29,31,-0.92134507642412933,0.88814934725470929,0.87913271829595518
222,4,30,32,2.2272040784179161,4.8858894027738957,5.3321015350748189
223,4,31,33,1.1897826907852838,3.7843673099239608,3.9247115923891336
224,4,32,34,0.1152018086583228,2.4894002295002422,2.4652983574113883
225,4,33,35,0.31080083560899907,2.9074796794681292,2.7841369951423349
226,4,34,36,1.3682227548766632,4.9699657943560069,4.3095276821170652
227,4,35,37,1.0434453473461023,3.9558388797138075,3.8998393115742793
228,4,36,38,1.5504224854809272,4.1721145629777938,4.6546073049630348
229,4,37,39,0.57826308528252968,3.6787880956285703,3.338584144685278
230,4,38,40,1.5736716198450491,5.9908467349119707,4.7771560930728043
231,4,39,41,0.17761943608055131,3.2875156434486885,2.8676830358025081
232,4,40,42,-0.31343121894187509,2.5735537372241422,2.2252121187711111
233,4,41,43,-0.76886341631670985,1.953699696915925,1.6326070424463426
234,4,42,44,0.26681774265622554,3.1227155471120858,3.1275606650084518
235,4,43,45,1.4778421197918772,4.2793206964544623,4.8679947929983634
236,4,44,46,2.0606501021021653,4.9818074017079343,5.7289259682327671
237,4,45,47,1.268024049416371,4.4929593853532985,4.6642494944726556
238,4,46,48,1.084716763607577,4.2226726912514128,4.4526192943403444
239,4,47,49,-0.037000959884805007,3.1043811602976739,2.927214481451009
240,5,0,2,-0.89719667076265441,-1.2492565761999641,-1.0138728053130499
241,5,1,3,-0.91717067348603598,-0.68273597903503125,-0.99683640912578408
242,5,2,4,1.2070680685254567,1.9089998766801424,2.0220978296903058
243,5,3,5,1.0431402778005112,2.4390357917501602,1.8375989226753817
244,5,4,6,-1.4652853363157252,-1.7414096605460112,-1.6291969370873489
245,5,5,7,0.17702961800622918,0.39146588826899276,0.71504399896338688
246,5,6,8,0.60652032482707596,1.2862346461664838,1.3613309885125726
247,5,7,9,1.66590607577469,2.511990179206709,2.8894710398392314
248,5,8,10,0.27096883707292219,1.1045586538908863,0.98155890565675719
249,5,9,11,1.0366236496197909,2.180505992740549,2.0984756432223737
250,5,10,12,-0.93434509645564334,-0.97437992523923367,-0.6158806012832343
251,5,11,13,2.2225367083985641,4.0661490910196889,3.8487539255126562
252,5,12,14,0.28371783668315576,0.71932898266232015,1.1794075051110842
253,5,13,15,-0.64907962586411783,-0.15669283225394026,-0.081508942455098543
254,5,14,16,0.95704241795557909,1.7684557965627903,2.2120619188924771
255,5,15,17,0.2241300694735795,0.23542138831002424,1.2309846310176775
256,5,16,18,0.31023345183829826,2.0612963295048363,1.3965293663282838
257,5,17,19,0.73100635729274077,1.322201372284465,2.0306114339645034
258,5,18,20,1.0687293294631068,3.4485802617694454,2.5484235950030159
259,5,19,21,0.13225179480392327,1.8552212260494694,1.282355046480159
260,5,20,22,0.8319011941451695,2.6830032493917413,2.3068642055579032
261,5,21,23,-0.022242968837381139,1.095721673631608,1.1560623773823324
262,5,22,24,0.26767921630189978,1.093671286892163,1.6069534365773261
263,5,23,25,0.94185169660298906,2.9728634464792303,2.595794908998851
264,5,24,26,0.58232600766824849,2.6876500147795848,2.1374589444902146
265,5,25,27,-0.52308102648041366,1.3437382808245304,0.63488909668208726
266,5,26,28,0.23477890373908969,3.0086173406601961,1.7408929989893915
267,5,27,29,2.6530363242850781,5.1098460370243686,5.1714533877537754
268,5,28,30,0.30597851836193179,1.3984929246883051,1.9305724594613709
269,5,29,31,2.4975317550098564,6.3177078754323936,5.0437469907684651
270,5,30,32,0.11906505022167996,2.0735200902134077,1.758893604065018
271,5,31,33,0.89962630764485785,2.6843484703834095,2.8966793644574675
272,5,32,34,-0.92336328098242748,0.16454770170056224,0.38949394037926788
273,5,33,35,-0.27317800667664771,0.5839090257959193,1.3447533244073593
274,5,34,36,1.0052292718921105,2.9747088957686696,3.1795235144036207
275,5,35,37,-0.68731318137087649,0.67627746760730001,0.85496407983543921
276,5,36,38,0.71132112673632286,2.1834459405180087,2.8580521111855179
277,5,37,39,3.2854022972447501,6.7466217168117257,6.5067657498973155
278,5,38,40,1.523249832100293,3.7958715345336795,4.0847522986950766
279,5,39,41,0.48108699250817699,2.2805946532097652,2.6707243232661142
280,5,40,42,-0.71688497599746126,1.2043174814783129,1.0385635673582203
281,5,41,43,-0.14353917794161708,1.8221134208577145,1.8862476846364022
282,5,42,44,0.47039840809300293,2.1690639924641868,2.7907603050848704
283,5,43,45,0.45028497615331831,2.6681825698298041,2.8076015003693118
284,5,44,46,0.0068952032455914525,1.3435226583674329,2.2318558182984942
285,5,45,47,0.8020948202225765,2.5745909978458914,3.3901352820662733
286,5,46,48,0.19942527017203965,2.7910081029971923,2.5913979119955215
287,5,47,49,0.013696844184151513,1.7709620577380321,2.3763781156124786
288,6,0,2,-0.43396027238123824,0.44646477607151758,0.71154273979643945
289,6,1,3,1.4567253914881813,3.1041041553604969,3.4035026692136268
290,6,2,4,-0.30141300568817908,0.53173031106973334,0.98710891316672211
291,6,3,5,0.83998606040102508,1.3004323460791642,2.6300676056916075
292,6,4,6,1.6106857135513493,3.4479935902325836,3.7540471201020615
293,6,5,7,-0.373289474278648,0.89476117434779845,1.0214818571400657
294,6,6,8,0.045499089833214136,1.8010340117400736,1.6527858468966725
295,6,7,9,-0.25827881459028962,1.3716867630389362,1.2724967807037675
296,6,8,10,-1.2445632263314956,-0.30338122230690334,-0.063301395733921018
297,6,9,11,0.24454826530270182,2.0976891929021124,2.0664546925539549
298,6,10,12,-0.84056068885586765,0.37808750673196534,0.59230215673195807
299,6,11,13,0.25055243299110813,2.1419490113007336,2.1648605273177242
300,6,12,14,0.81129388301370731,3.976419977621271,2.9948985573493627
301,6,13,15,0.42132081286507805,2.993995950898805,2.4939362591412819
302,6,14,16,-0.015664959864017863,1.5383060903995576,1.9271561773205477
303,6,15,17,-0.42856309874645848,1.4558575787615862,1.3940987828851308
304,6,16,18,-0.67807365370073913,1.1498128630362878,1.0897840059491379
305,6,17,19,-1.2816197223972714,0.83535975677056951,0.28981950977399307
306,6,18,20,-1.0431765639095116,0.28398300735319754,0.66863993165685653
307,6,19,21,1.2350012171228033,3.8153381602958634,3.9030888251020972
308,6,20,22,1.1857508703883672,3.7591684061575141,3.8791383396738865
309,6,21,23,-0.096287717042789822,1.8143170935236455,2.1292843172702667
310,6,22,24,0.84143730018845719,3.7331325141023544,3.4870993413940123
311,6,23,25,0.64993451588048057,2.9497666824530144,3.2639954433628455
312,6,24,26,1.2070648764830798,4.733579530672098,4.0889779482064839
313,6,25,27,-0.32934119661116368,1.8833741618051905,1.9830094458745435
314,6,26,28,-0.96841969148211959,1.5944971184368391,1.1332995530552052
315,6,27,29,-1.9719009665756657,0.16492414217920576,-0.22657423207575933
316,6,28,30,-1.0325162816704041,0.89419862203365374,1.1335643267916073
317,6,29,31,0.91966620287806022,4.1112215974692541,3.9116198051594573
318,6,30,32,1.0095916942777095,4.492712286683866,4.082515493118966
319,6,31,33,0.92774365468222575,4.2603903142459369,4.0129282376852888
320,6,32,34,0.94613179554557303,3.9222773194563181,4.0836716348939746
321,6,33,35,-0.25482611901080543,2.416298341686018,2.447330554515045
322,6,34,36,0.73070853779548872,3.3990405891179902,3.8720790740438567
323,6,35,37,1.4868295039527846,5.7618742582725488,4.9756484266640708
324,6,36,38,0.54166042342713772,4.0174595387083256,3.6974117139281653
325,6,37,39,0.5674443518579998,4.2557960222975568,3.7785092137313723
326,6,38,40,3.1183155586079638,6.9581604243100594,7.3947289031813224
327,6,39,41,1.510164697397161,5.2140380985257062,5.1883176974861982
328,6,40,42,1.1802147301899395,4.6742763486669165,4.7713877433960876
329,6,41,43,0.22705408089671758,4.2959188982352554,3.4819628343855769
330,6,42,44,0.355536422985332,3.9195960825913874,3.7068381133096375
331,6,43,45,0.38298377823761698,4.5803716184013821,3.7902644106628367
332,6,44,46,0.073165874181915225,3.0656087180121974,3.401519344984854
333,6,45,47,1.3421843775351645,4.9700069425743445,5.2231452496794031
334,6,46,48,-1.1008685111561534,2.3232521501523231,1.847871205511558
335,6,47,49,1.4964372891880307,5.0006950011152504,5.5290993259934158
336,7,0,2,-0.93483388577817195,2.7438846651345852,3.2859392720244838
337,7,1,3,0.3878207169829801,5.2848632316107613,5.1826557158900961
338,7,2,4,0.18386238059813276,5.1817885668702841,4.9421140449513103
339,7,3,5,1.0333741254302624,6.1761592175559921,6.1764304877162912
340,7,4,6,-0.4456122017794894,3.8960016658202523,4.1508496296226394
341,7,5,7,-1.0227343364026837,2.8733090911420476,3.3878786411501669
342,7,6,8,1.2588129651904452,7.5618949968740514,6.6270448633805472
343,7,7,9,0.60177697517858242,5.0231785488593976,5.7521944773639406
344,7,8,10,1.4415291033937105,7.5069793002746392,6.9728474568651189
345,7,9,11,0.14236547263005125,5.9968361372573424,5.1990183737959965
346,7,10,12,1.6825167747788401,7.3425412416007427,7.4002301968043005
347,7,11,13,1.2113453656029034,8.014000068919847,6.7855902239579891
348,7,12,14,1.3168399142876486,6.7859731454465235,6.9782825921166323
349,7,13,15,0.10336129211054691,5.6480233550322509,5.3244125210686901
350,7,14,16,-1.4499671225897537,3.0709641247385022,3.1947527404882692
351,7,15,17,0.34831497195628408,5.4918721070681942,5.7573476728527213
352,7,16,18,0.24288372754040669,5.5539605473403277,5.6547439306704934
353,7,17,19,0.17507897691564014,4.9493582291830789,5.60481727979582
354,7,18,20,2.3483294583771137,8.3721689978607703,8.6923679538418828
355,7,19,21,-0.17024670969120947,5.0480439448893311,5.2113613185462313
356,7,20,22,0.68379790229680359,6.2348335353297637,6.4520237753294492
357,7,21,23,-1.1885750179616172,4.2137256632142037,3.8757016869676599
358,7,22,24,2.7527796608787005,9.3528121921512426,9.4385982373441042
359,7,23,25,2.4740425302378535,9.3141182183421023,9.0933662544469183
360,7,24,26,1.4000852458101338,7.9690521828292269,7.6348260562481123
361,7,25,27,-0.2991840157521225,5.9011678532531375,5.3008490900609528
362,7,26,28,0.063361438111818602,5.5485097666129031,5.85341272547047
363,7,27,29,-0.68602433832239651,5.0034537171448203,4.8492726384625691
364,7,28,30,0.76019068879916496,6.8471785794316631,6.9189736764327545
365,7,29,31,-0.025841814920298245,5.2937368085067043,5.8635281712255063
366,7,30,32,-0.39961806182201276,4.9476070020787741,5.3852414255631063
367,7,31,33,0.1311824680319652,6.4729851368822899,6.1733621673586754
368,7,32,34,0.69823188608249609,6.7098775108772735,7.0122313526294189
369,7,33,35,-0.097638535255948122,6.7499860483991254,5.9430127627555969
370,7,34,36,2.23302054597404,8.7493869483736884,9.2509354764775793
371,7,35,37,-0.29893874384617525,5.2294365130175127,5.7511924707292792
372,7,36,38,0.63974416121892808,7.6972313904845375,7.1103485378204239
373,7,37,39,0.3332192230969897,6.1977191728993661,6.7262136244497102
374,7,38,40,0.014775947491558084,6.0591872283911323,6.3253930386021056
375,7,39,41,2.5103259463036074,9.8604080678914627,9.8641630369389723
376,7,40,42,1.0537267748857229,7.8059765588032013,7.869924196953936
377,7,41,43,-0.12911055648389547,6.7366195989349746,6.25895193303647
378,7,42,44,1.1132851794605634,9.2333358777438796,8.0433059633587138
379,7,43,45,-0.93795974477943878,4.4629762799809702,5.2165630694227101
380,7,44,46,1.6123563187812087,8.9278075982186316,8.8320055584076158
381,7,45,47,0.2985067773696346,8.1281057498585234,7.0376162004314136
382,7,46,48,0.62279719023363855,6.8882378471676065,7.5366227784410178
383,7,47,49,-0.0054579453564437275,6.8766935820334014,6.7020655886149036
384,8,0,2,-1.0158736908076382,0.75445127405086221,0.90497341930354469
385,8,1,3,1.9296305847756969,5.3027392472048618,5.0736794051202132
386,8,2,4,1.1426135513789482,4.4221682307494934,4.0168555583647656
387,8,3,5,1.4224043191989486,4.1345542737823262,4.4535626333127656
388,8,4,6,-1.020722916881087,2.2621741904199313,1.0781845028007166
389,8,5,7,0.64421535470576152,4.4423199423397648,3.4540980830223047
390,8,6,8,-1.5632323672845745,0.23799052108806959,0.40867127223583422
391,8,7,9,0.32754433887060447,3.2111677050293936,3.1007586608530846
392,8,8,10,0.8506468048414767,4.3609896704563633,3.8781021132123055
393,8,9,11,-1.349799640182672,1.1894951558640856,0.84247709017849748
394,8,10,12,-0.035095710381958634,1.6235392327823455,2.7280625918994961
395,8,11,13,-0.12441390474965441,2.8384341989446273,2.648017119784722
396,8,12,14,1.2906626948016529,3.9880680511457403,4.6741243591565516
397,8,13,15,1.1296164738317427,4.7569574182868957,4.493659649798678
398,8,14,16,-0.34535087222394467,1.919979535580816,2.4737053653207157
399,8,15,17,0.40226434083302598,3.5856112687496018,3.5653666636004746
400,8,16,18,-0.4611342117474877,2.9218602007289398,2.4016086899877553
401,8,17,19,-0.1904777207944825,2.9972704953748726,2.8255277773219629
402,8,18,20,0.15055454644923827,3.4864146653920005,3.3479729514631718
403,8,19,21,1.4227034617879946,5.6905353907672849,5.1739814329374294
404,8,20,22,-0.11419079210130539,2.7916463700759375,3.0673294774924105
405,8,21,23,1.6784055285433055,4.819898908016488,5.621964326394866
406,8,22,24,1.2227193415896342,5.0559349076650966,5.0290036646597258
407,8,23,25,-0.55452980670207008,2.8421147663825526,2.5858548570513404
408,8,24,26,0.18829916409029748,3.4347321841588494,3.670815416160655
409,8,25,27,0.27422758701582856,4.0444503202332003,3.8361152082563983
410,8,26,28,1.0319372051143052,4.9561090247509876,4.9419086735942654
411,8,27,29,-0.25720913171522414,3.8058453874465674,3.1821038020329242
412,8,28,30,-1.0742104849230696,2.0593498940070991,2.0833019075419408
413,8,29,31,0.74906545008703396,5.2062211702288099,4.6808882165560854
414,8,30,32,-0.5550356616962735,3.3231729465931736,2.9001466600594554
415,8,31,33,0.80201236579417723,4.4113219141158568,4.8450138985460862
416,8,32,34,1.1388040292961912,4.751350785213079,5.3615222274489058
417,8,33,35,1.040038468962321,5.9517588554500493,5.268250442981488
418,8,34,36,1.8522475012808979,6.2513611857930549,6.4503430882274948
419,8,35,37,0.48939642109631465,4.9853451984825305,4.5873515759690786
420,8,36,38,1.3851268630837104,5.7244867404162818,5.8863741947514328
421,8,37,39,-0.90660659519199505,2.695411576508874,2.7229473531654453
422,8,38,40,0.27566179867473495,4.9464746722698063,4.4231231045788668
423,8,39,41,0.25752633085581728,4.0856091610809884,4.4427334496323825
424,8,40,42,1.2526593630727085,6.5004584714101252,5.88091969473603
425,8,41,43,0.35605036351443553,4.4813671921150178,4.6706670953544478
426,8,42,44,0.79820402764860732,4.9941362104309572,5.3346822251422887
427,8,43,45,-0.66505917613066856,3.2668287829508995,3.3311137398513022
428,8,44,46,0.1923084387336545,4.8092168443230676,4.5764284006613547
429,8,45,47,0.44276504842997477,5.4886529948732532,4.972067654236203
430,8,46,48,0.27364301173936839,5.5086317357276942,4.780296802869354
431,8,47,49,0.62921995355186644,5.5981984386463166,5.3231045214068509
432,9,0,2,1.3385300739480805,4.117888261487499,4.1725312603769451
433,9,1,3,0.16757499002069548,2.4646992906716108,2.5781941428786062
434,9,2,4,0.28762079016660369,3.4699966676933487,2.7912582630828777
435,9,3,5,3.1396833095018009,6.6752009878243879,6.8291457901521531
436,9,4,6,-0.048851390995305555,2.9562473243737184,2.410197209456205
437,9,5,7,0.11370010018751289,3.0462662023757128,2.6827692971121508
438,9,6,8,-0.31865935905714227,1.911207139635309,2.1224660541696334
439,9,7,9,-0.50637555125416067,0.68020353217794427,1.9046633850938077
440,9,8,10,-0.26241939763092009,2.3098810280801163,2.2912020001663445
441,9,9,11,0.66689400417769429,2.7434765023886225,3.6372407626984042
442,9,10,12,0.14755653987004991,2.6139324144937088,2.9551683126677029
443,9,11,13,0.7327938641543521,3.783089069570273,3.8195005666657256
444,9,12,14,0.19540652295489261,3.2962827966602219,3.1121582889864823
445,9,13,15,-0.36309573700791403,2.7445830581577688,2.375255125038553
446,9,14,16,1.0965058967796881,3.9680676031770541,4.4636974123411957
447,9,15,17,2.1021451008529546,5.8144277286324444,5.9165922980437688
448,9,16,18,0.55889164871620411,4.1716929980837154,3.8010374650523184
449,9,17,19,-0.00039426062300956799,2.9170816129356343,3.0630371919774193
450,9,18,20,-0.55769844990649919,2.2214638737862198,2.3278113269805338
451,9,19,21,-1.5950178520939984,0.42154145300772405,0.92056416391803497
452,9,20,22,1.8663319290359741,5.5926828832610127,5.8114538574999965
453,9,21,23,-0.13234618710941493,4.2357492387701123,3.0583044948964515
454,9,22,24,0.11404682990691031,3.6401457445517638,3.4482547187193067
455,9,23,25,0.78536644793835075,4.9650650161969496,4.4331021839633236
456,9,24,26,-0.2004960633954691,2.6295506501777544,3.097894668095976
457,9,25,27,0.57639107029343351,5.0515853536921913,4.2305366552604395
458,9,26,28,0.85765009474015463,3.7707991880002898,4.6692992894858492
459,9,27,29,1.4046741695433529,6.449100843098921,5.4801329942103267
460,9,28,30,-0.11247374834176388,3.784071043307728,3.4011259091711636
461,9,29,31,-1.3742889026784704,2.0248357824544545,1.6795846930997742
462,9,30,32,1.5537799301185606,7.0424658081467504,5.8238810590156165
463,9,31,33,-0.2374814209347742,3.0711820175372102,3.361115167540949
464,9,32,34,-0.41037579230944088,2.5658413098365127,3.1640630476164153
465,9,33,35,-1.0674409580057,2.5480959430408436,2.2891718156416525
466,9,34,36,0.15727806247654652,3.9585060469108608,4.048778444316798
467,9,35,37,0.56678578036567506,4.5193853219978557,4.6670892493615774
468,9,36,38,0.50808728788948365,5.0054383987924673,4.6299113598949093
469,9,37,39,0.10578334142246121,3.9114157728208383,4.1116858348410785
470,9,38,40,0.19406010785441286,4.9869116729675138,4.2802733078458104
471,9,39,41,0.38545137128343637,4.2357239802628577,4.5932210766464436
472,9,40,42,1.0980383899035124,5.1732974176639637,5.6358429027145496
473,9,41,43,0.5840225923003578,5.3900959210515129,4.9612207860701334
474,9,42,44,-0.78655140096257481,3.1011267344420324,3.0874171955020282
475,9,43,45,0.75692401903220685,5.6864184081994402,5.293282783494722
476,9,44,46,-0.34804718164769199,4.6786011485438959,3.7913231025428638
477,9,45,47,2.2010056707898338,7.2974007016876801,7.4049970959553999
478,9,46,48,-0.14460963408301064,3.9779216984266208,4.1661356691334177
479,9,47,49,0.11875884238876633,4.6002315372399112,4.5798515361939049
480,10,0,2,-0.56668024860339061,-1.109117539464298,-0.3453238586264662
481,10,1,3,-0.50593866349765038,-0.4581980611349078,-0.21528563947842988
482,10,2,4,1.839959615052591,2.9537993972895995,3.1139719504919086
483,10,3,5,0.20592533678112274,1.1611345602217142,0.8713239609118526
484,10,4,6,-0.61325591162856408,-0.0073799169482926252,-0.23052978686170905
485,10,5,7,-0.44250849280152943,0.51100265398097899,0.053516599496139627
486,10,6,8,0.54387141660128391,0.51061413176748494,1.4794484726600781
487,10,7,9,1.0580886151546047,2.2134718711906505,2.2443525506347273
488,10,8,10,1.4089575515851998,2.1774410451773103,2.7805690616375602
489,10,9,11,0.28724341956330368,1.4183752482025516,1.2551692768069058
490,10,10,12,-0.6427871107662132,0.71667828445549442,-0.0018734656544179273
491,10,11,13,-1.9999473063281008,-1.6050724534565552,-1.8568977394410604
492,10,12,14,-1.5988599187578798,-0.80015135709598684,-1.2503753968427509
493,10,13,15,-0.90882118296399916,0.23131053056495726,-0.2393211667313182
494,10,14,16,-0.49410730674034231,-0.077178576506386598,0.38627825998180143
495,10,15,17,1.6650586854861111,2.6437759160948695,3.454110649098836
496,10,16,18,1.9032122511233478,4.1332293861289084,3.8325256409909674
497,10,17,19,0.75232835360254313,2.1687339993138952,2.2662881844618408
498,10,18,20,0.10981521360221655,1.2691925411240006,1.4117697884613838
499,10,19,21,1.7596634697382729,4.1198051333439807,3.766557347051863
500,10,20,22,0.52343476361441388,1.6837228999878564,2.0808371584784595
501,10,21,23,-0.60321480069607469,0.81571285475147071,0.54852776844377604
502,10,22,24,1.9686651041649155,4.3306640406165542,4.1941596352491626
503,10,23,25,-0.77647370788936732,0.17724462566232552,0.39596529837316652
504,10,24,26,1.0310184819129575,3.1772347233516713,2.9714543640964211
505,10,25,27,2.2655827549402887,4.8316771967350585,4.744844346334685
506,10,26,28,1.0796657867664909,3.1984479399906083,3.1295605908913675
507,10,27,29,1.0384427073638152,2.5476579426759365,3.1168482797276216
508,10,28,30,-1.1809526619109159,-0.18345957701381163,0.054694762742998559
509,10,29,31,1.1420237238568853,3.4227668713911683,3.3518617028179198
510,10,30,32,1.4552494389657025,3.9777931415260612,3.8353777039702637
511,10,31,33,0.15793636013757195,2.6885508443598853,2.0641393936108816
512,10,32,34,2.7187006796222826,5.8897315473599807,5.6942094408894768
513,10,33,35,0.98458135926110557,3.9589824765891026,3.3114423923838281
514,10,34,36,-0.21582748920967154,1.3563211891064384,1.6758700045247406
515,10,35,37,0.6015192129423852,2.5468022466796674,2.8651553875376199
516,10,36,38,-1.2691404042920384,-0.32646372426719439,0.29123192340942694
517,10,37,39,-1.2822725424326635,0.22350912632710443,0.31784693001255193
518,10,38,40,1.1518073089822622,3.813265870416028,3.7705587219934475
519,10,39,41,2.0507167392241898,5.0040784684832538,5.0740319243321466
520,10,40,42,0.45546931971493521,2.6687544562173167,2.8856855370191896
521,10,41,43,-0.93849410252468601,1.6530509227621057,0.97913674588372035
522,10,42,44,-1.3518742194105933,0.86880838501016977,0.44540458224345003
523,10,43,45,0.22755348075872833,2.1240641713249899,2.7016033624805003
524,10,44,46,1.0536349154757694,4.2361603287299729,3.9031173710843579
525,10,45,47,0.84860096951625363,4.3645535414668482,3.6610698467410359
526,10,46,48,0.48446997865247149,2.7995140918464987,3.1962864595317404
527,10,47,49,-0.45837527536086509,2.1990995657373094,1.9213031039130695
528,11,0,2,-0.55234623022925122,2.5706599072832459,1.4674604049847535
529,11,1,3,0.092205381845320192,2.4670501937958171,2.4148326618891538
530,11,2,4,0.2601616834463325,2.3128000855816202,2.694971484130571
531,11,3,5,-0.13476047649588541,2.2885773197313801,2.1870804602114653
532,11,4,6,-0.69675454602882225,1.8743717300679819,1.4452887628653541
533,11,5,7,-1.3607669318793207,0.69736150794792073,0.56067142267465642
534,11,6,8,-0.17336784826123261,2.4567504883446007,2.26803013973998
535,11,7,9,0.099192068643488493,3.9054564916707459,2.6946140234065887
536,11,8,10,1.249107971386314,3.7952561338143682,4.349496287246545
537,11,9,11,0.50797286257162533,3.1542537959879908,3.3569071349059807
538,11,10,12,-0.19448300000620969,1.9122952746531947,2.4184689272970115
539,11,11,13,-0.51755513892907579,2.3803723300280901,2.0111679328049994
540,11,12,14,-0.75456196106442053,1.4603854597413102,1.7243583818155166
541,11,13,15,-0.40465451558677829,2.0109766748175004,2.2592288054842156
542,11,14,16,1.6323375003390668,5.472495544018356,5.1560176277803986
543,11,15,17,1.7106119668781852,5.3583120077519277,5.3106018809351641
544,11,16,18,0.21020032882026765,3.3002977660873656,3.2550255876540799
545,11,17,19,1.7751957128055542,6.3355648701163521,5.4910191252334801
546,11,18,20,0.43453703466508437,4.5147093462472743,3.6590969758368233
547,11,19,21,0.065294644242785971,3.6409197854345043,3.1871576292456054
548,11,20,22,0.09010133938759915,3.8218195313615824,3.2668870024483438
549,11,21,23,-1.7521943777688507,0.98246986044150941,0.73267299842931466
550,11,22,24,-0.5511673786383362,2.4604791474820487,2.4591107972120345
551,11,23,25,-0.098399160559953291,2.6306892360422731,3.1379863025217709
552,11,24,26,1.1787188543149141,5.3485074066961422,4.9709515233465851
553,11,25,27,-0.11173694534776996,3.7355243099334237,3.2093134038188271
554,11,26,28,0.44835693267268401,4.2772500907933679,4.0384448330474632
555,11,27,29,0.080290284333929929,2.907575436366745,3.5681515253732075
556,11,28,30,0.82573358738410396,5.0759408328869551,4.6567721496434507
557,11,29,31,0.52304604194943527,3.5564288774433548,4.2780095860349139
558,11,30,32,-0.12186916088312461,3.1676493612783108,3.4201283020693305
559,11,31,33,1.3783744900488371,6.0031795051473065,5.5654694133740765
560,11,32,34,1.681735831769686,5.6245840264018678,6.0351752917832648
561,11,33,35,-0.62186456732612394,3.0682094234699919,2.8551347330491317
562,11,34,36,2.1462311054832828,6.7730050439012555,6.7754686749823012
563,11,35,37,-1.5291006186945952,2.8493980386857993,1.6750042611332723
564,11,36,38,0.54803071085319111,4.3247414885943094,4.6279881225001729
565,11,37,39,0.50201051539126029,3.8178373872544662,4.6085598488534698
566,11,38,40,0.41320115701098759,3.9408603288158344,4.5292267471210881
567,11,39,41,-0.64520819063002888,2.9373388611228193,3.092453660423665
568,11,40,42,-0.35153155812241443,3.2134999449292225,3.5486009459343251
569,11,41,43,-0.3778050656274039,3.3889737443813441,3.55681803542734
570,11,42,44,0.27457485718433117,4.8686685059483761,4.515149927363769
571,11,43,45,-0.29612092657443123,3.4504835205585662,3.7611758301015015
572,11,44,46,-0.29358866639467718,4.3400116214803424,3.8097209943531576
573,11,45,47,-0.76838828634931866,2.9985139093239668,3.1900015264166592
574,11,46,48,1.5535747152340167,6.45851871596998,6.4857497286333281
575,11,47,49,0.00034008539436058971,4.405696348991853,4.3562212468578103
576,12,0,2,-1.1198409118016959,-1.1646711110132504,-0.1971331075700653
577,12,1,3,0.18676549277183097,1.1961989142596112,1.6771158588328723
578,12,2,4,2.5332773865562008,4.9936649304139005,5.0072325101309891
579,12,3,5,-0.53061412336702862,1.7173418528986368,0.76278439623846861
580,12,4,6,-0.216057965120663,1.8424392444418973,1.2481630177833805
581,12,5,7,-0.064661475863312542,1.3308032506013256,1.5051181027436713
582,12,6,8,-1.2532813345312157,-0.0083395310410202261,-0.1139496993913931
583,12,7,9,0.40741441295461889,2.2650347178517256,2.2560243470887755
584,12,8,10,-0.45454703369445504,1.1518361951157337,1.094278321780072
585,12,9,11,-0.2702669627662187,0.72571283934653519,1.3972704210796025
586,12,10,12,0.6009981015088296,1.95470513397792,2.66204151106467
587,12,11,13,-0.71209833713876725,0.76981238115497852,0.86870649695803481
588,12,12,14,-0.2664251969120503,2.0188897503733081,1.5376488932754384
589,12,13,15,-1.1878516644000185,0.53372528069173863,0.29265183879228296
590,12,14,16,-0.40116198188967933,2.03662754470739,1.4390173943067577
591,12,15,17,0.40471280301595897,2.7301320788481274,2.6122420931746513
592,12,16,18,-0.65335886979305879,1.2263833424270301,1.1759417512420265
593,12,17,19,0.25885238323904453,2.5922042722040191,2.498037505486971
594,12,18,20,-0.91219269581883977,0.70013195501266134,0.90357439480593305
595,12,19,21,-0.90107213025299715,0.07726946136388757,0.96414318659811293
596,12,20,22,-0.2857456693686396,1.4635571188711722,1.8706002318362132
597,12,21,23,-0.29754015156735286,2.7693829711109821,1.8990879567580148
598,12,22,24,2.330926238043487,5.3401671064514122,5.6239409022131905
599,12,23,25,-1.11706333268854,1.4292604315295485,0.84175550318835279
600,12,24,26,1.1301738731521618,3.703366679378119,4.032887591365335
601,12,25,27,-0.69503959513026814,2.2069150690948915,1.5225887357699335
602,12,26,28,-1.378223554508931,0.28767601751654148,0.61113119263980553
603,12,27,29,1.3561441776976459,4.4495722613879245,4.4842460177290127
604,12,28,30,1.2221651773899262,4.6443430879342857,4.3416754172982053
605,12,29,31,0.66018772436029516,3.8301512526294106,3.5999069830567212
606,12,30,32,-0.41126441399371405,1.9023051266299313,2.1448739893611091
607,12,31,33,1.665671144356748,5.3406032877523444,5.097583771051756
608,12,32,34,1.2850996595867474,4.6880222630843766,4.609783692373755
609,12,33,35,0.65822840733694354,4.5454201714188978,3.7771639392240295
610,12,34,36,0.98697538042995925,3.1268152989739719,4.2824097015542515
611,12,35,37,2.5804469228689069,6.1575625768074387,6.5582698609687782
612,12,36,38,2.0657183310040135,6.1108665186352225,5.8826498323579273
613,12,37,39,1.0925756513885287,5.0956173864529912,4.5652500808962486
614,12,38,40,-0.79660177127942655,2.4059214837670835,1.9654016891611117
615,12,39,41,-1.0972713045357705,1.3731306704374711,1.5894643426022301
616,12,40,42,0.59141982501615065,4.4007143998319345,3.9986319239749193
617,12,41,43,0.21909789715552946,4.3285517388025161,3.5223812249700499
618,12,42,44,1.779169619015589,5.5598253182324706,5.7514816355741329
619,12,43,45,1.2952608391206839,5.2282101168200832,5.1190093437212658
620,12,44,46,-0.30765580629812284,2.9547794559438243,2.9199260401349365
621,12,45,47,1.7151847868788792,5.6895024857120911,5.7969028705827395
622,12,46,48,-0.1152388319448957,2.94015104409696,3.2793098042294546
623,12,47,49,0.67007226281830279,4.8607936711614332,4.423745336897932
624,13,0,2,-0.8033898020541872,1.8677359570244108,2.3881798968544814
625,13,1,3,-0.03472325847888675,2.5844829591579099,3.5093130578599014
626,13,2,4,0.96026978010026331,3.7392920929346785,4.9473033118707122
627,13,3,5,1.2660537814024844,5.1384308071005655,5.4204009136938209
628,13,4,6,-0.4423727376113315,3.3441404008998696,3.0736037870744792
629,13,5,7,-1.8093277204106994,0.97595391044729563,1.2048668111553642
630,13,6,8,0.62963112884150663,4.6230133675423977,4.6644092001084516
631,13,7,9,-0.57901708693095166,3.4537632670534362,3.0173016980270106
632,13,8,10,0.86187248081343859,5.7061755840395199,5.0795470928691566
633,13,9,11,-0.071608040141770274,4.1202303673263909,3.8176743635318648
634,13,10,12,0.89861260485283534,5.0472423982999857,5.2209832665243132
635,13,11,13,-1.4762564918701948,1.9501591185415119,1.9411665311120707
636,13,12,14,-0.62937502493267417,2.6460665783306636,3.1718005848245996
637,13,13,15,1.1396725439019884,5.9078891317845024,5.6934671811931272
638,13,14,16,-0.0163722855246973,4.373753388191818,4.1200044199957668
639,13,15,17,0.86251029667055357,5.9831725914003497,5.3954400350691172
640,13,16,18,1.2501504824248859,5.8519817162985648,5.983136295125183
641,13,17,19,-1.6182000176668727,2.3309000780065987,2.0124455949967217
642,13,18,20,2.4998147438781504,7.4657945141711917,7.8226662611597524
643,13,19,21,0.99363648951123351,5.5821239572696255,5.7590167050460703
644,13,20,22,0.88348728030953816,4.9572577572146299,5.6498078121636972
645,13,21,23,-0.32481713018046737,3.5196553947248144,4.003181637477689
646,13,22,24,-0.43846678136341899,3.3942664345461235,3.8890721258215564
647,13,23,25,-0.30266769780441116,3.6590464307535178,4.1241908428041674
648,13,24,26,-0.16251823482076289,3.5287550393574008,4.3654000909812751
649,13,25,27,1.7020803057837457,6.632915505574605,7.0208380478275867
650,13,26,28,-0.0057352806833796399,4.8487128310602046,4.6748962267736118
651,13,27,29,-0.21941416079096859,4.7971771065457354,4.4207457946229871
652,13,28,30,1.0325534764905859,6.4229221913128089,6.2185004868171632
653,13,29,31,0.47788341382689098,5.644465969935351,5.4869623990879903
654,13,30,32,1.3311031087288017,6.5337963936704062,6.7264699719506655
655,13,31,33,1.0038166740300625,5.0305150432249555,6.3132689633724297
656,13,32,34,-0.55246991184025118,3.8901792312003307,4.1794677431539915
657,13,33,35,1.3425433779822693,5.8895009137721193,6.8774863489055189
658,13,34,36,0.18497402495576964,5.9002951123445913,5.3018892546684206
659,13,35,37,1.1065195639516814,6.8997719003979379,6.6370530092626971
660,13,36,38,-0.36779552352632028,4.8138919773110285,4.6180118867934947
661,13,37,39,-0.21238357774551886,4.531601253583891,4.8805886108866172
662,13,38,40,-2.3073444544453054,2.4738483357038366,1.9926433835069157
663,13,39,41,1.4983454798872693,7.6218781727061762,7.3656092915725191
664,13,40,42,-0.26507687017883708,4.0718875085774719,4.9418180014799713
665,13,41,43,0.72565742327151717,6.169112920393947,6.3738460123104668
666,13,42,44,-0.041278137409682558,5.2309137131627228,5.3451362273567877
667,13,43,45,0.71638274229775134,6.5414145735928431,6.4508614589471946
668,13,44,46,1.172744205240444,7.5864071303114411,7.1347675070669645
669,13,45,47,-0.40315584740312793,4.9379790395246301,4.9735074333659641
670,13,46,48,1.4940590898597303,8.6311586026081137,7.6746083455339651
671,13,47,49,-0.5526151574958803,5.3712485449504941,4.8542643992361105
672,14,0,2,-0.38057053573488431,0.33783854867963992,0.14991342651647654
673,14,1,3,-0.64485194184732175,-0.12883298215436606,-0.17508054204093576
674,14,2,4,-0.98370190079208597,-0.094618187736763226,-0.60447048456360564
675,14,3,5,-2.4510362069123812,-2.2986583977303012,-2.6137385131320192
676,14,4,6,1.1208836369634474,2.4378243711611645,2.4319492682941415
677,14,5,7,-0.67475780159234244,-1.0712369218132238,-0.03694874568396489
678,14,6,8,2.1932719016056432,4.4264895029159863,4.0232928387932159
679,14,7,9,-0.12581057258136447,0.44240064066622753,0.82157737493140437
680,14,8,10,0.41106730249222212,2.8060779883998404,1.6182064000344254
681,14,9,11,-2.2245727468469889,-2.9946786507911289,-2.0266896690404699
682,14,10,12,1.1957565354137807,2.794335586097481,2.8067713261246077
683,14,11,13,-1.4740057667099022,0.11773357347067626,-0.8858958968485483
684,14,12,14,0.45866836478859274,1.4189908070423916,1.8648478872493441
685,14,13,15,-0.19832885131572725,1.733079787459828,0.99005178470329636
686,14,14,16,-0.31307106106978322,-0.024237441250566039,0.8744126910476181
687,14,15,17,-0.083459654764791336,1.362086756992654,1.2408686598746068
688,14,16,18,0.007797451772655728,1.1442919957956814,1.4136286090270325
689,14,17,19,0.17422368466761656,1.6069723693887528,1.6916253350799777
690,14,18,20,-1.6309931378566469,-0.53065932299738683,-0.79067821645399083
691,14,19,21,-1.7440028355734147,-1.245688420707006,-0.90389179325746594
692,14,20,22,1.6672067218346489,3.6818523084163166,3.9168015871138224
693,14,21,23,0.019035031464643193,1.027760258586436,1.6543612205958151
694,14,22,24,0.85201697035445745,3.3971036048491103,2.8655359350415552
695,14,23,25,-1.1911258282570083,0.62530327551787557,0.050136016985502962
696,14,24,26,0.031437128444897544,0.85017945248898186,1.8067241563681711
697,14,25,27,-1.2869321755991425,0.35788028774878777,0.0060071307065152624
698,14,26,28,-1.1322650321540397,0.38873048636539564,0.26754113152965897
699,14,27,29,1.5597055093471566,4.8885596463992744,4.0812998896313335
700,14,28,30,0.34176305688109448,2.7588051300486445,2.4211804561788468
701,14,29,31,1.5537948988881436,3.7471711774423699,4.1630250349887152
702,14,30,32,-2.2940485877108223,-1.8387645811679609,-1.1789558462498364
703,14,31,33,1.2299371002047081,3.017812287753979,3.799624116831906
704,14,32,34,0.60228527791934872,4.1572360885330717,2.9659115656324024
705,14,33,35,0.83938525843219736,4.3728837408889749,3.3428515383503905
706,14,34,36,-0.46378586750721629,1.8639846585831041,1.5634119620352118
707,14,35,37,-0.45241104581993874,1.5889525180188089,1.6243367123974002
708,14,36,38,0.073419839389441688,2.1403252143154146,2.4054999516905329
709,14,37,39,1.5379034498977944,3.3628927673351039,4.5007770064022274
710,14,38,40,1.9891113413086625,6.0831760852260093,5.1774680543774423
711,14,39,41,1.2949108144174821,3.9463162109858745,4.2505873167297894
712,14,40,42,1.5851222802352209,4.920664555419612,4.7018833688746238
713,14,41,43,1.9352680359661065,4.6511532553730479,5.2370874268978636
714,14,42,44,-0.49855054799696397,2.4919480799777438,1.8747414093495651
715,14,43,45,0.58605058398050969,2.5450254635909233,3.4381829941180282
716,14,44,46,1.7676040182830253,4.9623215664915614,5.1373578021415494
717,14,45,47,-0.72095844443284174,2.5409854776065575,1.698370354339336
718,14,46,48,2.6992498252761083,7.0662154825959593,6.5316619319318665
719,14,47,49,2.3432860595509872,6.6023434537862951,6.0783126599166959
720,15,0,2,-0.61648966633958036,3.2874987424182809,2.1559902010260599
721,15,1,3,1.705891939453646,5.1134151872104976,5.4523244491365759
722,15,2,4,-0.51793390195385347,2.0421134679877508,2.3839682711660775
723,15,3,5,-0.9304030389200213,1.7802516098700851,1.8515114794134424
724,15,4,6,0.34124161569295242,3.3481235439910346,3.6768139958716053
725,15,5,7,0.10892388023801811,2.3105811900034974,3.396569166234698
726,15,6,8,1.0911576183936293,4.9764322602537101,4.8166963996525531
727,15,7,9,-0.44593890430732075,2.2989046198317733,2.7097612678712228
728,15,8,10,-1.5341115930936748,1.0035635545605743,1.2313195035703277
729,15,9,11,-0.54344283001155969,2.4643473540608274,2.6632557718852885
730,15,10,12,1.2184629102122366,4.8227011818561678,5.1749238081986038
731,15,11,13,-1.7463339366900299,2.1091425646229203,1.0692082225354302
732,15,12,14,0.80861169708228853,4.8928393843491174,4.6911321098166763
733,15,13,15,-1.1282599425914694,2.2028086622170329,2.0245118142734153
734,15,14,16,0.25076090940124551,5.0896536305776685,4.000141007063216
735,15,15,17,0.89128393075886514,4.746983157730333,4.9418732369638834
736,15,16,18,-0.49887441599515459,3.5549843919747595,3.0406515515082555
737,15,17,19,-0.31605197377132888,3.7599687529572656,3.3416029706216119
738,15,18,20,0.23674507055429822,4.7630261944576819,4.1605188326774893
739,15,19,21,-0.18231459415396162,3.4414010094071901,3.6188353020859263
740,15,20,22,0.95019629768879832,5.6073622323794519,5.24935055066579
741,15,21,23,0.25604643366239566,3.5223555342102095,4.3225407410288268
742,15,22,24,-0.33998319055892889,3.8658398906083118,3.5330992671189723
743,15,23,25,-1.4637127933716012,1.2337382274417403,2.0048778231812308
744,15,24,26,0.19882182725389633,4.8537921114003426,4.3774262920569269
745,15,25,27,-0.79409494761088495,2.7311240993256156,3.0323428072462333
746,15,26,28,-0.2098679066727176,3.9505441993353041,3.8952606645596672
747,15,27,29,0.50675902239557702,5.1729460787580424,4.9435383652552796
748,15,28,30,0.25521068698099808,4.8797903595616967,4.6363706956748691
749,15,29,31,-0.91306714710890624,3.1878850901498561,3.0457817279490036
750,15,30,32,0.36848651087686374,4.6944957098574287,4.8849568491290807
751,15,31,33,-1.7375975140766102,2.5577239393681381,1.9814392141942181
752,15,32,34,-0.83530703148892638,3.712066473652075,3.2896458898169754
753,15,33,35,2.8405523582793402,8.3639769116556391,8.4808490354925468
754,15,34,36,0.012956539640235576,4.757822176787962,4.5672148893978024
755,15,35,37,1.0339129795040694,5.5517832881840246,6.0415539052071692
756,15,36,38,1.0024330211479098,5.7987467906617871,6.0424819635085454
757,15,37,39,0.19443973796173586,5.3175588656821651,4.9562913670479025
758,15,38,40,0.56448384462099443,5.9040387272267294,5.5193531163708647
759,15,39,41,1.0820680088506052,6.5794968950820785,6.2889709462923191
760,15,40,42,-0.70550353396135257,3.2240065528062773,3.8313707863555786
761,15,41,43,0.86875393753037322,6.0648826407231748,6.0803312464439943
762,15,42,44,-0.22687310688138695,4.6964554602770683,4.5914533842675302
763,15,43,45,-0.11849427643971877,5.4318951158562179,4.7881837468858652
764,15,44,46,1.958584652831338,6.9484853069175232,7.7410942478653446
765,15,45,47,-1.2487720672144564,2.9941739312901623,3.2957948398012329
766,15,46,48,1.498310732769593,6.6054168509101636,7.1867107597789026
767,15,47,49,0.88021702601365215,6.5859638353333816,6.3663795703205857
768,16,0,2,1.1265353639643552,3.8408844912296609,3.4570861832425108
769,16,1,3,0.72718216881751851,2.8331446247533094,2.9429917100369396
770,16,2,4,-0.71441317927161063,0.89528128121459194,0.96975822271215883
771,16,3,5,1.4807889875898166,3.4905744764295754,4.0880412563181565
772,16,4,6,0.073515050151464645,2.0311894009377447,2.1628577439044645
773,16,5,7,-0.17556230205814871,1.4012576468268896,1.8591494508110054
774,16,6,8,1.0105460003533453,2.719800575094153,3.5647010741870973
775,16,7,9,0.70289980398274676,3.5756857988979442,3.1789963992682591
776,16,8,10,-0.66540499467327885,2.2484540856034387,1.3083696811498233
777,16,9,11,0.74864703931205112,3.4380576350666097,3.3330425287292851
778,16,10,12,0.020844599787962131,2.6659212478243508,2.3591191133955602
779,16,11,13,0.18830149596897258,2.1801973430322614,2.6385587680489753
780,16,12,14,0.21510060295159034,2.8875621090707053,2.7210775178246402
781,16,13,15,-0.28768816838025735,1.862346395841846,2.0621732379600535
782,16,14,16,0.14796559423279945,3.201221476222833,2.7170885056183329
783,16,15,17,1.2462902141631798,4.6637579735419541,4.299742973520865
784,16,16,18,-0.44491207176408165,2.4129630643486153,1.9770597732226995
785,16,17,19,0.24097453000418073,2.8124283076520595,2.9823010156982668
786,16,18,20,0.88508407499923847,4.7977470909979845,3.9290543786913474
787,16,19,21,1.3395515530153026,4.0001086305142,4.6103088479138368
788,16,20,22,-0.0044931058871724994,2.7282677755178546,2.7736463254503718
789,16,21,23,1.0397229181175838,3.5487112116342492,4.280548759057031
790,16,22,24,1.4849900040353554,4.8759082217683787,4.9489226793419112
791,16,23,25,-0.49528633757491669,2.1534088916518637,2.2215358010875299
792,16,24,26,1.7604990831308114,4.7514442597680899,5.42463539007555
793,16,25,27,-1.286542379840677,2.6060885917973957,1.203777341915466
794,16,26,28,0.96421555351366395,4.2921802709268029,4.3998384486115434
795,16,27,29,0.80824004037676422,4.7988043683421839,4.2264727302198839
796,16,28,30,1.2514803411277142,4.7162359999684353,4.8920091512712132
797,16,29,31,0.61843577292479335,4.0257321090926546,4.0507467557871246
798,16,30,32,-0.086383487764661315,3.3147154643033785,3.1089997908218878
799,16,31,33,-1.6827351581944043,-0.15600287655622469,0.91910745222024781
800,16,32,34,1.1719492476858293,5.4243429420192024,4.9606656204525752
801,16,33,35,2.217010009866792,6.2793617411495743,6.4687506875059224
802,16,34,36,0.1075583529059741,4.1492109728380591,3.5605183677607775
803,16,35,37,0.68472240899543502,5.6397341834788701,4.4135480462860226
804,16,36,38,0.52756062686104133,3.9041682002073306,4.2385215512978718
805,16,37,39,2.6671545032684634,6.8396894770104177,7.2789529782682623
806,16,38,40,1.0878020478948749,5.0094549962205672,5.1128595407452382
807,16,39,41,0.51895511572610387,4.4863200445002986,4.3614738357089591
808,16,40,42,-0.50681513201223438,3.3542072997617813,2.9703954888752855
809,16,41,43,1.0052055678760436,5.6809984062374737,5.1322244687188743
810,16,42,44,1.8949321105005614,6.4877731423756497,6.4228416283931988
811,16,43,45,1.0906916197044385,6.0437033236721431,5.341904941278627
812,16,44,46,-0.78909180079782293,2.2129193727587291,2.7552081525754617
813,16,45,47,0.21128611578593992,4.5735950364509188,4.2007372357927295
814,16,46,48,1.3414135616784639,6.2324797452266925,5.8279156600422635
815,16,47,49,0.45282418537981867,3.8530277110678348,4.6288905332241601
816,17,0,2,0.19269896124457503,2.267909374790281,2.6795985188895854
817,17,1,3,2.330724004911771,5.1614509210234143,5.717833580023659
818,17,2,4,-0.76437496703488617,1.8434997190396325,1.4296950192983398
819,17,3,5,-2.5846429948100913,-1.7532964176418158,-1.073680219586947
820,17,4,6,0.58276160825666312,3.6922140949464652,3.4056862247065087
821,17,5,7,-2.153935556176239,-0.045585343087470753,-0.380689805499554
822,17,6,8,-0.43178051569589493,1.9563214334746557,2.0753272511729275
823,17,7,9,0.19945505214614523,3.0190591034119829,3.0040570461517837
824,17,8,10,-0.47885319278031557,2.4694499042258267,2.0994255032547384
825,17,9,11,0.1542932334313675,3.5693067352727925,3.0308304999510947
826,17,10,12,0.22693678054671451,3.0163148796356873,3.1775314659125806
827,17,11,13,0.81942793623953025,4.4266858860076512,4.0520190838825227
828,17,12,14,-0.1157710558366567,3.2172146721070725,2.7877404949758611
829,17,13,15,0.71916712202066391,4.071900751663442,4.0016539439761099
830,17,14,16,0.39952260673083489,4.34089496251684,3.599151622570349
831,17,15,17,0.76698131477710674,3.911312092892989,4.1585938138351297
832,17,16,18,0.6111522146281072,3.3512402988322059,3.9854330736265302
833,17,17,19,-1.2637972937798247,1.9900565110455524,1.405503761855426
834,17,18,20,0.47337611172653271,4.2344623576142322,3.8825465295643262
835,17,19,21,-0.32920212744482541,3.3073223630744488,2.8039369947244248
836,17,20,22,0.36330368639985011,4.2352728016836689,3.8184451341069705
837,17,21,23,0.81836252803137799,5.2309417800568694,4.5005275123911099
838,17,22,24,0.25475253317961077,3.398176278512008,3.7564735195986358
839,17,23,25,-0.63782001347702777,2.580724543621951,2.5518719542793411
840,17,24,26,1.3426971059923529,5.7244157636459985,5.3695959215364741
841,17,25,27,1.6127901005961922,6.3975111429895408,5.7927261139818489
842,17,26,28,0.7838549283021693,3.8074878144328115,4.6772168727702175
843,17,27,29,-0.61628497498846357,2.4404927399741072,2.7620210081633312
844,17,28,30,1.5205754320568079,6.5574729738365551,5.7986255780267113
845,17,29,31,2.3433087187981081,6.3714803609261343,6.9954521794645315
846,17,30,32,0.038482574639878586,3.748808778709678,3.8136955776430099
847,17,31,33,0.89520768997264577,5.7516507695483741,5.0581107391088844
848,17,32,34,2.1542090367542994,6.1450901161642388,6.8657126246031996
849,17,33,35,0.13399779335310275,3.5108231489038948,4.0824168838415247
850,17,34,36,0.95648963064849823,5.99534191219698,5.2789054560550781
851,17,35,37,1.1475808989123764,5.8452049699948727,5.5914332316245074
852,17,36,38,1.9230705238776864,6.2080864112315597,6.7221187065759409
853,17,37,39,1.3150120561267129,6.0860257763817875,5.9158368517245785
854,17,38,40,0.42518751725974585,4.1403635581231395,4.7150824973108243
855,17,39,41,2.6196775796702596,7.5838528352328938,7.8323685846855433
856,17,40,42,1.3709722827268513,6.1012111220700023,6.1291811689647719
857,17,41,43,-0.82094652059825024,3.725099561506207,3.1054948443096304
858,17,42,44,0.13496420389965319,4.3741575151741552,4.4887698586066946
859,17,43,45,-0.11762756267424945,3.9584297028696129,4.180141385403231
860,17,44,46,0.025737293874740552,4.9036770163674053,4.4258521845718173
861,17,45,47,1.6605783920341994,6.714104504878085,6.7596297219950596
862,17,46,48,0.22239122161843516,4.4849699342697846,4.7911676834129899
863,17,47,49,1.2426205998416786,4.9990320287316061,6.2644888129255296
864,18,0,2,-0.63598722706351618,2.7416874838063459,2.6531976673433677
865,18,1,3,1.7981605223255162,6.0550385525509496,6.1060045164880137
866,18,2,4,1.5913733741588845,6.0329950688943104,5.8615025090547288
867,18,3,5,-0.36996678033433111,3.6628790152188904,3.1606262927642268
868,18,4,6,-0.24427082766375802,3.5611052902146136,3.3816006265030296
869,18,5,7,-1.3311497345685046,1.8318603078089277,1.9049701568363844
870,18,6,8,-0.0030968819516245111,4.2566765406527667,3.8092441505000161
871,18,7,9,-2.227755968805512,1.1705637905107242,0.73972142890457393
872,18,8,10,0.7280557759708004,4.5876174651041204,4.922857871591412
873,18,9,11,1.3893252409372108,6.2974684335935542,5.8936351225443859
874,18,10,12,1.0320661288084598,6.1160199139400788,5.4384723655641345
875,18,11,13,-0.49322077815757931,3.4671404088978326,3.3480706958116797
876,18,12,14,-1.0555300418571474,2.6109119157583742,2.6058377266322843
877,18,13,15,-0.57144737039990745,2.9498495028354861,3.3285534666724201
878,18,14,16,0.52568478460061341,5.6873852955520494,4.909538483673149
879,18,15,17,-0.18686483846805868,3.8977567355199816,3.9569690113770082
880,18,16,18,0.084798161982935966,4.7901442893884036,4.3822972120084005
881,18,17,19,1.3839717602550095,6.0140856364620943,6.2461402495893035
882,18,18,20,-0.34772698214664288,3.2803423002816174,3.8667620102269908
883,18,19,21,-0.53651010435739432,3.9431655282567268,3.6474656391319384
884,18,20,22,-0.69796060383082525,3.4285922051380155,3.4664349398691354
885,18,21,23,-0.18196678004638722,4.6420181806729666,4.2338262931673487
886,18,22,24,1.4172684225700842,6.7312138174617102,6.5177555768304085
887,18,23,25,-0.14661572642044179,4.1250869802282422,4.3733177682436724
888,18,24,26,-1.1490352788838125,3.1912166943860183,3.0149303947949533
889,18,25,27,1.3321918861946696,6.4122093550206491,6.5336484259048273
890,18,26,28,0.20466932464664839,4.4243564481651925,5.0001168397375988
891,18,27,29,-0.033057624928382767,5.012895452774881,4.7122991103325544
892,18,28,30,-0.46074660492781466,3.1488818498055098,4.1585345383333499
893,18,29,31,-1.0984161585069001,3.3128954925890457,3.3107971633226301
894,18,30,32,1.4696831198635079,6.461380901261478,6.951136153041201
895,18,31,33,-0.15765417679714777,4.4756609087509993,4.7178639377162837
896,18,32,34,-0.48060859401622769,5.3321774887002489,4.3107277536095712
897,18,33,35,-1.7080374897989832,1.6161580039476831,2.6373272995137143
898,18,34,36,0.3035222343243098,5.5757832196472386,5.4985109132863244
899,18,35,37,-0.44939610129764396,4.6805738270563877,4.4894252434155888
900,18,36,38,1.5340259244445904,7.4540070689920732,7.3112160794547174
901,18,37,39,0.78070579284070551,6.7117164520638148,6.3015678952092786
902,18,38,40,1.1800789869796002,7.2712870876480427,6.9056903670037313
903,18,39,41,1.155443404491719,6.6517861867983861,6.9162005515206966
904,18,40,42,-0.93529933694179179,3.4377706828751697,4.0341607135137822
905,18,41,43,-2.205398823372378,2.0927593785610177,2.3010214325109617
906,18,42,44,1.6381481801424655,7.5496551280851358,7.7269872374317421
907,18,43,45,2.4120063402089391,8.4874909010569031,8.8553886615248061
908,18,44,46,-0.011181010296745675,5.1599023679950173,5.5079263708168469
909,18,45,47,-0.13859797697810627,4.7025872907088946,5.3745426174629412
910,18,46,48,0.79070055754921653,5.6696177180440976,6.7205605658011933
911,18,47,49,1.7444791818111938,8.2220953018787863,8.1008506397679625
912,19,0,2,-0.95385853284448663,1.0398611879161401,1.6426874104021925
913,19,1,3,0.18111326035286224,2.4157103318017059,3.2766479208784807
914,19,2,4,-1.6286563714593953,0.1731536484063837,0.78797043634132014
915,19,3,5,-0.078620043917647556,3.619556905170036,3.0030212948997672
916,19,4,6,1.398858712839651,6.0228215045288973,5.1164915543599845
917,19,5,7,-1.0466853133132501,0.97600558587117014,1.7377299177459236
918,19,6,8,-0.87424710935782324,0.90306328264280822,2.0241434032835213
919,19,7,9,-0.52845591806337477,2.5011669525285503,2.5532510710957488
920,19,8,10,-1.5359171653491415,0.93488770202426141,1.1878053248956757
921,19,9,11,0.29957644694741142,3.8321997845809217,3.8024963821108493
922,19,10,12,-1.8528069671321949,-0.36756408796570716,0.8341596023994009
923,19,11,13,0.22607261194245223,3.9674918164374624,3.789591013103907
924,19,12,14,-0.59242615656079889,2.8997777030929055,2.6886927371993554
925,19,13,15,0.35996863528719913,4.1331336774259775,4.0670454457865528
926,19,14,16,-0.2051243012293649,2.8383503169337478,3.3209153346633626
927,19,15,17,0.91367030833431084,4.9799278284436923,4.9322277880525087
928,19,16,18,0.59724586302474736,4.3661083456288283,4.5342335646191199
929,19,17,19,1.1413514603867898,5.966127944966062,5.3409814009259788
930,19,18,20,-0.43476168555105399,2.775845649857315,3.1794229966129981
931,19,19,21,0.74073960625101842,4.3014512293178768,4.8701248051358998
932,19,20,22,1.3032874786894812,6.1481416752781399,5.7026918265497475
933,19,21,23,0.36007743695849748,3.8693190987320802,4.4271977681263701
934,19,22,24,1.5600008924254642,5.4655562927219563,6.1520906057801232
935,19,23,25,0.964753891273195,5.838034298100049,5.3637448041669469
936,19,24,26,0.51079812185323881,4.8766417566192288,4.7732067269790086
937,19,25,27,0.13195184803796661,4.5928411178692299,4.2878219436376268
938,19,26,28,0.93943402637666196,4.9038472043098293,5.4632969933118005
939,19,27,29,1.2182349008387126,5.933008412795675,5.8986182175586706
940,19,28,30,-0.57845343670463811,4.20265824765033,3.42825454499798
941,19,29,31,0.34221291047296121,4.3974970823761854,4.7621874310466197
942,19,30,32,0.30149933146499558,4.7469207761206453,4.7501884204354674
943,19,31,33,1.6686869794852006,6.8065462367580096,6.7092511276637552
944,19,32,34,-1.06902701167564,2.8112213829004951,2.9214515400385777
945,19,33,35,0.93850614403211163,5.3000785105404846,5.7769979580294297
946,19,34,36,2.1699652418778772,7.4019727139732927,7.5460406950135024
947,19,35,37,-0.33488588612213821,4.2809588725475471,4.0842491158134804
948,19,36,38,0.94664382174241612,6.4534334517993788,5.9233907068238567
949,19,37,39,-0.85576074461109775,3.2221616792440972,3.4450243139289372
950,19,38,40,0.60630842917274164,6.1339244498270471,5.5369211572263115
951,19,39,41,0.4425092256712978,5.7493891280560154,5.3526022723242903
952,19,40,42,-2.0798431955033956,2.1600903448748299,1.8663088826797201
953,19,41,43,-1.3232305419504156,2.4686118436806082,2.970566597653892
954,19,42,44,0.9732838919535769,5.8753660040898552,6.2306868051194808
955,19,43,45,1.1071276142426554,6.4678329127747771,6.4630680163241907
956,19,44,46,0.81761000677178231,6.3536268208709599,6.1027433658649688
957,19,45,47,0.36036474621280418,6.1998577620563067,5.5076000010824
958,19,46,48,0.7188275827324373,6.2670515427018332,6.0544479722098856
959,19,47,49,-0.56760410867091349,3.226527106627481,4.298443604245195
960,20,0,2,0.84536417653022988,2.8882214235882913,3.8921588981924891
961,20,1,3,0.57490777574859564,3.7014996574478007,3.5585199370982012
962,20,2,4,-2.186717373518769,-0.75398503726751342,-0.26275527187610892
963,20,3,5,-0.87366645493101636,1.4913572593532467,1.6205160141467447
964,20,4,6,-1.0278810147457271,1.5544415156126457,1.4496156304061496
965,20,5,7,1.2263051664157829,5.4733179647445924,4.6504762840322638
966,20,6,8,-0.97761631267460347,1.2998956649299842,1.6099862133057228
967,20,7,9,0.005181617711320155,3.0457623240483098,3.0309033158460155
968,20,8,10,-0.79152100068661657,2.3281865886845221,1.9605196500889042
969,20,9,11,0.91410116494024507,4.6670924467699209,4.3933906819665101
970,20,10,12,-1.0052933150906513,2.0435197319230376,1.7512384099232556
971,20,11,13,0.96564138772757202,5.3729889678584364,4.5555469938687683
972,20,12,14,-0.83724083686537876,1.8709070139317125,2.0765118794386375
973,20,13,15,-0.93999249998835555,1.3593186704921834,1.9776595510664698
974,20,14,16,-1.2783243817650414,1.2523298187321692,1.5489949165791099
975,20,15,17,-0.080304915607018745,3.1797651454425133,3.2712221692003411
976,20,16,18,0.76901205215658763,4.9314045037148695,4.5052659240693904
977,20,17,19,0.43597812726976598,3.7590506590587913,4.0840184292278394
978,20,18,20,1.023085732843533,4.8848794387332237,4.9509690770311137
979,20,19,21,0.24812072549387776,3.5693931048856258,3.9110180667415966
980,20,20,22,0.47194769476199278,4.0192514651542828,4.269375823716957
981,20,21,23,2.7794495092463984,7.1310733068124241,7.5448783639951262
982,20,22,24,0.3884791011852195,5.7842068874161168,4.2425197927094747
983,20,23,25,1.3743967412381863,6.5622762839445494,5.667804488783629
984,20,24,26,1.2271075970578331,4.7442105372196828,5.5065996869311338
985,20,25,27,0.48836130619380314,4.9184607226216812,4.5173548797214913
986,20,26,28,0.39811657025108765,4.2103437244386166,4.4360122494016903
987,20,27,29,-0.73173090930826112,3.5510417974143222,2.8992257780186019
988,20,28,30,1.0625169662930154,5.1295444309936125,5.4561728038603885
989,20,29,31,1.1726621107148123,5.1282508876348976,5.6553760060509042
990,20,30,32,1.436373585148516,6.1022019107292023,6.06957207025809
991,20,31,33,1.1784834539335933,6.7439633481585002,5.7535258865571972
992,20,32,34,0.79843539807637443,5.2821375285294971,5.2664586083570919
993,20,33,35,0.17641147130812335,5.8971101021884085,4.4406251108815402
994,20,34,36,0.14777709062432592,3.6270287153172438,4.445536977924224
995,20,35,37,1.3137476047430323,5.702337039814366,6.1228956976904128
996,20,36,38,1.6984158717100666,7.2858476704839088,6.7064312714442602
997,20,37,39,1.9211756074335298,6.4087632055404793,7.0632949014571098
998,20,38,40,-0.46839101654300308,3.1219091218333195,3.7629016278899634
999,20,39,41,2.250592741594271,8.3367338815624237,7.6144788892821476
1000,20,40,42,-0.7580361375929715,3.6520828096496873,3.4473984584200075
1001,20,41,43,1.0054162179976409,6.6012330092769682,5.9612317562468649
1002,20,42,44,0.34095909003750974,5.5889832058861373,5.075991777102681
1003,20,43,45,-0.078810534125959064,5.0472625166984173,4.5333143032738246
1004,20,44,46,1.0980081332339764,5.9488305288881174,6.2258604375777349
1005,20,45,47,-0.71770670310051987,3.5545550260870642,3.7288596667094396
1006,20,46,48,0.80762170833482316,6.3583390860847233,5.9093194427189193
1007,20,47,49,1.0779332328488156,5.7831356120816571,6.33275557703851
1008,21,0,2,-1.1194073860062217,-2.3420913937662458,-1.1333822625773917
1009,21,1,3,0.90191382820097066,1.5240342566129716,1.7414674373126773
1010,21,2,4,-0.46566760303271182,-0.21933259838040048,-0.12814656641447794
1011,21,3,5,-0.38532130799212383,-0.96176819339094255,0.0293382466423453
1012,21,4,6,-1.5398943749794014,-0.81152606719910092,-1.5420640471398432
1013,21,5,7,-0.3281546637315757,0.67692343197356653,0.1993715486071127
1014,21,6,8,-0.052026895134184042,0.78501953977244932,0.63095042464346096
1015,21,7,9,1.7249748364368489,2.5159192224028573,3.1637528488429068
1016,21,8,10,1.2998403320571126,2.0514315337210887,2.6135645427112761
1017,21,9,11,-0.45748845987639952,-0.074554427994255046,0.1983042340043592
1018,21,10,12,0.018881725885640271,0.60549944644890896,0.91022249407121492
1019,21,11,13,-1.2510251981850529,-0.7549947276296346,-0.82264719962775523
1020,21,12,14,0.46478828822985274,1.8748952464356226,1.6244916813531125
1021,21,13,15,0.40955863966483985,1.1227078685174054,1.5921701733620943
1022,21,14,16,-1.695269912083927,-1.1194518387338741,-1.3095897990861793
1023,21,15,17,1.0190921593620201,3.2990752213209258,2.5355171009381468
1024,21,16,18,1.0726835043147909,2.4834137457090986,2.6555449838720255
1025,21,17,19,-0.37927730285685557,1.2001431031793057,0.6677998538317208
1026,21,18,20,-0.77341612165014006,0.4442184496570733,0.16100550752112242
1027,21,19,21,-0.081142353190324812,1.7852987234355437,1.1751887833648638
1028,21,20,22,-0.54473229571411053,1.6066447615362567,0.57116286383156378
1029,21,21,23,-0.94114176747409761,-0.16139337743095489,0.061189603367581946
1030,21,22,24,1.015910326756539,3.3680421484187715,2.8460625352904731
1031,21,23,25,1.4353519769627707,2.5186416050859215,3.4782808455791976
1032,21,24,26,-0.10137710404323641,1.4178990750511511,1.3718601321707877
1033,21,25,27,-0.70593407057904267,0.73335611051975913,0.57048037902065873
1034,21,26,28,0.47856233351776112,2.2425845090706611,2.2737753447561841
1035,21,27,29,-0.2345275932771565,0.4751868860653552,1.3204494472432993
1036,21,28,30,1.9537965936720474,5.1684405889831995,4.4291033089721852
1037,21,29,31,2.0711086415901532,5.7120919772872707,4.6383401760575333
1038,21,30,32,0.94051477764275404,3.6616775792230412,3.1005087665311741
1039,21,31,33,1.2738487631472692,3.7958106025085558,3.6121763462374954
1040,21,32,34,0.68302725214886117,3.6749680845546355,2.8300262308397239
1041,21,33,35,0.042961307415244177,1.4883108010536377,1.9789339082126602
1042,21,34,36,0.49140694468485124,3.2102824208985949,2.6517578003901106
1043,21,35,37,-0.10599775063094052,2.0555914880878672,1.8603912269480019
1044,21,36,38,-0.13833650604111103,2.6466637184052364,1.8601169693737629
1045,21,37,39,1.6224172336575482,4.2534646694096025,4.3701722049518867
1046,21,38,40,2.2911008390025751,6.0122222817547284,5.3513292524349243
1047,21,39,41,-0.29351010663410626,1.3232523300035708,1.7778739285435696
1048,21,40,42,-0.2749920251585013,1.8631708745258218,1.8487992426094166
1049,21,41,43,2.0606756480242421,4.9681015553751466,5.1637339850652575
1050,21,42,44,0.89301095552570442,3.9148711779354506,3.5740034155673044
1051,21,43,45,1.373039431134953,4.348607957547352,4.2910432814202526
1052,21,44,46,1.5844785774279839,4.5317073283544067,4.6320580862304954
1053,21,45,47,-0.19783274622566138,1.7313193044689192,2.1818222331153927
1054,21,46,48,-1.6105142728679342,0.53521397766113332,0.24906809581621081
1055,21,47,49,1.1929167743007758,4.0817920665113414,4.2188715618524046
1056,22,0,2,1.0854438145892402,3.8067824972017315,3.406487304181645
1057,22,1,3,1.0200642426595252,3.3119484091490019,3.3599559034800444
1058,22,2,4,0.6571465830049722,3.4348915925391106,2.8968711799636697
1059,22,3,5,-1.5561521741981008,0.24881270886035317,-0.15674708012063188
1060,22,4,6,-0.17780477531741171,2.3083955783625871,1.8179392783123325
1061,22,5,7,1.0484537557012152,3.6942166601422595,3.5797012217384103
1062,22,6,8,1.8814330921554714,4.8976894651981837,4.7908722927743685
1063,22,7,9,-2.0965210195980828,-1.2945198308481114,-0.7332634636806068
1064,22,8,10,0.36055458994955158,3.1455737092855314,2.7516423896860811
1065,22,9,11,1.8891310383355397,5.4331272818166187,4.9366494174264641
1066,22,10,12,-0.62788684322926214,1.574646198268733,1.457824383235742
1067,22,11,13,2.1764202246433419,4.4584654180123451,5.4288542782573872
1068,22,12,14,1.7550276151883482,4.6615779085442224,4.8839046250203957
1069,22,13,15,-0.42441381483199841,1.4037994476685562,1.8776866229919111
1070,22,14,16,-0.50398717195643628,1.2905913704120939,1.8112839230176982
1071,22,15,17,0.95283572584243814,3.4940645572191746,3.895835979936122
1072,22,16,18,-0.57029311675505834,1.5170709545011634,1.8084556002996273
1073,22,17,19,-2.270044293661416,-0.5450960305303183,-0.52619604736927317
1074,22,18,20,-1.2235935304461498,1.3990792459304804,0.98383502113209909
1075,22,19,21,0.19656974424903423,2.6765040385966117,3.0170636057053568
1076,22,20,22,-0.33300329291730363,2.7137985344356075,2.3206613536724836
1077,22,21,23,-0.21527163853828996,2.3064611071105143,2.5304856698031029
1078,22,22,24,-0.46303939550705986,2.850257994641038,2.2286108100468249
1079,22,23,25,-1.7877993505522565,0.12501369710003968,0.41894687298354971
1080,22,24,26,-0.76775344603112694,2.6996200856370089,1.8920111393131314
1081,22,25,27,-0.92228922905216359,2.0630201126093572,1.72066104308368
1082,22,26,28,0.52621728545073831,3.9021618586535909,3.7935701633877423
1083,22,27,29,0.26212063759864213,3.3162040806327235,3.4688348563948077
1084,22,28,30,3.1973238470425511,6.7764624263924471,7.6231193496162799
1085,22,29,31,0.27582934558799221,2.5931650539796141,3.5780270475798979
1086,22,30,32,0.43432518781944818,4.1090060658804655,3.8449212267039359
1087,22,31,33,0.82014063990224106,5.1853279649402975,4.4300628596198468
1088,22,32,34,-0.73216647422355452,3.366089169586763,2.3018328998437325
1089,22,33,35,-1.6558597424827339,1.5185230171648771,1.0536623242808814
1090,22,34,36,1.15169412232936,5.0671332792159616,5.029237735017813
1091,22,35,37,0.88839920609393275,4.0418964435499287,4.7056248522882145
1092,22,36,38,-1.2446086449934206,2.6193510534736348,1.7644138607659201
1093,22,37,39,-1.0033118050770591,1.3320888356310894,2.1472294366488263
1094,22,38,40,2.1719925124291684,6.2851201384310471,6.6376554811575437
1095,22,39,41,-0.35561324275772799,3.3084355656765729,3.1440074238958897
1096,22,40,42,-1.1592126509945824,2.674308660749499,2.0639682523642935
1097,22,41,43,-0.31940211205359603,3.6493158026208405,3.2847030068816743
1098,22,42,44,1.6824738306811611,5.3888580583435894,6.1323293267103329
1099,22,43,45,0.41185870794593382,4.2393849329787949,4.3984681548810158
1100,22,44,46,1.5419271226544327,6.2283336540168657,6.0255639354729134
1101,22,45,47,1.461883163213487,5.3860195225188896,5.9585023922555909
1102,22,46,48,0.25380849804379008,5.0558838567531073,4.3121978610180154
1103,22,47,49,1.2012137833489556,5.827558982492687,5.6835652604452465
1104,23,0,2,0.62513423015919622,0.58909861649586692,1.1181552866362654
1105,23,1,3,-0.83034566444837354,-0.88448362386427659,-0.87451656581433179
1106,23,2,4,-0.52609929895997198,-0.88647211444759366,-0.40357165413056972
1107,23,3,5,0.33310086689809582,0.73549095683906296,0.8443085780707249
1108,23,4,6,0.38340307673403062,1.2155172387769104,0.95973167184103358
1109,23,5,7,0.55853418902704366,0.61471595326472828,1.2499152290512519
1110,23,6,8,-1.0381972542169335,-1.0739182814944357,-0.94050879149031585
1111,23,7,9,0.87385272038063544,1.3249507033663872,1.7813611729462802
1112,23,8,10,0.5889808267824217,1.5526081940249323,1.4275405219087811
1113,23,9,11,-0.19425601600992443,0.77757510823001197,0.37600894199949669
1114,23,10,12,1.8449538724929413,3.3215440091494965,3.2759027859035088
1115,23,11,13,-0.40159987673827585,0.22228682703374764,0.17572753697980492
1116,23,12,14,0.17277273999520945,0.036189679287463083,1.024849200406684
1117,23,13,15,-0.44261917245750809,-0.33445874262376152,0.2083005229728796
1118,23,14,16,0.38779514039321272,1.1306970636152345,1.4158805609638887
1119,23,15,17,0.28893058979420438,1.1887761302210647,1.3224701901252773
1120,23,16,18,-1.7550141273918631,-1.9829992442399438,-1.4940524139352174
1121,23,17,19,-0.16408899394512594,0.52179035683472719,0.77824277289021471
1122,23,18,20,1.081901318695718,2.2776792023260577,2.5676292105873957
1123,23,19,21,2.1757746263231708,3.4173808643500871,4.1440518412658296
1124,23,20,22,0.5023311232685016,2.183979449141606,1.8462309369892929
1125,23,21,23,0.85321003202234369,2.7098743888038479,2.3824614092446721
1126,23,22,24,-1.1087528643958704,-0.40801291295390874,-0.31928664574082743
1127,23,23,25,-2.3928222127238978,-2.1301746308964793,-2.0719837334000655
1128,23,24,26,0.13313385791388826,0.94569255739317803,1.5093547654928348
1129,23,25,27,-0.18338642662183269,1.2455042111713823,1.1112263671428251
1130,23,26,28,2.2977513320116856,3.7048289485725561,4.6298192292297502
1131,23,27,29,0.37849826173020362,1.5560592905447743,1.9878649308356759
1132,23,28,30,0.83215921959512418,2.9156154939737107,2.6679902718465645
1133,23,29,31,0.41582036631094532,0.96347882101346349,2.1301158772487145
1134,23,30,32,2.859047965986246,5.5456991913717113,5.595634516794135
1135,23,31,33,0.26374848574457632,1.6183975997883184,2.0072152444557974
1136,23,32,34,0.76224857482764485,2.2424238049354037,2.7501153691720939
1137,23,33,35,-0.80511531255859514,0.34622751472595636,0.6008059268313577
1138,23,34,36,0.050503751176717793,2.013003557120745,1.8436726160607959
1139,23,35,37,-0.35047937588554057,1.7541577673812838,1.3272962381736342
1140,23,36,38,1.1873008247327692,4.0331554564410119,3.5251885190392676
1141,23,37,39,-0.95356940821544556,0.76014555468816991,0.57297019291176721
1142,23,38,40,0.08470203197798154,1.8762304579241826,2.0715502091825648
1143,23,39,41,-0.19203697152610388,0.8315787789601633,1.7291156042768454
1144,23,40,42,0.54651476500371676,3.2211307619772587,2.808088035418594
1145,23,41,43,1.1185167446835909,3.8054629033579244,3.6538908069704181
1146,23,42,44,0.90408406939828723,3.3329473206177966,3.3986850615709931
1147,23,43,45,1.4390195201958496,4.0371454389448118,4.1925946926875799
1148,23,44,46,1.6162249961182611,3.2445927627596793,4.4856823589789556
1149,23,45,47,0.3686748382362845,2.245000248756944,2.7841121379441889
1150,23,46,48,1.2075702209509378,4.1221192556942912,4.0035656737447036
1151,23,47,49,-0.10309579266145164,2.5381889410079332,2.2136332546873585
1152,24,0,2,1.3953045604018528,4.0281661001766569,4.5013096389796354
1153,24,1,3,0.15381381411474487,3.2893362627078466,2.8082225941776846
1154,24,2,4,-0.98325521351499723,0.36734139905237806,1.2613259554960459
1155,24,3,5,1.8512097517127404,5.9301739182968296,5.274576906814878
1156,24,4,6,-0.17353814545836774,2.1893192963985384,2.4849298507753272
1157,24,5,7,-0.38067347832176984,2.1601648630160524,2.2399403847665642
1158,24,6,8,0.19535437691927404,3.6317166640169845,3.0913793821040252
1159,24,7,9,0.8072314904748582,4.770949886800179,3.9930073410818432
1160,24,8,10,0.65172479874569056,3.8643490492901593,3.8202979726610082
1161,24,9,11,-0.84288705203832071,2.6302374995518769,1.7728413815633928
1162,24,10,12,-1.0841750696625985,1.7011132505877555,1.4800381568894039
1163,24,11,13,-0.56245755260090591,2.0089859708226689,2.2554426807757735
1164,24,12,14,0.43346205803487664,3.3194631362989404,3.6947301356658691
1165,24,13,15,-1.1325328774093935,1.8915897192487916,1.5473372260438909
1166,24,14,16,-0.76384904032980938,1.7226886055819022,2.1084945979553087
1167,24,15,17,0.12918263808613761,3.9104288155025348,3.4037389477376343
1168,24,16,18,0.17755255391645558,4.560581820320647,3.5164568299000791
1169,24,17,19,0.21223734921364115,3.7209621271732773,3.6100155433161394
1170,24,18,20,0.24865506682647875,3.7271081962534307,3.7060003479741122
1171,24,19,21,-0.097934103612988876,2.8900105749264049,3.2657755093588574
1172,24,20,22,0.034487617006929538,1.7681149905179705,3.4961659182267431
1173,24,21,23,-0.42810143281323104,2.5703353130111002,2.8935412484785181
1174,24,22,24,1.1249911353580189,5.0218787140833845,5.1128708439182686
1175,24,23,25,1.2297603426959869,5.8936711509670179,5.3045477341914236
1176,24,24,26,1.7561317316370606,5.6067131554747389,6.0864676787089271
1177,24,25,27,1.406183213870045,5.3285197899044485,5.6415397538351044
1178,24,26,28,0.47852804139798838,4.5511724598745156,4.3878225123742256
1179,24,27,29,-0.57740487811465679,2.8548784508861766,2.9545164250565219
1180,24,28,30,-1.1788377823605973,3.0864371738357512,2.1575103591122056
1181,24,29,31,0.21964581800307995,4.1300121968291981,4.1603873996213538
1182,24,30,32,-0.93735760752965946,1.709029824892907,2.5855826038755181
1183,24,31,33,0.039997820804634598,3.5088861435976533,3.9988802035435302
1184,24,32,34,0.60675686062006529,4.3107192340918763,4.8373428592851333
1185,24,33,35,0.67268216595546648,5.2767270255100245,4.9746382867546952
1186,24,34,36,2.0964566798490143,6.4934224562403298,7.0129226062056613
1187,24,35,37,-0.15246564334090706,3.7815716715290413,3.9094313537397714
1188,24,36,38,-0.29311209744178079,4.2610052285715998,3.7575263179985487
1189,24,37,39,0.43923976903911177,5.107299464477876,4.827818931071798
1190,24,38,40,0.26552978134629013,4.582192621735441,4.6296249483018475
1191,24,39,41,-0.58963030415784523,3.4174284915498165,3.4774008285960583
1192,24,40,42,0.37218661953360932,4.4159020322567093,4.8689445217640941
1193,24,41,43,0.86588455158652056,5.5807524255939738,5.6051216266381703
1194,24,42,44,0.29118291835072901,4.1421019294186276,4.8455393401080622
1195,24,43,45,1.2176027089366381,5.8262391942938114,6.1875270469283343
1196,24,44,46,0.84188908468597634,4.8627170346409461,5.7065279729774083
1197,24,45,47,1.6377336880339608,5.9790063860507221,6.8657104176645856
1198,24,46,48,-0.68772361662326387,3.6547067112832332,3.6550701911444721
1199,24,47,49,1.3423624293175291,6.2872489807442715,6.5421906554615816
1200,25,0,2,-0.32218141817536194,2.6487335136321861,2.2738593778790892
1201,25,1,3,-1.5737071873614366,0.26436109392149904,0.5667233010185847
1202,25,2,4,0.99554926338793737,3.5668168934431739,4.208682332067708
1203,25,3,5,1.9100182427776011,5.524917171288477,5.5339389032132367
1204,25,4,6,-0.52457878020937243,1.4084156948246138,2.1705030710314746
1205,25,5,7,-0.13422964628174783,1.9798381880062812,2.7619918585301488
1206,25,6,8,-0.80326876150286997,2.0233276706049264,1.8703370972205779
1207,25,7,9,-1.3468947639442408,1.445525969954466,1.1542606938026589
1208,25,8,10,-0.7580030688649354,2.1353153761451802,2.0237090669136863
1209,25,9,11,0.62687572401181058,4.6493611765034784,4.0075393769411312
1210,25,10,12,1.6789400107170345,4.459587795393551,5.5254293783284441
1211,25,11,13,1.3115762361674841,5.3576504215962526,5.0561200939590734
1212,25,12,14,-1.4356139386727214,1.5816870088773833,1.2550538491827863
1213,25,13,15,0.77970349522870741,3.8320928575194215,4.4014982566447864
1214,25,14,16,0.56864250653283643,4.0104848573736707,4.1510128724705666
1215,25,15,17,0.22827321800747197,3.9594038782979801,3.7194958685350565
1216,25,16,18,0.55223636933334252,4.3081855312635184,4.2180442803912754
1217,25,17,19,-0.20954623283469076,3.0046509608371941,3.1965486373560288
1218,25,18,20,-0.44182411844518799,3.1407553758457061,2.9163595975013328
1219,25,19,21,-0.8386265070625436,2.9141631991973256,2.4058362534370348
1220,25,20,22,-1.8344822097988704,0.57401713746991145,1.0566382696061771
1221,25,21,23,1.9617686676304773,6.2750621631493884,6.4163894980072644
1222,25,22,24,0.40134666780634787,4.4730909208209777,4.2767986982534829
1223,25,23,25,1.3227542187654668,4.5591375600175184,5.61176926959625
1224,25,24,26,-0.81898949633269502,2.4893766732037221,2.6583280684588231
1225,25,25,27,0.8252705575758732,4.3978414072673404,5.0052921439308182
1226,25,26,28,0.99972895606007062,5.8184081123672886,5.2945339018086948
1227,25,27,29,0.38311028457924695,5.4468353815922894,4.4762677617355413
1228,25,28,30,1.1130842049010012,5.5331975208930277,5.5432312501859977
1229,25,29,31,0.84803855354070468,6.2170521945767234,5.2171673382815822
1230,25,30,32,0.88919607547164492,5.3062054982717335,5.3197878689848981
1231,25,31,33,-0.57625948928111115,3.1529094003874985,3.3131500783310406
1232,25,32,34,0.79528136348337908,5.3369564075088256,5.2783072722013262
1233,25,33,35,0.62085552878526529,4.4277118036196708,5.0791111036239673
1234,25,34,36,1.2547181898640414,6.6461609966613544,6.0115188291342543
1235,25,35,37,0.63151092891836014,5.2311900259828565,5.1840286638103006
1236,25,36,38,0.1674553043420714,3.9945886888908477,4.5793507894034962
1237,25,37,39,0.35881411887778775,4.5608102781380095,4.8922531297534988
1238,25,38,40,0.95514546584539373,5.056059239129425,5.7721170155081474
1239,25,39,41,1.6769355330536353,6.0588115388879933,6.8276231095996858
1240,25,40,42,0.047947998080449694,5.2496052926064607,4.5920405606372254
1241,25,41,43,0.57094546531410628,5.4070448279443157,5.3692370147643445
1242,25,42,44,2.0036079168880825,8.175340569095459,7.4199644469679109
1243,25,43,45,0.30820308363403676,6.1470038579161326,5.0913976804122472
1244,25,44,46,0.88157271413329918,5.6702120465066148,5.9391151631112145
1245,25,45,47,0.1998058563124539,5.6441086993436533,5.0296415621620305
1246,25,46,48,0.97403401542558954,6.146667732953274,6.1585609849204204
1247,25,47,49,0.88803966652621324,6.1635713522201048,6.0831688964612951
1248,26,0,2,-0.18335709750317356,1.4636766707612392,1.7374281964381995
1249,26,1,3,0.4530367883406522,3.062528098076112,2.673379636619555
1250,26,2,4,-0.89748128692786311,1.081528052732315,0.82765433124363408
1251,26,3,5,-1.3133839695394764,0.29380629522171575,0.29039057558737547
1252,26,4,6,1.6506714243672691,5.1774491228224804,4.4850681270568193
1253,26,5,7,1.0526319506826425,4.1268544718183859,3.6928128638983413
1254,26,6,8,0.4667121010459806,2.7223862734645508,2.9175250744070151
1255,26,7,9,1.592425266435854,3.9266104346305917,4.5385235059528384
1256,26,8,10,0.13093144266657927,3.082835475041569,2.5374321526758532
1257,26,9,11,1.977070620035517,4.6427535544641056,5.1670270009923662
1258,26,10,12,0.48049958667398052,2.7781282796219746,3.1168275542862149
1259,26,11,13,-0.40018950638993006,0.98112749675139199,1.9288628239967403
1260,26,12,14,-0.77982690700448565,1.0010104755165186,1.4423704631363625
1261,26,13,15,0.26338749324031574,2.8449867241970694,2.9478706234790839
1262,26,14,16,-0.89830441945039352,0.98662859531351133,1.3665019457120917
1263,26,15,17,-0.69739549842327342,1.0969816077808459,1.6927744351500595
1264,26,16,18,0.77795097506695565,3.7574155225344992,3.8032594980363799
1265,26,17,19,-0.86749110861551337,0.30341075349683666,1.5446405808809236
1266,26,18,20,-0.11434466822850259,2.8739366627043599,2.6440455974227386
1267,26,19,21,1.1383802928649798,5.1771135496464646,4.4428605429536141
1268,26,20,22,-1.0059001468565936,0.84073485559704952,1.4858679273434114
1269,26,21,23,-1.4052963336632505,1.7072367087666387,0.97171326581409179
1270,26,22,24,1.3831566598868918,4.6886552212969859,4.9205474567842904
1271,26,23,25,0.20992987729202156,3.6095190914415793,3.3230299611514722
1272,26,24,26,0.066793047665162697,3.27379994417816,3.1676383996738702
1273,26,25,27,0.93243709023582699,4.0683546158641866,4.4245400592728004
1274,26,26,28,-0.20688179205384727,3.422958333071112,2.8744936240672558
1275,26,27,29,1.0416999767691182,4.9113427170936612,4.6675081004194077
1276,26,28,30,0.14509358271095207,4.171731118177072,3.4572591487379754
1277,26,29,31,0.33127607367348239,3.5257952631514384,3.762914636085517
1278,26,30,32,0.1605578223059041,3.7569144160230143,3.5689090841709081
1279,26,31,33,-1.742915988678313,1.4138361588324515,0.94904574879300418
1280,26,32,34,-0.57453828595909195,2.7701097768852563,2.6297745325999138
1281,26,33,35,1.2201044036586166,5.2161431779970036,5.1872742980647049
1282,26,34,36,0.63591807747344986,4.8406322375333968,4.4144134414054719
1283,26,35,37,1.0662353414616832,5.2695551163209542,5.0618576109889988
1284,26,36,38,-0.45716381013166096,3.149713846499206,2.974098798758317
1285,26,37,39,-0.63382897564355889,2.8479714766251081,2.7717675670416604
1286,26,38,40,2.2638183646477525,7.1381138063285672,6.8734738434494957
1287,26,39,41,2.2096386627667437,6.513545119555225,6.8426222608160838
1288,26,40,42,-0.0024623259556530996,3.4664662431893531,3.7906808766047275
1289,26,41,43,1.2669009846627737,4.5539112388666236,5.6127895114705249
1290,26,42,44,-0.19817456379622034,4.203186162707353,3.6066837436279338
1291,26,43,45,1.628472484263721,6.6270120404306594,6.2089896109118516
1292,26,44,46,1.898949574121406,5.5858364521422379,6.6326575367126104
1293,26,45,47,1.0035393380630779,5.5006850501378972,5.424083206230951
1294,26,46,48,1.3631122151507453,5.8140292457805351,5.9724852341536856
1295,26,47,49,1.6138816847407189,6.901586952184311,6.3685624915796488
1296,27,0,2,-0.84186992806286787,0.72042556109128331,0.36501460502022226
1297,27,1,3,0.059474690393553714,1.7514342030533452,1.6718970708592125
1298,27,2,4,-0.39487417780824752,1.1850069844223767,1.0808086553766909
1299,27,3,5,0.88126794626701332,3.1471129612085993,2.9124076290820557
1300,27,4,6,0.29560185618430851,1.7904914864740895,2.1374751029662691
1301,27,5,7,1.5114099555377374,3.1582111553058723,3.8846064420610693
1302,27,6,8,-1.028609203393676,-0.23855143445884058,0.37357961955709101
1303,27,7,9,1.1530222342434,3.4746196780718219,3.472863632248997
1304,27,8,10,-0.39833847666694577,1.3575576226241446,1.3459586369745131
1305,27,9,11,0.53445528017875121,2.9816464571512573,2.6968698965584883
1306,27,10,12,-0.47857396103448602,1.8959710903608222,1.323628958859957
1307,27,11,13,-0.43453938058005198,1.6013011519013147,1.4302773714961643
1308,27,12,14,0.40831039440447636,2.8141464694451757,2.655267056474504
1309,27,13,15,0.3286961754343608,3.074276308964436,2.5888071499163421
1310,27,14,16,1.2134101781172753,3.8626533020222924,3.8724067536724225
1311,27,15,17,2.3830936278672925,5.2166742399644317,5.5549635833224471
1312,27,16,18,0.91364026557961464,4.1024405492362401,3.542728876119698
1313,27,17,19,0.66415998592972714,3.882877552572185,3.2384564846098551
1314,27,18,20,1.2638572617095996,4.1761701178005959,4.1230326707016767
1315,27,19,21,-0.58297758803243593,1.7114628946686681,1.5824638810628271
1316,27,20,22,0.074851962343367356,2.3518458495885084,2.5484252515889514
1317,27,21,23,1.975461329066351,5.2068118667821706,5.2542783650011291
1318,27,22,24,-0.26104234740074461,2.0592317685062151,2.1681732179471949
1319,27,23,25,1.2037151329034061,3.591590692862582,4.263833690373005
1320,27,24,26,0.87173120800493442,3.796732887766932,3.8440561955151451
1321,27,25,27,2.1991421301958862,4.9984720108202119,5.747431486582478
1322,27,26,28,1.0677107267575476,4.1732066103128131,4.2084275217688036
1323,27,27,29,0.82319592235460726,3.8111404755186467,3.9111067956046868
1324,27,28,30,-0.30965781999543346,2.2596760403526805,2.3701115563146304
1325,27,29,31,1.0062007687198096,4.0032604007745025,4.2573135805159703
1326,27,30,32,0.88310962624808953,3.3820906429409967,4.1299859810555626
1327,27,31,33,1.9735677831634484,5.0092800895247009,5.7016274007370651
1328,27,32,34,0.72837040476290316,3.6337435098075406,4.0033510709763016
1329,27,33,35,-0.62833041249805899,1.9699803897986063,2.1489699268109543
1330,27,34,36,0.8545350273922292,4.710420832260569,4.2699815426573577
1331,27,35,37,-1.1729526801477697,1.1282472232610108,1.4764987521013597
1332,27,36,38,0.64748014918051888,3.6736658920272922,4.0701047131609629
1333,27,37,39,1.5987121103152673,5.1545375988837847,5.4468294587496118
1334,27,38,40,2.7506735826783379,6.2763292649778952,7.1045755200579102
1335,27,39,41,2.2925703163387707,6.1868454565456652,6.5082309471825166
1336,27,40,42,1.0535833474374043,4.7185382482484437,4.8186491907206026
1337,27,41,43,0.52223028974634889,3.9976160054570498,4.1197549099531257
1338,27,42,44,1.3144988149278904,6.0448843186364511,5.2739308452072837
1339,27,43,45,1.4848730750455159,5.8379869993602966,5.5574548093719596
1340,27,44,46,1.4052569708251512,5.7113276103488468,5.4909922634634487
1341,27,45,47,-0.14821732223915973,3.2772598236781141,3.3611282531734137
1342,27,46,48,1.1648216342710871,5.4724159054568595,5.2443827922877588
1343,27,47,49,-1.0753701748794606,2.2538060035592142,2.1531142594769923
1344,28,0,2,-0.59603004259429027,3.3805305682916602,2.6465386768687296
1345,28,1,3,1.5485827489753519,5.8669343411378305,5.6939965850662277
1346,28,2,4,-1.1491341393950452,1.2156376253814192,1.9621929413476729
1347,28,3,5,0.89109860390475137,5.2723687499913439,4.8635187819673877
1348,28,4,6,-0.25184961466131978,2.9313925934419549,3.3083912759748881
1349,28,5,7,0.41270766309800666,4.1521008069826078,4.2837714648379448
1350,28,6,8,-0.086513929975982479,3.4385579565125362,3.6298612345343604
1351,28,7,9,0.20163351189966733,3.510779274388419,4.0782676531602702
1352,28,8,10,0.61306678069885945,5.8714692449055699,4.6992742294791396
1353,28,9,11,0.90064110854468238,4.7495408363578928,5.1468782884632915
1354,28,10,12,1.8297099194695703,6.5466959101367923,6.4925746237581343
1355,28,11,13,-0.45449294491681785,2.6259739389885146,3.3396906136171909
1356,28,12,14,0.52824131792019868,4.699625878321025,4.7605185815890136
1357,28,13,15,1.2517750811554911,6.3251005530173972,5.8184658501184234
1358,28,14,16,-0.08452047732946924,3.0109673007956488,3.9926520682394786
1359,28,15,17,-1.2726022088881801,1.856726536749512,2.3743376440572836
1360,28,16,18,-0.92122665037766827,2.4500586528455899,2.9112634259720007
1361,28,17,19,1.5190566054842161,6.1908425417781849,6.3726599841786378
1362,28,18,20,0.19697523492144339,5.5039909311275359,4.5667460653907561
1363,28,19,21,1.1847934289123032,5.905130980309627,5.9946915369779603
1364,28,20,22,0.74655698204267307,5.9475909964897742,5.4261605113604787
1365,28,21,23,0.1735943528328569,4.4181257322415197,4.6690128304667358
1366,28,22,24,0.85293480661150289,6.2180393390069515,5.6650894657568402
1367,28,23,25,-0.35265209560785171,4.4670771323441167,4.0222678026497434
1368,28,24,26,0.57991630140600881,5.5798678540692404,5.372863558469148
1369,28,25,27,0.98801092485533815,6.2998929310454974,5.9891960312982091
1370,28,26,28,0.3881494116025247,5.139362442141806,5.1943899127442705
1371,28,27,29,-0.87797287847746497,3.4293636180009068,3.4668187066322851
1372,28,28,30,1.2116021135228536,6.1620264932988826,6.4372236954327304
1373,28,29,31,-0.39389887267660201,4.0227239763868017,4.2345223147534927
1374,28,30,32,1.9313813692311235,7.38310160124996,7.5349146534243081
1375,28,31,33,-0.26676130883194349,4.3866191386069584,4.5025149041360155
1376,28,32,34,-0.36406673501627196,4.6155405495805892,4.4112873074779557
1377,28,33,35,0.70653588420442626,6.4527305079541328,5.9551309743869325
1378,28,34,36,-0.86838078228250071,3.6595715132773932,3.7952476413052354
1379,28,35,37,1.4188001231863767,6.8259466769019665,7.0423009089616633
1380,28,36,38,0.1425046866526708,5.7585737950001041,5.3004872978144748
1381,28,37,39,0.084099938934558749,5.1669805383672163,5.2637206510091179
1382,28,38,40,3.1140029217836487,9.288102852877147,9.5505848269978433
1383,28,39,41,0.69862982190164247,5.9732214252522065,6.2140624871630354
1384,28,40,42,0.42293733497247699,6.0948601656863586,5.873093005462203
1385,28,41,43,1.364136690836566,7.8937045728776454,7.2357721036719278
1386,28,42,44,1.2652926539364158,7.8589372726252131,7.1423904520117176
1387,28,43,45,-1.9240640673762792,3.4882394937858003,2.722291042173945
1388,28,44,46,-0.26430586923629962,4.8508681762550161,5.0909525195699157
1389,28,45,47,0.84949176332940213,7.050297032077947,6.6952692051618978
1390,28,46,48,-0.27005234633299335,4.0391710122184863,5.1729074516345452
1391,28,47,49,1.0281817171639971,5.8976037928000125,7.0354351405303319
1392,29,0,2,2.3503159479806537,4.027942531631111,3.8336558402573173
1393,29,1,3,1.5546075975008824,3.2201237360433832,2.764664149585637
1394,29,2,4,-1.1955862347462261,-1.2050014826673463,-1.0406072155603139
1395,29,3,5,-0.6520376301859101,0.28930644748857925,-0.23463916917587158
1396,29,4,6,-0.090108455951298766,-0.094610859593919128,0.59706167475258409
1397,29,5,7,-1.386678428277643,-0.49734957121723666,-1.1731362865042976
1398,29,6,8,0.067071553206488527,0.62336026933973032,0.9071136875734862
1399,29,7,9,-1.4020211738272998,-0.44665998004212337,-1.1046161302738173
1400,29,8,10,-1.0110651629287073,-0.58323662814275645,-0.51227771501578767
1401,29,9,11,-0.27393105646124688,0.29788078413629321,0.56471003403865683
1402,29,10,12,-1.0991495421945563,-0.86665492537258326,-0.54559584598797639
1403,29,11,13,0.92618983287794654,2.1582976856382139,2.3348792791135273
1404,29,12,14,-1.1591556078783141,-0.27864254971915992,-0.5396043379452371
1405,29,13,15,-0.34082997663373066,0.72928325343969957,0.6510515457971795
1406,29,14,16,1.1756046834570335,2.1405278295947379,2.819060069924249
1407,29,15,17,0.29137943041327463,1.162259407700647,1.6261447156629871
1408,29,16,18,0.66751368844448911,1.8012759328783312,2.1977326769066869
1409,29,17,19,-0.54748310470188177,0.24491602581860517,0.54173716650176795
1410,29,18,20,-0.052077178756286924,2.4151581218542448,1.2803054628256008
1411,29,19,21,-0.59341665985280856,1.100358751320508,0.56743018929047051
1412,29,20,22,-0.98170502957632921,-0.42773987797296031,0.068826471677541523
1413,29,21,23,0.19377181767526691,2.3242252358085826,1.7594940578297762
1414,29,22,24,0.93277137334998084,2.8056490996356578,2.8390934357743758
1415,29,23,25,1.1771847874404486,2.7207402985226095,3.2262722155010302
1416,29,24,26,-0.60845909709800938,0.3621432438117877,0.7713707771471896
1417,29,25,27,-0.7490574088756401,0.36253295239787309,0.61953314065850629
1418,29,26,28,-0.33310018045855427,1.8415824070599898,1.2468732604424264
1419,29,27,29,0.24053772438989096,1.9489643825572776,2.0949663272302494
1420,29,28,30,0.54818039062692725,2.4655236790380455,2.5706660599621007
1421,29,29,31,-1.1263799082461081,0.079082300459942328,0.27128164153985113
1422,29,30,32,0.16494783115583228,2.4129786669633635,2.1241404767025673
1423,29,31,33,0.12735708159119946,2.4868054594314204,2.116513427312082
1424,29,32,34,-0.72931831732813723,0.8443386892309771,0.96216786882501038
1425,29,33,35,0.53183587579165759,2.8524878291171425,2.7727837391927226
1426,29,34,36,1.1327511859870851,3.5648185770080474,3.6590651734663213
1427,29,35,37,0.42316538432810935,2.4439131114517929,2.7106450511437554
1428,29,36,38,0.50981850234033277,3.3880805610514133,2.8769594163608683
1429,29,37,39,1.4946665791449558,3.6335542627069377,4.3007467238873405
1430,29,38,40,1.5888331011997288,4.2082173686063209,4.4775798547640218
1431,29,39,41,0.79303242300837207,3.6877105337469822,3.4084589052961229
1432,29,40,42,2.5236099347026437,5.8106300620616071,5.8762674216681035
1433,29,41,43,1.3415877399193232,5.2606927037792532,4.2664363489714541
1434,29,42,44,0.55324023704170355,3.2337455408934885,3.207749844942787
1435,29,43,45,0.9724658413586631,3.9664507094586354,3.8396656909865308
1436,29,44,46,1.4761907042684257,5.0806398213620785,4.5898804990601985
1437,29,45,47,0.62302063068710278,2.8990930785987272,3.4404423960463459
1438,29,46,48,-0.14530495570036916,1.8970715938674285,2.4097865751038858
1439,29,47,49,-0.91411621599509918,1.8860492546418126,1.3784508106912634
1440,30,0,2,0.0098260365581495663,2.404599686169925,2.6522525441579345
1441,30,1,3,-0.63212903837576662,2.5290525129942267,1.7985154392504517
1442,30,2,4,0.028057546400790421,3.3772491342123021,2.7677766579376315
1443,30,3,5,-0.64416999964240673,2.1301176844094636,1.8716580934771556
1444,30,4,6,0.9295608794857726,3.396625562825518,4.1198813242566068
1445,30,5,7,-0.85114176363499316,2.0748361914536426,1.6718976238875349
1446,30,6,8,-0.51229078952512697,3.5650958311832879,2.1912889876413475
1447,30,7,9,1.2253206456757315,4.8602016743266692,4.6689449969225496
1448,30,8,10,-0.51932954235361872,2.4478104218249714,2.2714347336814589
1449,30,9,11,-1.9214485787346354,-0.096242054246097442,0.35346808274803548
1450,30,10,12,-0.19838227984852422,3.2580656520930513,2.8107609011885915
1451,30,11,13,-0.52270627582153928,1.6415281600279341,2.4017073068263701
1452,30,12,14,1.4992481698966336,4.9530374415375675,5.2774435308318122
1453,30,13,15,1.1323675473997434,4.671023738261213,4.8088106593361655
1454,30,14,16,0.81712538171961935,3.5410414269772819,4.4124716273839919
1455,30,15,17,-0.78965490786728665,2.1849862406550926,2.2079792219623235
1456,30,16,18,0.08057273155731956,3.7862413836063107,3.4712979171567726
1457,30,17,19,0.070157799971692997,3.3387774605387812,3.5017170129368953
1458,30,18,20,-0.72273646240890965,2.0553193238363989,2.4366650456040517
1459,30,19,21,1.8093330295843373,4.6884552961722008,6.0265623343945975
1460,30,20,22,1.1301907036285965,5.4691911312106374,5.1207630780565605
1461,30,21,23,0.55739977845493094,4.777644499893384,4.3638557828134283
1462,30,22,24,1.0686264898994975,4.7512945757572203,5.1245731788358215
1463,30,23,25,-0.60946805499682954,2.2704655391676374,2.8202408159809638
1464,30,24,26,-0.37812008631636529,4.1345522941502724,3.1891279721336137
1465,30,25,27,-1.0529645172706716,2.6474542216963304,2.2893457687975847
1466,30,26,28,-0.055763013050066923,4.1067176390961153,3.7304278747064314
1467,30,27,29,0.7654032196647873,4.9477392453867735,4.9250606005072273
1468,30,28,30,-0.61102166667420055,3.4126527992182556,3.0430657596326443
1469,30,29,31,2.1103544495163553,6.3549298524322451,6.8979923222994222
1470,30,30,32,0.10042293041323785,4.7454421596496985,4.1290881955550578
1471,30,31,33,0.47847388222750192,4.3696257352021988,4.703359528095028
1472,30,32,34,-1.5065720747345372,1.7351001189531607,1.9692951883481729
1473,30,33,35,0.70615896759970986,4.2113645828977342,5.1121186476161187
1474,30,34,36,1.3467113242159565,6.1096034045083201,6.0538919468788643
1475,30,35,37,-0.33253538472434674,3.1405935950927377,3.7479465543624393
1476,30,36,38,-0.56825339815753351,3.4660521879996873,3.4629413355559784
1477,30,37,39,0.41493546840744211,4.5941014849188679,4.8844057487469446
1478,30,38,40,0.071373442350074756,5.0077608500108708,4.4484189122666296
1479,30,39,41,0.19745196951817856,5.4476822780512055,4.6699288503019751
1480,30,40,42,-1.876695677181631,1.6446380105416456,1.8111221449222419
1481,30,41,43,1.8050153904556812,6.9908103043232206,7.0105176396144788
1482,30,42,44,0.18781447562340708,5.1349600025779019,4.7914363588492952
1483,30,43,45,-0.20975319531620407,3.7103289513774791,4.2798416195338396
1484,30,44,46,0.10227332954176216,4.3193005762602006,4.7616787543349925
1485,30,45,47,-0.0083790538375781987,4.282815529060561,4.6517654176039152
1486,30,46,48,-0.64065287038307961,4.5832267633902957,3.8115820744402136
1487,30,47,49,1.373182296127736,6.7774015603735105,6.6759513075553549
1488,31,0,2,-1.9001926113052012,-1.1029276203562282,-1.2599575240262526
1489,31,1,3,0.49494963040166173,1.279462892470232,2.1382416143633551
1490,31,2,4,0.098633833412362426,1.3013537125237691,1.6283994985783361
1491,31,3,5,-0.0075594114596427703,-0.093547909818734176,1.524728955757529
1492,31,4,6,-2.0955528555636609,-0.086448903889128292,-1.3534618659880964
1493,31,5,7,-0.4002532042726526,0.84715371247900906,1.0649576458193153
1494,31,6,8,-2.1511949942100443,-1.0274680232821045,-1.3413608600930331
1495,31,7,9,-0.64262884276686016,1.7170180319960431,0.81563175192742476
1496,31,8,10,-1.7193678652962174,0.37174703786575025,-0.64680287961367566
1497,31,9,11,-1.6224028018067849,-0.74283639606815788,-0.46605179072846975
1498,31,10,12,0.94650622582512456,3.9678880497958628,3.1754208479562029
1499,31,11,13,1.1004502966482286,3.4541248172860257,3.435942547108549
1500,31,12,14,-0.1262311096876042,1.4956122046761984,1.7635885782383829
1501,31,13,15,-1.1245582835135617,0.48196171122704418,0.41093053488204256
1502,31,14,16,-0.4531608684775067,1.2036610412487019,1.3958869159325196
1503,31,15,17,-1.0363185698597031,1.088076566722374,0.62446613399744466
1504,31,16,18,0.58466223615611768,2.8737545807594729,2.9388392624195934
1505,31,17,19,1.116994713026823,3.4033043473952831,3.7291047300385811
1506,31,18,20,0.83857869351416969,2.8164052553274308,3.3843223027208662
1507,31,19,21,-0.081044949256175114,1.6916742797749391,2.1418492028423839
1508,31,20,22,-1.9309371373078859,-1.1723052887984502,-0.40299986043001157
1509,31,21,23,-0.94779890467590078,0.79344937700295837,1.0183936652547678
1510,31,22,24,-0.82018777401931608,1.5017379220464613,1.2420492481739864
1511,31,23,25,0.58722975344905848,3.3360950645545224,3.2574337866297105
1512,31,24,26,0.85230378098450277,3.9319822490768623,3.6735374251793327
1513,31,25,27,2.0716723035692954,5.5889220677074576,5.4256533567980432
1514,31,26,28,-1.3666007617426357,0.76507893426230889,0.65707106536133908
1515,31,27,29,-1.1973428170747682,-0.032091076006869446,0.93903218789635334
1516,31,28,30,-0.24994499498831496,2.6459785282996839,2.3103891388173876
1517,31,29,31,1.8795301666037654,4.9386018191695635,5.3366543650463001
1518,31,30,32,1.7511643602545108,5.2700319042620194,5.2019422361573442
1519,31,31,33,-0.10319368094261205,2.9245097916131875,2.650840978481372
1520,31,32,34,-0.28804920018315039,1.83710812664778,2.4370432515446181
1521,31,33,35,0.39484009465398689,2.6962149333783132,3.4380882643166104
1522,31,34,36,1.3337398796712865,5.0911789140512989,4.79754796334083
1523,31,35,37,0.40209020369567722,2.8943669017264257,3.538238416974977
1524,31,36,38,-0.92558849398801657,2.0040273145284773,1.7244882402178057
1525,31,37,39,1.1607365447033657,4.7835926914233493,4.690343294385741
1526,31,38,40,0.073445556886609642,3.4663981093235225,3.2131359114422824
1527,31,39,41,0.46624078156928317,3.6696852864796337,3.8080492259980252
1528,31,40,42,0.21684656952544673,4.2314205098992703,3.5038973291366537
1529,31,41,43,2.1759740036002038,5.9878349068904742,6.2916757368413139
1530,31,42,44,3.288494902199175,7.6358708781524793,7.8942049948798738
1531,31,43,45,2.1593286077628644,6.1057664844194814,6.3583721826690383
1532,31,44,46,2.4138271705953875,6.1775787782523883,6.7596701706345712
1533,31,45,47,0.73477700248019673,4.5617555134556227,4.4539999352733037
1534,31,46,48,0.13368975414398565,3.7274413389931,3.6574777876026086
1535,31,47,49,-0.65104376588546875,3.7521926630826732,2.6038508595613723
1536,32,0,2,-2.25267510296927,0.39302837104928989,-0.41333691799926209
1537,32,1,3,-0.20042930150396288,2.6521116985280155,2.5048072040521676
1538,32,2,4,-0.48581691495848434,2.2767911151242806,2.1502645452158373
1539,32,3,5,0.28225241996393952,3.5537414672021339,3.2705616141072307
1540,32,4,6,-1.0386907150826992,1.4295717728694584,1.4662412250419368
1541,32,5,7,-0.39354254779841397,2.5538005382232871,2.4144486592399361
1542,32,6,8,1.621263157353988,4.9385501220277339,5.2801766464532971
1543,32,7,9,1.7123836864469852,6.2517626945255431,5.4527453871834952
1544,32,8,10,0.15659706901778422,3.2839623993251879,3.3196441227826132
1545,32,9,11,0.22110274919541689,3.3804197871876034,3.454952075031299
1546,32,10,12,-0.11858863592321026,2.4390035686782334,3.0243841358652217
1547,32,11,13,1.7153595756638798,5.36617637444553,5.6369116320871475
1548,32,12,14,-1.2414976580357113,1.2043703505709165,1.5423115049077198
1549,32,13,15,-1.1278248274970173,1.780177899290408,1.7464534676618915
1550,32,14,16,0.22757262562809991,3.4075359992799417,3.6890099020370553
1551,32,15,17,1.1235526810534879,4.8437484533663504,4.9883819796325986
1552,32,16,18,-0.62660211781390585,2.9773386980107133,2.5831652612182472
1553,32,17,19,0.88666962584652065,5.2172399055870207,4.7467457023428441
1554,32,18,20,1.6883947307358607,6.2634705518008804,5.9141608491879198
1555,32,19,21,0.027248778893141146,3.7540797149689675,3.6335565166081132
1556,32,20,22,-1.4532259519521697,2.0200419781967192,1.605891893424678
1557,32,21,23,0.005353246030115999,3.5578020724316937,3.6929027705998778
1558,32,22,24,2.2306183893569638,6.8422348720312316,6.8532739712574653
1559,32,23,25,0.44014059168634478,3.3927006879712778,4.3916050545185978
1560,32,24,26,0.56494787479990327,4.6377989326647313,4.6113352508775804
1561,32,25,27,0.97442178374974042,5.2549207929070034,5.2295987234073529
1562,32,26,28,1.3645644232741094,5.3233409271952379,5.8207984187414681
1563,32,27,29,1.2376674931746385,5.1674305776727758,5.6881427166022096
1564,32,28,30,1.7242393119700434,5.738193175669176,6.4143432629157751
1565,32,29,31,0.74035544028447853,5.0327779417094956,5.0819058425559858
1566,32,30,32,2.3069481380209464,7.6384389140519788,7.3201356193870399
1567,32,31,33,0.87108790664644098,5.3925404553868468,5.3549312954627331
1568,32,32,34,0.39821744790723246,4.5576247923714819,4.7379126532278413
1569,32,33,35,-0.4636456081562077,3.4755775233498074,3.5763043747390246
1570,32,34,36,0.31551718542840046,4.6157636745558133,4.7121322857574759
1571,32,35,37,0.42205063724759251,4.9067948244574282,4.9062791183043446
1572,32,36,38,1.4967253902543636,6.1301228660111695,6.455823772513825
1573,32,37,39,0.82434076072217244,5.4595235694902842,5.5594852911687571
1574,32,38,40,-0.56155107238338176,4.239660303983027,3.6642367248209813
1575,32,39,41,-0.19045510152014944,4.6404051352798144,4.2287710840295061
1576,32,40,42,0.061308690475026406,3.989201728563144,4.6262403928227522
1577,32,41,43,0.62570668531615725,6.5210786299075618,5.4613975856003361
1578,32,42,44,0.44951047591787952,5.4067055290910462,5.2597228924427473
1579,32,43,45,-0.50940874868070196,3.6578622180042073,3.9622359780047329
1580,32,44,46,-0.40504189778782718,3.787305693033852,4.1533495692547575
1581,32,45,47,1.2646730779043518,6.7027068550639655,6.5359505352238081
1582,32,46,48,1.7917570726827952,7.9402248267380013,7.3188681279136283
1583,32,47,49,-0.25594860106318518,5.0671538023210774,4.4970801846692563
1584,33,0,2,-0.70047901292296599,1.3533321318691689,0.69746113663377352
1585,33,1,3,0.65840586188158901,1.470849791159774,2.6448999613601503
1586,33,2,4,-1.7140438856089864,-1.9752737602465622,-0.63152968512665486
1587,33,3,5,1.3522498752273582,3.3215955223366751,3.7062815800442266
1588,33,4,6,1.1893385213071497,2.4222331476187771,3.5232056845559354
1589,33,5,7,0.7273697901799786,3.5676520016823647,2.9214494609778958
1590,33,6,8,0.20667393245426502,2.7679537738594675,2.2374752601618968
1591,33,7,9,0.005847076533282855,2.1337602972305496,2.0013176618725219
1592,33,8,10,-0.3396500343072637,2.0855550607565814,1.5626217066957566
1593,33,9,11,-0.18936114665010101,1.5992360039220117,1.8180261494157846
1594,33,10,12,-2.0736283813998933,-0.20982820589252282,-0.77494797923392444
1595,33,11,13,-0.30757613824156538,1.6678948931705275,1.7425251611877344
1596,33,12,14,0.20288912569632842,2.2501544321594231,2.5021765307007855
1597,33,13,15,-0.16173215622193549,2.2297228128985664,2.036706736015216
1598,33,14,16,1.1280664091362715,4.2605181140161754,3.8874247275167058
1599,33,15,17,1.9121891938703737,4.8871802905541557,5.0301966261444484
1600,33,16,18,-0.71266529177248583,1.2931308796420664,1.4004003462444456
1601,33,17,19,1.7379068699217024,3.8643829467719888,4.8762013726163085
1602,33,18,20,0.99432743905649978,4.3799376097842089,3.8801901694050254
1603,33,19,21,1.4149939319715756,5.3193653208004026,4.5141232594861318
1604,33,20,22,0.12169385546211711,2.9185856226473619,2.7485031523728898
1605,33,21,23,2.6545545390097729,5.5846789618061496,6.339508109339608
1606,33,22,24,-0.14504833439291914,2.1363791139218531,2.4650640865758389
1607,33,23,25,-0.87688656778114682,1.140775538102907,1.4854905598323203
1608,33,24,26,-1.2350869219280729,1.7798433825681608,1.029010064026624
1609,33,25,27,1.1042480774022405,4.6256459895500166,4.3490790630890626
1610,33,26,28,0.017938097778742113,2.8070114663440568,2.8732450916161647
1611,33,27,29,1.7956222762924796,5.456945269233537,5.4070029415353966
1612,33,28,30,-0.34280308259430453,3.0398673311496323,2.4582074390938997
1613,33,29,31,0.49243573033338867,3.650544878172179,3.6725417771926701
1614,33,30,32,0.50889815163242402,3.7879594464268407,3.7405891670113194
1615,33,31,33,-1.6778305324399403,0.60354181911477189,0.72416900931000949
1616,33,32,34,1.8861064165348527,5.5216515012270966,5.7586807378747196
1617,33,33,35,0.44899283549123031,2.9472417360207408,3.7917217244136481
1618,33,34,36,1.0266900409939301,5.0915240266572921,4.6454978121174282
1619,33,35,37,-0.029580402723906163,2.3117999856797096,3.2117191909124569
1620,33,36,38,-0.14094592273836615,2.6001548977131854,3.1008074628922131
1621,33,37,39,-0.54746263432418019,2.7749585834972992,2.5766840666720734
1622,33,38,40,0.93231970753722271,4.8729658151908426,4.6933793452780375
1623,33,39,41,-0.55991665356295051,3.0917840213190972,2.6492484397377951
1624,33,40,42,1.125332066095118,4.9400342028992554,5.0535966472590905
1625,33,41,43,-1.0090724207432598,2.0791560104701059,2.110430365685362
1626,33,42,44,1.8839763318799405,6.4417723759969689,6.2056986193578414
1627,33,43,45,1.0560866677853877,4.9674409619285722,5.0916530896254679
1628,33,44,46,1.2865010572551383,5.8612035546951837,5.4592332348831185
1629,33,45,47,-0.16816512767439606,3.7730153233868875,3.4677005759817714
1630,33,46,48,0.53429149118865604,4.0822510551175792,4.4961398423900434
1631,33,47,49,-0.18643424476369597,2.68044284167018,3.5321238120567511
1632,34,0,2,-0.20438094176416419,2.273458438867233,2.1901230409292931
1633,34,1,3,1.3288869514857002,4.8767523093175447,4.3816980914791035
1634,34,2,4,0.19159448240392418,1.7085309369898443,2.8344886347646163
1635,34,3,5,-0.27489719132545215,1.9314384007221272,2.2264002915434897
1636,34,4,6,0.71838635941054352,3.5250565185052705,3.6619972625738844
1637,34,5,7,0.25586164592725419,2.5355442795913219,3.0594626636972788
1638,34,6,8,-0.065554178813734626,2.822456218988727,2.6544805090598946
1639,34,7,9,-0.43690250789939422,1.8939273934227714,2.1795928483399711
1640,34,8,10,-1.5617484284006706,0.34671424648795773,0.64980855963818429
1641,34,9,11,-1.0540997997015378,1.6864074598236056,1.4055166398169701
1642,34,10,12,-0.13470097578027992,3.1503839674042293,2.7376749933067313
1643,34,11,13,-0.03940885272008679,2.4807840781741026,2.9160839655910014
1644,34,12,14,0.7418595994063375,5.0487282311737403,4.0548597985679953
1645,34,13,15,1.004375833909098,4.2546497860544594,4.4673825268718605
1646,34,14,16,1.4890125664144593,4.8053628093511103,5.1908739523793654
1647,34,15,17,1.6424313502328238,5.891698007284945,5.4506602497250762
1648,34,16,18,0.59421824741854723,4.3775404167550613,4.0281619057850886
1649,34,17,19,-1.9560862623417372,0.93195040807701512,0.50273559212069119
1650,34,18,20,-0.22900042551748118,2.3896522841447552,2.9656557636746492
1651,34,19,21,0.048968242385275723,3.6154392173266494,3.3998118987385086
1652,34,20,22,-1.2941421775166682,0.84646830360079661,1.5644573108757875
1653,34,21,23,0.16072402274817288,3.355796698398867,3.6462699912465646
1654,34,22,24,0.79481042828138593,4.9413356716521815,4.5789909589930637
1655,34,23,25,-0.67577558916467551,2.9545878707961575,2.5651705345685771
1656,34,24,26,0.083117808122903147,3.6371842469690741,3.672621290771187
1657,34,25,27,-0.50254787390198385,3.1071282367330118,2.8976893359363456
1658,34,26,28,0.20170630200626977,3.8854539807626201,3.9286451822079007
1659,34,27,29,1.4504313835867293,4.6892944798305534,5.7218602964205445
1660,34,28,30,-0.17669768052013907,3.447098942095574,3.4888796066709284
1661,34,29,31,0.68261452135468403,4.0574052540380388,4.73691668929568
1662,34,30,32,-0.078311020821936417,3.8539585615020466,3.7166209302484114
1663,34,31,33,0.42361028178285809,4.9130433449431985,4.4643107538951234
1664,34,32,34,-0.42025619592571339,3.4019689195358089,3.3278976851031241
1665,34,33,35,1.9742471857101616,5.838756532109775,6.725202419393348
1666,34,34,36,-1.3213229679755436,2.4044533506237231,2.156404204233362
1667,34,35,37,-1.7492079518381791,1.0550420003440228,1.6023652268256723
1668,34,36,38,1.0355166030145706,4.5205823299426644,5.5459796036195215
1669,34,37,39,0.72758131981826746,5.6301875546993028,5.1598702071446976
1670,34,38,40,-0.21119793876738013,3.4821593964745761,3.8905792451247905
1671,34,39,41,0.35303921823513262,4.3074502528073175,4.7255112649283086
1672,34,40,42,3.4265143660952089,9.210803481195212,9.0733764719324164
1673,34,41,43,-0.57506879742178008,2.8759704298204292,3.5161600430086306
1674,34,42,44,-0.032910929835765379,4.1453201924835561,4.3201810576290516
1675,34,43,45,-1.9562820066121986,0.99846913121213499,1.672461550142045
1676,34,44,46,-0.21863446725805835,4.7522973222694871,4.1501681052378405
1677,34,45,47,0.93991795674587308,6.1699154739315674,5.8171414988433447
1678,34,46,48,-0.31385200960758053,4.0959217986259393,4.1068635459485101
1679,34,47,49,-0.10423971377864671,3.1065427859913353,4.4453207601090172
1680,35,0,2,0.40556638379235427,3.2028488102102881,3.1543318006624959
1681,35,1,3,-0.51279924298457336,1.970960926924497,1.9136199231747972
1682,35,2,4,-1.7254747841616638,0.37769940440761007,0.26087416552687093
1683,35,3,5,-0.15429823188853747,2.6468506995440224,2.5055213387092481
1684,35,4,6,-0.84555423101118321,1.5423462260455001,1.5827629399375438
1685,35,5,7,1.7178931153707862,5.4952901490799144,5.2165892248723003
1686,35,6,8,0.13463100689788909,3.0805483866080365,3.045022273010245
1687,35,7,9,-0.66983280400287404,2.0202853822296571,1.9637729377491766
1688,35,8,10,-0.32246823494956423,2.0058529550942894,2.4950833344238101
1689,35,9,11,-0.70907538483364119,2.1911935111346343,1.9988333245861025
1690,35,10,12,0.43882727866621096,3.9539067741506733,3.6508970534858953
1691,35,11,13,1.5142298831707104,5.8791062537656833,5.2014606997921948
1692,35,12,14,0.67287836414969771,4.7496353643056164,4.0685685731627768
1693,35,13,15,-0.75765980647038278,1.5449092901970554,2.1108151342946644
1694,35,14,16,-1.4460362300477965,0.30885265925143268,1.1920881412862852
1695,35,15,17,-1.9920867091617094,0.9281940664517665,0.47261747052680714
1696,35,16,18,0.48642834580600414,4.5352622735817558,3.9875385474816056
1697,35,17,19,0.95036752633226895,4.7132252049616481,4.6820534002183765
1698,35,18,20,-0.24647941170906607,2.8491594985783446,3.0514676869605077
1699,35,19,21,-0.8448536700882523,2.2047552958286296,2.2587437252296469
1700,35,20,22,-2.0450950015939786,1.8163827451823531,0.6234058611216301
1701,35,21,23,-1.5159870778202182,1.4449782305272543,1.4091569544048947
1702,35,22,24,-0.21259561708261798,3.0326886799695183,3.2789049994375352
1703,35,23,25,1.5595034680706645,5.9809931892176476,5.8048437186521307
1704,35,24,26,0.10121548162845817,3.162890142322448,3.8082405376330417
1705,35,25,27,0.69578894494168919,3.8309248324471978,4.6856433862715647
1706,35,26,28,-0.22703718664544403,3.428169958088839,3.4386868020495784
1707,35,27,29,0.24656567674732838,4.654489406453294,4.1467308107994594
1708,35,28,30,-0.86640111327874969,2.9667719127410166,2.6335773047629507
1709,35,29,31,-0.56089161988050407,2.950235027237031,3.1062905955204947
1710,35,30,32,-0.25985208928853665,3.2392615457232896,3.5727459383492484
1711,35,31,33,1.183389706818847,5.0437182611912004,5.6382844528995868
1712,35,32,34,1.2125681932584595,5.981285606993664,5.7241343339150443
1713,35,33,35,0.082301658382411047,4.2731735101976094,4.1867611850885753
1714,35,34,36,1.9738950943802924,6.9150533241255925,6.8799919954856099
1715,35,35,37,0.44392051474226546,4.8462577184553339,4.7830275839923715
1716,35,36,38,-0.21847660956494142,3.7991765723540554,3.9006716099622825
1717,35,37,39,0.46155608145432048,4.8562510029356734,4.8977173773892488
1718,35,38,40,0.045210532455058572,3.6556019427096449,4.3598336087902823
1719,35,39,41,-0.18807112748519961,3.28959490990467,4.07823928487392
1720,35,40,42,0.3020568263296366,5.6009483029030944,4.8094184202146906
1721,35,41,43,0.42308601372593735,4.8521874088706314,5.0238592825695125
1722,35,42,44,-0.040259945725901081,3.5665259383779802,4.4201749393369383
1723,35,43,45,-0.62734257897651347,3.2833820775902947,3.6432592527860814
1724,35,44,46,0.2525772135510938,5.2311693512260291,4.9201469623247309
1725,35,45,47,0.13198719149889315,5.5246276963337557,4.7963209314516497
1726,35,46,48,-0.50735493978110013,5.1896754339574809,3.9462419476596597
1727,35,47,49,-1.2905830791798678,2.7165800260000013,2.8947225525013853
1728,36,0,2,0.08059785705080412,2.3556608467021758,2.2021837515222344
1729,36,1,3,-0.33172025130901894,1.4588441551212024,1.669938399818482
1730,36,2,4,-0.45983128145261132,0.057359012285411959,1.5355829576174529
1731,36,3,5,0.36122661703383052,1.9586103261470558,2.7300640154984714
1732,36,4,6,-1.2654777627862803,-0.12350452365299108,0.49767788375031635
1733,36,5,7,1.822659515093551,4.2040621115590735,4.8660700727820796
1734,36,6,8,0.19522276580840991,2.0121115434389827,2.6326586237828828
1735,36,7,9,1.3201006660675079,4.221629567112557,4.2524876841456196
1736,36,8,10,-0.20871889650009756,2.0750035520082832,2.1571402965509723
1737,36,9,11,0.71582490651288866,3.9377611678060425,3.4965016207691528
1738,36,10,12,0.31077699140206155,3.2252656293955781,2.9744345396139948
1739,36,11,13,-0.044861417648619645,1.9514351237163738,2.5215407669430414
1740,36,12,14,0.53139728949311471,2.9493763888942075,3.3733029569414694
1741,36,13,15,-1.4326130348168622,1.1977117229486396,0.6686885029075017
1742,36,14,16,2.12733990068442,6.3042474254232426,5.6976226126092966
1743,36,15,17,0.048330482307695044,2.2439686360527071,2.8320094268818816
1744,36,16,18,1.7164428250124382,5.8282306990927077,5.2123667066685213
1745,36,17,19,0.075005846956608835,3.7992544957674688,2.9593549373903612
1746,36,18,20,0.12685043130806883,2.8017058109956881,3.0769373554824053
1747,36,19,21,-1.1965867792052438,0.98214135464194685,1.2691252607637673
1748,36,20,22,-1.6449357960363034,1.1874947016754676,0.68643663720028403
1749,36,21,23,1.3927801571394627,4.7468637645049458,4.9842389716463567
1750,36,22,24,-0.92731409777424856,1.5712604068556431,1.7811070147671608
1751,36,23,25,1.2180434511156957,6.0485601023519546,4.8296075832130825
1752,36,24,26,-0.58162325229671252,3.1165237817899594,2.3550741984357115
1753,36,25,27,0.56373852555997894,4.2701071760446503,4.003580687435079
1754,36,26,28,1.1430731507671559,3.3615068949068747,4.8596491627251268
1755,36,27,29,0.13245803541256657,3.3274826490739389,3.4897880012287019
1756,36,28,30,1.6025194240637803,6.0925979113657647,5.5928739453404006
1757,36,29,31,-1.855856754614897,0.44830338587343932,0.79614729519025318
1758,36,30,32,1.548380247663919,6.2214405128407453,5.6070790983805949
1759,36,31,33,0.050493696603804261,3.1697443588814913,3.5550379268964347
1760,36,32,34,-0.56751957174319934,2.8421868625300459,2.7348193512106294
1761,36,33,35,-0.02730618518011696,3.0324489097227074,3.536118092398945
1762,36,34,36,0.62783825889375222,4.616198222467923,4.4983203141023616
1763,36,35,37,-0.25747879557916198,2.6835955798347078,3.3038764378402821
1764,36,36,38,2.8287607756312316,7.9721317964526159,7.6696118375348323
1765,36,37,39,0.5582147476556405,4.3047078517231423,4.5358473983690057
1766,36,38,40,0.43641275184451306,4.9178371061119615,4.410324604233427
1767,36,39,41,0.66330360103776631,3.7646922987251918,4.7729717931039808
1768,36,40,42,-0.98922839016939534,1.9093869644363752,2.5044270054139552
1769,36,41,43,-1.1922632954133638,2.5563105957865404,2.2651781380723994
1770,36,42,44,0.11527773257222629,4.3647129210124085,4.1407355772522259
1771,36,43,45,0.18942956752853901,4.6566814246436552,4.2895481461910636
1772,36,44,46,2.6071011840780987,7.6063221905178535,7.7192884093604466
1773,36,45,47,0.34209463406860929,4.7301044027445958,4.5932792393471615
1774,36,46,48,0.43582970964924711,5.4946032071861355,4.7695083451600544
1775,36,47,49,0.15883983567831605,5.3247538280267204,4.4267225216007509
1776,37,0,2,0.50238007459935774,0.10521604140773289,0.86776816226627096
1777,37,1,3,0.16360746611537602,0.32399809153659659,0.43848651038869685
1778,37,2,4,-0.24390530933273799,-0.15141601912645003,-0.08703137523866275
1779,37,3,5,-1.66788794265551,-3.0949312959202873,-2.0356070618905431
1780,37,4,6,1.0731260842393633,1.1531721738222109,1.8468125757622789
1781,37,5,7,2.3042520532288715,3.281356068200517,3.6153889323475905
1782,37,6,8,0.88251871477936794,1.0794806877290841,1.6699622585182854
1783,37,7,9,0.66537219477250253,2.1254291164799155,1.4109571305086739
1784,37,8,10,0.53487036850934055,1.2712978357528768,1.273254573740247
1785,37,9,11,-0.43528830891524795,0.0472424473274662,-0.03996757465417683
1786,37,10,12,0.14852844359890266,0.59169005001628805,0.8223758788656339
1787,37,11,13,1.2806826035903225,2.692152530792058,2.452391702853622
1788,37,12,14,-0.41772857796103441,-0.67659040623546685,0.11961604868172238
1789,37,13,15,-0.038469050750872869,1.6602840353118362,0.69557938677594833
1790,37,14,16,0.035449906908076201,1.1816584850693523,0.84406592749847731
1791,37,15,17,0.025295710779869196,1.7750494279878679,0.87485005291898743
1792,37,16,18,-0.79123867881294019,-1.8253214404645031,-0.22329809251094579
1793,37,17,19,0.90136690337192915,2.8816370388126851,2.1913497225478711
1794,37,18,20,0.47020858103098451,2.0928169376741459,1.6327280712705488
1795,37,19,21,-0.10566139293311561,0.50380748855822777,0.8715101077208085
1796,37,20,22,0.67378093154159957,2.4139845030076854,2.0077293619854095
1797,37,21,23,1.6308504573738249,4.1741818391815535,3.3926266981505249
1798,37,22,24,0.084733133015090029,1.4407485441369727,1.2730624440482965
1799,37,23,25,1.0269114694347103,3.7210014456372704,2.637112115035765
1800,37,24,26,-0.055551434289910384,1.8428105545043727,1.1666640498212959
1801,37,25,27,1.889770110188395,3.8396916959718377,3.9351142120909235
1802,37,26,28,-0.32571362498938206,0.36333445038710976,0.87843698284203553
1803,37,27,29,1.9873128146789489,3.4726039814514902,4.1616739983776991
1804,37,28,30,1.4000667820235819,3.971420260752283,3.3845295526601848
1805,37,29,31,-0.078252373566063127,2.1385112470230405,1.359882734834682
1806,37,30,32,0.94870532150679421,3.3539343606196952,2.8426235079366826
1807,37,31,33,0.63318550544894636,2.8064290636066538,2.4458957654556954
1808,37,32,34,0.41954282688796485,1.981449374700067,2.1917960154703211
1809,37,33,35,-0.6690347722058495,0.8339319059253929,0.71278737673898096
1810,37,34,36,0.3316241122292134,2.218030645388493,2.158709814948069
1811,37,35,37,-0.24494609789662203,1.3271234041739215,1.3965115207718994
1812,37,36,38,0.27806580954373972,2.2182397900847555,2.1737281911884061
1813,37,37,39,1.5472300561818293,3.796314964585382,3.9955581364817312
1814,37,38,40,1.5706903123141047,3.4467741959213187,4.073402495066917
1815,37,39,41,1.0335420863058051,3.7359618405105883,3.3663949786552974
1816,37,40,42,1.0144068645679916,3.6086784722007241,3.3846056682223584
1817,37,41,43,1.269264526428924,3.4621632778775924,3.7864063948276643
1818,37,42,44,-0.18769278192035721,1.23585557477909,1.7916661631386701
1819,37,43,45,2.7256320080604195,6.3928723204028035,5.9153208691117571
1820,37,44,46,1.0074772093746849,3.4177871370858068,3.554904150951729
1821,37,45,47,0.76970442433119168,3.2163889705075208,3.2670222518908387
1822,37,46,48,0.27397011258491633,3.1623803980110781,2.6179942154460529
1823,37,47,49,-0.45750762630367181,1.5603869831315276,1.6389253810020297
1824,38,0,2,0.68761423850989878,3.2977049857684904,3.9911030615261183
1825,38,1,3,-0.0081409425193933703,3.1484883631465048,3.0620458080851094
1826,38,2,4,-0.26510219740538277,2.3446474196359799,2.7473000512447241
1827,38,3,5,0.58532387769693295,4.9174738246561809,3.9828965563879661
1828,38,4,6,0.66212936289661717,4.6887678327054978,4.1354242356675242
1829,38,5,7,0.65912526602632249,4.0778324335522331,4.176218500049111
1830,38,6,8,1.1147207008462072,4.5946314251443745,4.8590521087969503
1831,38,7,9,-1.6612369109058989,0.83996542388567652,1.0177114523440016
1832,38,8,10,0.65895318954214543,4.3822367088929921,4.3109775929712635
1833,38,9,11,-0.77410244929959071,2.8641294095971004,2.3496996985928331
1834,38,10,12,1.772670018787851,5.5000553118108542,5.9601811539152516
1835,38,11,13,-0.27482127827682984,3.3145790381203382,3.1386933380246984
1836,38,12,14,0.030249783167856176,4.1734342434076019,3.6107928240472589
1837,38,13,15,-0.62456952964130918,3.0353926896101258,2.7390457861144273
1838,38,14,16,-1.9833699041169135,0.96283701783651821,0.88172526184858147
1839,38,15,17,0.84066052515953993,4.2815992011532638,4.8803678628356151
1840,38,16,18,1.2860617833108761,5.2607821340549599,5.5489296242474859
1841,38,17,19,0.64608684450788212,4.8004074212479999,4.6979647099232951
1842,38,18,20,0.20373015026390853,3.5119578475607387,4.1236653379817323
1843,38,19,21,0.71552702612886954,5.1005832553025812,4.8851809641926778
1844,38,20,22,-0.4118038720059643,3.1122445180566425,3.3519177068039099
1845,38,21,23,-0.57730238909980036,3.5556360458046248,3.1652197828725392
1846,38,22,24,0.78607331701724426,5.6624029782227954,5.1189457714364028
1847,38,23,25,0.3897042997195887,3.4597186914427391,4.609029147219684
1848,38,24,26,0.47254671540259574,4.6538774606573021,4.770008529175894
1849,38,25,27,1.7022579410202578,6.5152103735642619,6.5366042450406212
1850,38,26,28,2.0294869112541365,7.826334176673722,7.0397248033680508
1851,38,27,29,0.32000041165166382,4.6401661792250719,4.6914437039245893
1852,38,28,30,1.3748754968000561,6.7867218784608259,6.2132688231323385
1853,38,29,31,0.4743981815377758,4.7373042014475848,4.9976005817651465
1854,38,30,32,-1.162529299523223,3.3099172944190145,2.7509021082797478
1855,38,31,33,-0.51865931804606424,2.9766565195870101,3.6973200823477703
1856,38,32,34,0.36419740367616965,5.7440982791243593,4.9783194927588976
1857,38,33,35,1.4104971018875974,5.8295205562860311,6.4881390702548956
1858,38,34,36,1.6608279455898645,7.6535888944369663,6.883602251438071
1859,38,35,37,1.5079102824063471,6.9787345008410666,6.7145175229811462
1860,38,36,38,-0.56649286989686165,4.2809779347473071,3.8553531097566536
1861,38,37,39,1.0002912953014715,6.0639311961477693,6.0938509410343196
1862,38,38,40,2.2323963891493426,7.6131262972516742,7.8637980724213401
1863,38,39,41,0.47200747563902967,5.6509844756380341,5.4442535935069021
1864,38,40,42,1.3246469685491178,5.5178329544373366,6.682948883581024
1865,38,41,43,1.2546230714983047,7.523252758766783,6.6299154277098866
1866,38,42,44,1.1267636158936851,6.7240198060894754,6.4959121898634189
1867,38,43,45,1.9340544870561716,7.5487278579807411,7.6711194094908999
1868,38,44,46,-0.065375575599959657,4.8789860626666854,4.916917321772317
1869,38,45,47,0.76227249227951221,5.8094963795919492,6.1206246168035765
1870,38,46,48,1.602446067943883,6.3911698325369795,7.3418676227336963
1871,38,47,49,0.23957053106950754,5.5318227833882343,5.4788418711095703
1872,39,0,2,-0.9682360291176656,0.68962995904878499,0.92555313984967591
1873,39,1,3,0.73893395207410939,3.2961502066426198,3.360591113518161
1874,39,2,4,0.99221802260644476,3.4912362168211857,3.7601888122634302
1875,39,3,5,0.35670342053493076,2.1915287818434774,2.9154683693633112
1876,39,4,6,-1.102810038695899,0.91859238770898066,0.91714952644014902
1877,39,5,7,-1.1572814058123588,0.97243830808991516,0.88588961247710529
1878,39,6,8,0.85599756186031539,4.7055332511043559,3.7494801672188491
1879,39,7,9,-0.011393253282928811,2.5708266361195289,2.5801330260183075
1880,39,8,10,-0.14884723103529424,2.4308036069054295,2.4326974571649957
1881,39,9,11,1.1425745045237401,3.5652796666100204,4.2856878869476445
1882,39,10,12,-0.97368289598891156,0.79263267910812452,1.3679275262299315
1883,39,11,13,0.84686086967348029,3.927037812276462,3.9616887981572804
1884,39,12,14,0.91911111214359931,3.6668198849412534,4.1078391376154464
1885,39,13,15,1.3383125161817575,4.7027720015009908,4.7397211032688684
1886,39,14,16,-0.69031611803910053,2.1029656518526547,1.9446410153596672
1887,39,15,17,0.40157351057004542,3.7273368760874246,3.5182864954124713
1888,39,16,18,-0.91779262570777953,2.4535277497645707,1.7161739046235163
1889,39,17,19,2.6085471736983528,6.1289615473214276,6.6980496237921017
1890,39,18,20,-0.57342534307084003,2.3302570028750424,2.2882881003152313
1891,39,19,21,0.30925580064468772,3.526193889250187,3.5690417015169706
1892,39,20,22,2.2823204936421537,7.6851221888413326,6.376332271713423
1893,39,21,23,1.0666483459028375,4.3643804808585207,4.7193912648783805
1894,39,22,24,-0.76794964725868542,2.0717756781767944,2.1959540744522483
1895,39,23,25,0.50747640675045891,3.5802128448611832,4.0265505500650507
1896,39,24,26,1.6193097993523016,6.0450126219401596,5.6281172997076299
1897,39,25,27,-0.11427395159124237,3.6458612334892488,3.2461000483866687
1898,39,26,28,2.1323194223177353,6.1407461742770115,6.4363307718592369
1899,39,27,29,2.1751461192790909,5.650032520247164,6.5412881476051341
1900,39,28,30,-0.48580113559713706,3.0990135310852622,2.8609619907784158
1901,39,29,31,-0.45408830985822973,2.4113358701640637,2.950359946812886
1902,39,30,32,-0.63386999228994578,3.1503171487377286,2.7436655914084835
1903,39,31,33,-0.5597628060462202,2.4957911769393064,2.8924156521496993
1904,39,32,34,1.3132560752670834,4.8789697474335796,5.5596420859883242
1905,39,33,35,2.5016644840892313,6.8520932564278407,7.268413858339331
1906,39,34,36,1.1491698136236126,5.7722437626636385,5.4199213196874654
1907,39,35,37,0.29604505128513114,5.407599378492324,4.2705466524135911
1908,39,36,38,0.38560492954883596,4.3655764080727444,4.440930481982778
1909,39,37,39,1.8493387200818456,6.6948719545180575,6.5351577887289913
1910,39,38,40,0.36135233740697165,4.8516543388602527,4.4969768529841678
1911,39,39,41,-0.66850034761159205,2.227405839376897,3.1001830939581785
1912,39,40,42,0.18646969561991833,3.975745682489725,4.3421411544822934
1913,39,41,43,0.82335136071028403,4.6523003513013386,5.2787754856088052
1914,39,42,44,0.019112035220861356,3.4243569718849987,4.1978404299236134
1915,39,43,45,0.21565812596572131,4.3561711529583338,4.5180049569664176
1916,39,44,46,-0.086348541639261533,4.536592419813684,4.1401956223194416
1917,39,45,47,-0.1664843616726519,4.471737216081312,4.0730054742726951
1918,39,46,48,1.9073748457252111,6.7879940273731627,7.0214083646297034
1919,39,47,49,0.99276785167262582,5.8277563562074981,5.7859585729560834
1920,40,0,2,-1.0227910873960555,-1.2159308395845787,-1.2707766665527465
1921,40,1,3,1.0829090919749262,1.6383957301261229,1.7222035845666279
1922,40,2,4,1.0659537781683408,1.6623240152019456,1.7434661452374083
1923,40,3,5,-0.73972488323286256,-1.0415015751995786,-0.73948398072427635
1924,40,4,6,-0.73606101806294189,-0.40605911892292418,-0.6893545694863874
1925,40,5,7,0.31700039436292615,1.3179929362990126,0.82993140790982778
1926,40,6,8,1.4403766436993866,2.1389589842769423,2.4476581569808724
1927,40,7,9,-0.49758137445654682,0.57756966977581969,-0.22048306843743409
1928,40,8,10,0.69684408311179125,2.0324190217687308,1.4967125721582386
1929,40,9,11,1.4915365247074899,3.2973972377603644,2.6542819903922172
1930,40,10,12,0.68754422671812432,1.410206904537928,1.5736927732071051
1931,40,11,13,0.51736001740104021,1.2103978692192736,1.3804348801631874
1932,40,12,14,1.1322157930516437,1.8010363787816275,2.2862329660740324
1933,40,13,15,0.18833345495240469,0.70068078266921607,1.009797692735098
1934,40,14,16,2.445450867449765,3.9235948356952592,4.2147620702314024
1935,40,15,17,-0.61239716556032642,-0.18968557704598854,-0.021225175982725886
1936,40,16,18,-0.60708674215106639,1.051444344465845,0.031209416790238365
1937,40,17,19,1.262597693747094,2.6151715209890591,2.6937676270476629
1938,40,18,20,0.45678470742851301,1.8795977155548647,1.6106294462016493
1939,40,19,21,-0.052719368573094005,1.3304174179277086,0.94232373979939954
1940,40,20,22,-1.2537062948813404,-1.2727378883553189,-0.69405795703214523
1941,40,21,23,0.64650692482026195,2.6577523187984915,2.0112405505500979
1942,40,22,24,-1.1365898278212558,-0.55741198140040038,-0.44009490314802679
1943,40,23,25,-0.17589467313577922,0.95210180477711381,0.9498783134116402
1944,40,24,26,1.1648576414150971,3.5117374097793994,2.8719315537828671
1945,40,25,27,-0.55981242672770792,0.53530122912729017,0.50239345838294014
1946,40,26,28,1.6958593868971876,4.2754651940701311,3.7053339974577937
1947,40,27,29,1.9731479986904992,3.6953479034586492,4.1385380539684302
1948,40,28,30,0.80458934656991321,1.8712508396534524,2.5475559409996098
1949,40,29,31,1.5561315416639978,3.0863883842897115,3.6447150141313287
1950,40,30,32,0.0078404557659551011,1.1274163952697434,1.5221074938740682
1951,40,31,33,-0.25665336799415184,1.0907292118387684,1.1968161406099187
1952,40,32,34,0.25458045096904863,1.8906677145280504,1.9575434871583992
1953,40,33,35,1.0140363920346891,2.9618425963063513,3.065781804650296
1954,40,34,36,-0.74289072292031744,0.9862741345922641,0.65108384371328687
1955,40,35,37,1.66723363029775,3.9216699667205224,4.0702579382185808
1956,40,36,38,-0.24180874226858984,1.525991196539537,1.4425986166257054
1957,40,37,39,-0.85374864493071678,0.93335683177575945,0.63088275289872797
1958,40,38,40,1.3047873827502854,4.0205148950268192,3.6978331916521303
1959,40,39,41,0.75348383849260081,2.9411939177544424,2.9710082296913725
1960,40,40,42,1.0951812328829087,3.9617583124314231,3.4943845818378034
1961,40,41,43,0.8165220335969825,3.0756922334917904,3.1492617028375065
1962,40,42,44,1.8735298822215811,4.7329750148218785,4.6740726909119443
1963,40,43,45,0.80918993483658741,2.5789059360876574,3.2289967645729538
1964,40,44,46,0.26916173648282682,2.1219473450125745,2.5179572868776887
1965,40,45,47,1.4567658339608118,4.0451096112783098,4.225603023346868
1966,40,46,48,0.47069662493165576,2.6805223889578431,2.8901061307060489
1967,40,47,49,0.28978637077737979,2.8178410549155419,2.6818317748900626
1968,41,0,2,0.87551578077162506,5.2282100052685809,5.4674264346242172
1969,41,1,3,1.8228746278916443,6.7896605107342323,6.8387288205922436
1970,41,2,4,0.88339262357122894,5.5442542873404106,5.5684540145436623
1971,41,3,5,0.76141056905368598,6.4641055721586556,5.442679138219102
1972,41,4,6,-1.4746065423878583,2.2585287897528765,2.3572551822009404
1973,41,5,7,0.50286256778313199,4.812767093408028,5.1707119364403269
1974,41,6,8,-0.47165627713876368,3.8726874514168994,3.8513855535496728
1975,41,7,9,0.031809687441150647,4.484122268105982,4.601237903961553
1976,41,8,10,0.27900678931800171,5.572622000654218,4.9923138465891448
1977,41,9,11,1.43018444711311,6.8677108812770218,6.6489625675022959
1978,41,10,12,0.85448069195373977,5.8358777945584457,5.8879773102791777
1979,41,11,13,0.95723776782418368,6.1314941669309819,6.0768372164977995
1980,41,12,14,-0.68181941676441027,3.6359937870991512,3.8271571580737676
1981,41,13,15,-0.6983230853691933,3.8444755678383111,3.8490520220270712
1982,41,14,16,-0.50988939709616232,4.0159900168934728,4.1578591856093148
1983,41,15,17,-1.0140559303088557,3.2171574077310936,3.4970260391115442
1984,41,16,18,0.55038907672060522,5.1386688620030077,5.7322490489527889
1985,41,17,19,-0.7313309126862324,4.3306313848286111,3.982841063783217
1986,41,18,20,0.17390076276341954,4.6506532490931489,5.2951654094127294
1987,41,19,21,0.47933296535082048,6.052957323775801,5.7677704930350906
1988,41,20,22,0.41942665743421736,5.1192927718317351,5.7289016619518467
1989,41,21,23,0.21957590708823979,5.1435788342373847,5.4941106114674785
1990,41,22,24,0.91884667162947353,7.1776655591157397,6.518089681825205
1991,41,23,25,0.15201508173338149,4.7878634452797986,5.4895254559706768
1992,41,24,26,0.74354499739827862,6.513669314275119,6.3626673379015317
1993,41,25,27,-0.68091330912807591,4.9018775176573781,4.4134257087646356
1994,41,26,28,0.049599694913936676,5.0212046175462737,5.4811439144234537
1995,41,27,29,-1.3738816857239176,4.4465939078384729,3.5332699815304576
1996,41,28,30,0.38891187555359052,6.2689584755233172,6.0461809673189686
1997,41,29,31,1.1167986439397,7.6842046735170086,7.1102224430595218
1998,41,30,32,2.0661431703360833,8.550386656084255,8.4843047800144582
1999,41,31,33,-0.011257515631671267,6.2121110676996087,5.6209438196596029
2000,41,32,34,3.4302118968553064,11.26607942870965,10.48400099714137
2001,41,33,35,0.73247486341441204,6.9513605089081807,6.7521691503241179
2002,41,34,36,0.68373706393123668,6.7811187581938075,6.7289362310476735
2003,41,35,37,0.53584810054380205,6.22745697882642,6.5668916823052648
2004,41,36,38,-0.35316372209967439,4.6982231302139565,5.3672751306043978
2005,41,37,39,1.1333514335046577,8.4948706738041064,7.4933963484504629
2006,41,38,40,0.4524915571858944,6.9789021547085257,6.5851925216041938
2007,41,39,41,0.93082107938146486,6.9830037689977882,7.2998538526779928
2008,41,40,42,0.98960040324888077,7.3641853020682557,7.4271449060923747
2009,41,41,43,1.9953936688835783,8.7740977411809862,8.8802554779809526
2010,41,42,44,0.63390103035450418,7.7593212261610365,7.0191657840402479
2011,41,43,45,0.0094091625571673942,6.4703905376732305,6.1898771691239753
2012,41,44,46,0.052029931264515383,6.1055827015579638,6.2945462453142635
2013,41,45,47,0.89232206115167201,7.1562454810629497,7.5159552271562831
2014,41,46,48,1.0064541182263118,8.1297512325859014,7.7207401070607791
2015,41,47,49,0.83793514304694805,7.9413087338523107,7.5298135418096699
2016,42,0,2,-1.6220069652749742,0.84930103327284168,0.75137397703518194
2017,42,1,3,0.39077651922741147,3.2759608504038678,3.6142708553385221
2018,42,2,4,1.3085518113553556,4.3508126108447343,4.9441562643176429
2019,42,3,5,-0.90390676478284493,1.7962849125141407,1.891714257724163
2020,42,4,6,0.92764058569697783,4.1709354341068376,4.500880548395914
2021,42,5,7,0.73122249812139162,4.3880392302983733,4.2708952257900936
2022,42,6,8,0.99351293198312873,4.2709689134041309,4.6831018331965257
2023,42,7,9,1.4576515532413996,5.3416392484208703,5.3778959029581053
2024,42,8,10,0.34609408178077461,4.4156822712698824,3.8667154429132302
2025,42,9,11,0.40904899093137398,4.468690016306498,3.9998523157240693
2026,42,10,12,0.65844463556238297,3.8249910628701556,4.3940062182074824
2027,42,11,13,-0.10936942155586515,3.3156801670469167,3.3640665382419348
2028,42,12,14,0.3694580204568686,3.8280659568852999,4.0794249570597616
2029,42,13,15,-1.4078422847826213,1.6956356199480336,1.6362045297244761
2030,42,14,16,0.84614703745415554,4.885589554285807,4.8367895808559629
2031,42,15,17,0.37413337975537841,3.9674939684720827,4.220970460077675
2032,42,16,18,0.47380337626862201,4.2023971734291026,4.405508455196216
2033,42,17,19,-0.11078095877843147,3.7660716452715843,3.6320903861303422
2034,42,18,20,-0.061542692337490712,3.6915197140341123,3.7460239591476587
2035,42,19,21,-0.20342247344004871,4.0887405826529211,3.5923922656040777
2036,42,20,22,1.6174693925603383,6.5660929262716863,6.1866408780046189
2037,42,21,23,0.80925445921972727,5.6138519687983397,5.1001399713277644
2038,42,22,24,-0.061502001857068944,3.2788714878532432,3.9260809258202496
2039,42,23,25,1.1308609414388742,6.0883687081423288,5.6403890464345698
2040,42,24,26,-0.50128182807165778,3.685963245417045,3.4003891691198254
2041,42,25,27,3.603089269235614,9.0440917111577654,9.1915087053500049
2042,42,26,28,1.1341881310410695,5.9910960176452921,5.7800471118776429
2043,42,27,29,0.46640568646245151,4.5065092047723114,4.8901516894675776
2044,42,28,30,0.31183129570543056,4.3013635820949991,4.7187475424077485
2045,42,29,31,0.61961620628905811,4.5273427408029256,5.1946464172248268
2046,42,30,32,-1.3556187703250586,2.1268932285289712,2.4743174499650635
2047,42,31,33,1.0860503926105194,6.7917300932731957,5.9376542780748736
2048,42,32,34,0.65015091395803959,5.8970104578759388,5.3723950079614013
2049,42,33,35,0.34564989566582638,5.0649615865195576,4.9910935823523026
2050,42,34,36,0.72234514810896933,5.6190922827322494,5.5634669357727029
2051,42,35,37,-0.02201271919326131,4.4832400597090478,4.56636592154958
2052,42,36,38,1.7024517983721743,7.8038683350022815,7.0256162461411895
2053,42,37,39,0.17098486483652109,4.3718338387072073,4.9265625391912753
2054,42,38,40,-0.038155544938111463,4.7239964311281781,4.6787659655067895
2055,42,39,41,2.4162841565444522,8.2442343806737384,8.1599815475823796
2056,42,40,42,0.49831780784768109,5.5029084976579075,5.5198286594068993
2057,42,41,43,1.9663263439759031,8.7088606830253834,7.6200406099864102
2058,42,42,44,0.59099213462973488,5.4545540260345859,5.7395727169017743
2059,42,43,45,0.74629531147508377,6.265208612886334,6.0019971644852621
2060,42,44,46,-0.31389884537461499,4.8381136490950958,4.5627253448956848
2061,42,45,47,0.58855212350691355,5.3429898633182296,5.8711567013298254
2062,42,46,48,0.2324347709639058,5.3533096428605083,5.4175924077696145
2063,42,47,49,-0.60188537708417023,3.7607668476037688,4.2945442005023073
2064,43,0,2,0.60853963061976002,0.99026752114953354,2.532487568530442
2065,43,1,3,1.0175470939487576,3.2366318441929498,3.1500980171910387
2066,43,2,4,0.50866512507221573,3.0331736195100278,2.4826632607638799
2067,43,3,5,0.0073543873367590551,1.4868205414537128,1.8258282279342406
2068,43,4,6,-0.42416283879646877,1.386228223359615,1.2667041113477218
2069,43,5,7,0.63742217328221895,2.8200978447781537,2.7979231282578847
2070,43,6,8,0.88291435897608006,3.1031701583799136,3.1866121882292902
2071,43,7,9,-0.83159662571012305,0.39058075171091305,0.83129680966860597
2072,43,8,10,-1.1745347322445716,-0.12563898790668765,0.39618346052037795
2073,43,9,11,2.1262566284647759,5.8287275937283534,5.0622913655134649
2074,43,10,12,-0.93687418165089442,-0.030960461823225205,0.81890823135152591
2075,43,11,13,-0.30693902965213071,1.4883289041539833,1.7458174441497953
2076,43,12,14,0.21830000614083217,3.4095233820409536,2.5261520942599431
2077,43,13,15,1.2735089941636315,4.0788805203851553,4.0484446774918617
2078,43,14,16,0.11628016555327743,2.2285197355291455,2.4733243174373665
2079,43,15,17,0.72970963647898723,3.6248993231331168,3.3771255767333601
2080,43,16,18,-2.2560163958846253,-1.2434682828430774,-0.7578908685756971
2081,43,17,19,0.53285708656743869,3.4377478127998256,3.1915320068571926
2082,43,18,20,-0.72868162194743114,1.28052861673119,1.4703778149363744
2083,43,19,21,0.56378539817800288,3.4838653439633034,3.324831643111982
2084,43,20,22,0.29957763165340512,3.3203084537885137,2.9999407699775453
2085,43,21,23,0.25696574105183151,2.2786069309514829,2.985284123135342
2086,43,22,24,2.1126961330470353,5.5243744299875823,5.6283066719286277
2087,43,23,25,0.16205058766176939,3.6698904603441505,2.9424029083892549
2088,43,24,26,-0.50260294329338184,1.4899870244304796,2.0568879650520437
2089,43,25,27,1.1355137912471773,4.5683108360704106,4.3952513934088255
2090,43,26,28,0.15334734624534246,2.7022742829062492,3.0652183704062574
2091,43,27,29,1.5650400730128289,5.8951932148635375,5.0865881878807375
2092,43,28,30,1.2698540546548138,5.7388675760412298,4.7183277621795172
2093,43,29,31,0.91506205606879654,3.6917483245450846,4.2666189641590933
2094,43,30,32,0.60853812209869751,4.1893673062424561,3.8824854566009543
2095,43,31,33,1.8456845028464359,5.244386352190153,5.6594903896477895
2096,43,32,34,-0.48226960648146466,1.2580315930958199,2.4453546365887275
2097,43,33,35,0.30350889631615546,3.4723579121565038,3.5904445405053957
2098,43,34,36,-0.47892673139987074,2.9689212094379389,2.5400346617029594
2099,43,35,37,3.8105200703842272,8.4894437049431417,8.5902601842006963
2100,43,36,38,0.45596251967931695,3.9603349379891086,3.938879613213822
2101,43,37,39,0.19640685057382218,3.5767459552826653,3.6205016764661293
2102,43,38,40,-0.78804599782085838,2.0979786232846642,2.2872676887135763
2103,43,39,41,-0.44924237751239682,2.8177203182476935,2.8065927571454226
2104,43,40,42,1.3268360901870706,4.7313361753764047,5.3381026119246773
2105,43,41,43,0.67462745985903727,5.3573051704468835,4.47001052946543
2106,43,42,44,0.16544406205305906,3.7713205802321057,3.8021537725370607
2107,43,43,45,2.3185162549970575,7.2964269168236147,6.8614548426586586
2108,43,44,46,2.7964333010135274,7.279064690688597,7.5755387070817157
2109,43,45,47,2.0581743447936409,6.8516902524481313,6.5869761683738748
2110,43,46,48,0.25611009729125461,4.2104879688833163,4.109086221870534
2111,43,47,49,0.66331481523812308,4.0370129957464318,4.72417282699615
2112,44,0,2,1.7166648718072282,3.5147555145391456,3.5384134197305652
2113,44,1,3,0.18046910403051897,2.4070502946524686,1.4327393448431727
2114,44,2,4,-0.11785096959561248,1.4577189906431043,1.0600912417665886
2115,44,3,5,0.34527402730161971,2.0387286601091335,1.7534662374227135
2116,44,4,6,0.43877958689658297,1.6548181527506749,1.9293740208556622
2117,44,5,7,-0.77662517378930107,0.55315699737654811,0.2728073558954246
2118,44,6,8,-0.88919737299782009,0.40401910345529968,0.16020627700349799
2119,44,7,9,1.3623277636234872,4.2449839517368293,3.357341468273328
2120,44,8,10,-0.63809166208914136,0.40154454357551583,0.60175427227564826
2121,44,9,11,1.0820545988167571,2.8954594983695232,3.0549590375439055
2122,44,10,12,0.91541467683105415,2.5765106434590019,2.8666631467639219
2123,44,11,13,-0.23967810777701681,1.8827825138254002,1.2945332483126224
2124,44,12,14,-0.66043703460173053,0.43278032101609193,0.7504707507580235
2125,44,13,15,0.6764001215929254,2.7812087254789657,2.6670427694305419
2126,44,14,16,1.3315144267060168,3.9667534540897647,3.6292027965888698
2127,44,15,17,2.0962466212493553,3.9777370739612832,4.7448278689495433
2128,44,16,18,0.20349799752767495,1.4435036435859907,2.1399797957391908
2129,44,17,19,0.21321757999573807,2.1366715311464319,2.1985872111944791
2130,44,18,20,-0.30432935533782646,1.2310035696336465,1.5190215017274888
2131,44,19,21,1.7308083685447708,3.7070326044310198,4.4132143151631258
2132,44,20,22,0.19372143125370439,1.9901444236794741,2.3062926029556321
2133,44,21,23,0.29413147305845738,1.936240850488002,2.4918666614822866
2134,44,22,24,0.013206983934804906,1.7749061624498221,2.143572376709173
2135,44,23,25,0.64671733154356192,3.4739719704815237,3.0754868633614327
2136,44,24,26,1.2050716255979341,3.4094789672841603,3.9021828750375542
2137,44,25,27,-0.23449934409150208,2.0768073687360737,1.9317835174723432
2138,44,26,28,-0.51219455223748822,1.6020372283170192,1.5880102260679625
2139,44,27,29,0.20780319648093165,2.85484324560188,2.6410070742737499
2140,44,28,30,0.62571495079743955,3.2058482201259553,3.2710835303168615
2141,44,29,31,2.5260650643306679,5.3580862880388391,5.9765736892633807
2142,44,30,32,1.1358509064739757,3.3338243290134386,4.0752738682640119
2143,44,31,33,2.1046632995172336,4.6302014424585005,5.4766112185245728
2144,44,32,34,0.79041457693314054,3.4201137113654418,3.681663006906843
2145,44,33,35,-0.13395744628385975,2.2011460485332859,2.432542174403042
2146,44,34,36,0.72995335686235452,3.9013884208214353,3.687017298807743
2147,44,35,37,0.90950534107429659,4.1589629647452062,3.9833900767044614
2148,44,36,38,1.5111226963901845,4.8514810057987674,4.8706543741467039
2149,44,37,39,-0.55313347751346864,2.0876302113332854,2.0256957306815897
2150,44,38,40,0.31960282134109141,3.0011698773986191,3.2925265490779738
2151,44,39,41,1.0311595456495981,4.9844726403896029,4.3337059631098835
2152,44,40,42,1.2795937206095562,4.893834102024412,4.7265138080538245
2153,44,41,43,0.53696638516299744,3.1164071601715904,3.7318355384286424
2154,44,42,44,-1.2912214758696323,0.90407207739640461,1.2173725329829608
2155,44,43,45,0.68432673820327983,4.6621999951318864,4.0281400326850374
2156,44,44,46,1.5919624517772899,4.9981304376864584,5.3438300316886522
2157,44,45,47,-1.0056183655863351,1.1916966684009442,1.7522168873795769
2158,44,46,48,1.677493392420278,5.7540316584782918,5.5535733485888361
2159,44,47,49,1.2116334942582956,4.6421974379067574,4.9463694911620593
2160,45,0,2,2.2170230097749317,5.0513975737290062,4.3517147983960047
2161,45,1,3,-0.43400793116233222,1.1137609816521428,0.68527148108383562
2162,45,2,4,0.015264196029128256,1.3535444687597249,1.3592524591518804
2163,45,3,5,-1.1057239540223716,-0.92170280172613561,-0.16513095092021934
2164,45,4,6,-0.80257515674770996,0.061499088163834065,0.30427736526430688
2165,45,5,7,0.68367040011752589,3.2187785180760367,2.4300211448756368
2166,45,6,8,-0.26811700670087368,1.3955474132643855,1.1425187753298776
2167,45,7,9,0.08926653788465376,1.1581103992166135,1.6878557377496159
2168,45,8,10,-0.64283108150804558,1.4614501571042822,0.70791907059983683
2169,45,9,11,-0.55271525055599968,1.0971572475925864,0.87908123393270121
2170,45,10,12,-2.1668937241168673,-1.1219585697156436,-1.3357686290525137
2171,45,11,13,1.4902706038743661,2.7545905158102704,3.8292614301352135
2172,45,12,14,-0.13129014408409095,2.9355694088507454,1.6040763829933735
2173,45,13,15,-0.12587789321253817,2.1867584056018741,1.6566535342135471
2174,45,14,16,-0.30289398274130408,1.3921357745440763,1.4538310088732749
2175,45,15,17,-0.034337816596767323,2.184381267655187,1.8748096414756263
2176,45,16,18,0.11559508470745535,1.7423211220450006,2.1297157033015379
2177,45,17,19,-0.7862534858063871,0.78445275899737887,0.91212770458215875
2178,45,18,20,1.8296885915273831,4.7626484919224268,4.6194466128494369
2179,45,19,21,0.61190113286487358,2.5897314184872799,2.9595441707219234
2180,45,20,22,1.6295893341202474,5.1964989656178009,4.4293076524794461
2181,45,21,23,-1.5915752048191889,0.66187410801970392,-0.03532270203576382
2182,45,22,24,-0.33466491739644155,2.4237043736474426,1.7693517003560824
2183,45,23,25,-0.15404722674848242,2.0539052524854258,2.0672164672632256
2184,45,24,26,0.60308503576835493,3.6114389469904777,3.1722016347867976
2185,45,25,27,1.3245403450392481,3.3680750229249106,4.2272390677660479
2186,45,26,28,2.6897915380540325,5.8733889146761644,6.1835907379867452
2187,45,27,29,0.37716542078209347,2.8866449673647048,2.9909141738060314
2188,45,28,30,2.1743744406234766,6.2526725061405575,5.5520068015839676
2189,45,29,31,1.1840644696786686,5.0069860642106612,4.2105728422612367
2190,45,30,32,1.9117726394335981,5.7126845019309309,5.2743642799181378
2191,45,31,33,2.3483121648525174,6.750839097759,5.9305196155046254
2192,45,32,34,-0.90456006416766011,1.8701197569321564,1.4214984948763765
2193,45,33,35,-0.98443402040647043,0.57432033494396117,1.3546749561420421
2194,45,34,36,-1.5601150881706631,-0.28247475231094732,0.59372146127217229
2195,45,35,37,0.12423350589334542,3.5969267621093861,2.9968094929617841
2196,45,36,38,-0.74210859911845573,0.94313798767678303,1.8289305459452625
2197,45,37,39,1.4483748245087134,5.7197500039706073,4.9406073390232992
2198,45,38,40,0.39393534565558985,3.6760489614473073,3.5093920686289262
2199,45,39,41,1.0258015331586468,3.9928529339254046,4.4390047311332061
2200,45,40,42,-0.23322542725539519,2.9875300914772889,2.721366986553547
2201,45,41,43,-0.20087755286357367,2.2315820756229283,2.8116540107020978
2202,45,42,44,0.96427365707026258,4.6097833555979655,4.4878657046094679
2203,45,43,45,0.35504288645625753,4.2165393391799313,3.6799426257498613
2204,45,44,46,0.38270966528761158,3.5967158806743664,3.7636761161137566
2205,45,45,47,-0.56889510659722065,2.7809709876770614,2.4764294354749916
2206,45,46,48,-1.0809039556769757,2.4315925227677857,1.8046170467633345
2207,45,47,49,0.058014024077133963,3.6627618617992779,3.4441022184190877
2208,46,0,2,-1.8757584141642611,-1.5118758578747094,-2.2981510293033836
2209,46,1,3,0.58061721298864044,0.53492173891363193,1.1857748487106785
2210,46,2,4,0.30470159396113683,0.91442440189174434,0.84449298207217327
2211,46,3,5,-0.77058762841547068,-0.87656379824361319,-0.61591192925507698
2212,46,4,6,0.71853745653395418,0.58206526110248535,1.5138631896741177
2213,46,5,7,-1.810471482950454,-1.9936900594263349,-1.9817493256040533
2214,46,6,8,1.2313291527586463,2.5228309328090837,2.3217715643886869
2215,46,7,9,0.12907052901813243,0.70316362855219394,0.82360949115196735
2216,46,8,10,0.94548859835913057,2.0866828058329236,2.0115947882293645
2217,46,9,11,-1.9844764249977553,-1.7229286309292804,-2.0453562444702755
2218,46,10,12,-1.5953643871584862,-1.1164792279557145,-1.4555993914952985
2219,46,11,13,-1.628764464869964,-1.6326755182345623,-1.4573595002913673
2220,46,12,14,-2.6377413742592721,-2.1629521339975772,-2.8249271734363988
2221,46,13,15,-0.77540642640642266,-0.14269475227238826,-0.17265824644240979
2222,46,14,16,-0.43348742660204431,0.31463190167568034,0.35102835328372006
2223,46,15,17,-0.28156238577193127,-0.44342725866124766,0.60872341044587819
2224,46,16,18,0.18626141567265991,0.46887153635218282,1.3086767324683055
2225,46,17,19,0.84221225916923081,2.9264028991166096,2.2720079133635052
2226,46,18,20,1.3536198986175481,3.3308597755870695,3.032978608591149
2227,46,19,21,-1.6311394855464136,-1.2380312784652667,-1.1006845292383969
2228,46,20,22,1.201128239954081,3.2965852153124122,2.9094902864622951
2229,46,21,23,1.4466494244250185,2.4674995177511314,3.2982199447216081
2230,46,22,24,0.73209177709743667,2.9754450462952402,2.342839238462993
2231,46,23,25,-1.0694526438200205,0.4439374457306664,-0.13432295082144674
2232,46,24,26,-2.4881201489014755,-2.0769876774642984,-2.0754574579354834
2233,46,25,27,-0.20799094394470552,1.7424465189880989,1.1617234290039942
2234,46,26,28,0.32564108190588137,3.3345698831314978,1.9538082651948159
2235,46,27,29,2.3910365286261825,5.2245302093255725,4.8903618906032378
2236,46,28,30,1.2112421982225765,3.4443186696343671,3.2836498280381887
2237,46,29,31,-0.75350051804929619,0.013673167739014946,0.57801002525756728
2238,46,30,32,1.4980214921787889,3.7525982995059688,3.7751408395768866
2239,46,31,33,0.50714443604090587,2.9453197193618479,2.4329129609838502
2240,46,32,34,1.482069136034831,3.3255273561045748,3.842807540975345
2241,46,33,35,0.63512340256251965,2.124842793374675,2.7020835141141091
2242,46,34,36,0.4233900415328512,2.8307032964712979,2.4506568086725737
2243,46,35,37,0.31433957296433501,2.3575235687282947,2.3429861526766507
2244,46,36,38,2.5261957126102645,5.65059467207531,5.4845847481809518
2245,46,37,39,-0.23241982204564915,1.1757709867884156,1.667522999662673
2246,46,38,40,0.54320646868556888,3.2179360080144312,2.7983998066863784
2247,46,39,41,-0.24991871950911759,1.1548050396584513,1.7330245432138172
2248,46,40,42,-0.47012875337401672,2.6708263975533155,1.4697304958029584
2249,46,41,43,0.30555377288143748,3.2506080443850576,2.6006860325605947
2250,46,42,44,-0.21457187093355778,2.6314385810673095,1.917510131219601
2251,46,43,45,0.89205949808004381,4.2644264701507169,3.5117940478386434
2252,46,44,46,0.20346709076653668,3.0147553005983738,2.5927646775997331
2253,46,45,47,0.74460955563686537,3.097134975670556,3.3953641284181932
2254,46,46,48,2.4279259422272119,6.1719097421286904,5.7970070696446783
2255,46,47,49,0.43234700767730938,2.6545158144397347,3.048196561274815
2256,47,0,2,0.49559320066155199,0.44078950199316524,0.9140826436978533
2257,47,1,3,-0.078196645348314553,0.52485640738309414,0.15577685928404011
2258,47,2,4,1.4237835961131711,2.9352206391453168,2.3035491973301196
2259,47,3,5,0.50278296171855186,0.29597774292709289,1.059148309177653
2260,47,4,6,1.9208201044336017,3.2364552635443515,3.089400308978723
2261,47,5,7,-0.17245709522679425,0.047947665570813147,0.20381222945416855
2262,47,6,8,0.45436623707671264,1.1722107675343345,1.1263648946790781
2263,47,7,9,-0.99174275969114234,-0.78077740008162733,-0.85318770079591877
2264,47,8,10,-0.89981677146549288,-0.73559172964516895,-0.67949131728000955
2265,47,9,11,-0.0093077079959590359,1.168751275671954,0.61222137157733791
2266,47,10,12,1.0915570706001454,1.8882722747964886,2.198432061611884
2267,47,11,13,0.18909684214539424,1.8375114690396219,0.97998774177523218
2268,47,12,14,1.2958460000248033,2.1285989671321204,2.574436562806405
2269,47,13,15,-0.2834819267101773,0.6692867388524868,0.40837746537743236
2270,47,14,16,-0.92544647783280998,0.47460950147615966,-0.4453729061942534
2271,47,15,17,1.1868417148887827,1.7598872980494003,2.5568305636159758
2272,47,16,18,-0.44810635163465318,0.47072306509732376,0.31290327048316602
2273,47,17,19,-0.102808632377898,1.4909435781004001,0.84132007744262338
2274,47,18,20,-0.30293048901529063,0.6421673282160173,0.60614947815027354
2275,47,19,21,0.40646585049037876,1.4745608220840629,1.6443043534582107
2276,47,20,22,-0.20532738896471397,0.98367815235691447,0.83279381822108078
2277,47,21,23,-0.25102996923481619,1.5781265728546212,0.81381020584293784
2278,47,22,24,1.8411463969603479,4.1116825454906447,3.7878571185161674
2279,47,23,25,1.2812428440185064,2.701648136005133,3.0489921443975891
2280,47,24,26,1.7601983092807107,4.4410986634287362,3.7645297957646755
2281,47,25,27,0.15351421821994299,2.0656555299867172,1.5601720682796008
2282,47,26,28,-0.20025569865473014,1.8160817348546308,1.1098941846550583
2283,47,27,29,-0.64809312009414688,0.76697207689535174,0.52792179463987488
2284,47,28,30,1.610340394083936,3.5758952989442183,3.734728714489191
2285,47,29,31,-0.46864697439384057,0.30788420865560651,0.86914639862030363
2286,47,30,32,-0.2331196499512691,0.66348371211413448,1.2438846528399037
2287,47,31,33,2.0141616156702717,4.1064500936894737,4.4350784247100608
2288,47,32,34,-0.31152319607045287,1.4051003551296271,1.2241196882730465
2289,47,33,35,0.83229000823427113,2.0706158515071111,2.8704581742996598
2290,47,34,36,-0.25524281699227092,2.0414401626463201,1.3929122189825012
2291,47,35,37,1.8093059518258361,3.5097265008944158,4.3282804953278511
2292,47,36,38,-0.66646812216162399,1.0063589217965554,0.90719679174540668
2293,47,37,39,1.6835570510325284,4.811628401842083,4.2422320342172206
2294,47,38,40,0.77575317384108788,2.7626262581635959,3.0163066061492034
2295,47,39,41,1.4420406756221191,3.613246237875948,3.9941091086426472
2296,47,40,42,-1.1352138887168963,0.22281251118661546,0.43095271856802553
2297,47,41,43,1.6417634828343122,4.3675947082874389,4.3637210387397181
2298,47,42,44,-0.53766239679078576,0.74150194071487663,1.3575248072645805
2299,47,43,45,1.4183794688220832,4.1282899359136822,4.1409834191225965
2300,47,44,46,-1.04170002158066,0.2860663097076272,0.7418721325587565
2301,47,45,47,0.45445410297010225,2.9119827110414156,2.8814879069298236
2302,47,46,48,0.22450146705122292,2.163620631640029,2.6045542166433924
2303,47,47,49,0.70964617603855162,3.9364484234842414,3.3287568092256525
2304,48,0,2,-0.62464037073500434,0.66893618011955036,1.5761820846253833
2305,48,1,3,0.95561237621579831,4.1342502076296004,3.8335359303565069
2306,48,2,4,-1.1261802079903573,0.92127580981590862,0.96402631246788917
2307,48,3,5,-0.91864749747167906,1.1998408219844623,1.2995721071940387
2308,48,4,6,1.9437498795711012,4.6548770115772671,5.3519284350539307
2309,48,5,7,-0.39644500752933476,2.5338907110794833,2.1206555931133209
2310,48,6,8,1.0135111553514098,4.4275422375297291,4.1395942211463632
2311,48,7,9,-2.1847974715644152,-0.95572300546240907,-0.29303785653579167
2312,48,8,10,-0.35033382866146362,3.0997484629778285,2.3202112435283402
2313,48,9,11,0.69664521363883747,3.8353454992426972,3.8309819027487619
2314,48,10,12,-0.39622069859290532,2.3353056144418383,2.3459696256243223
2315,48,11,13,-0.60182518565621512,2.9306552885877575,2.1031233437356884
2316,48,12,14,0.71154221943833362,3.4505010644095733,3.9868377108680564
2317,48,13,15,1.9639534753859906,5.8229214627509442,5.7852134691947761
2318,48,14,16,-0.46406166632039503,2.8438833652377422,2.4309922708058362
2319,48,15,17,3.0325988685644449,6.7870742675770996,7.3713170196446116
2320,48,16,18,0.38882341967105649,4.291426224090829,3.7150313911938682
2321,48,17,19,-1.0581983798244212,1.3604877387351801,1.7342008719001998
2322,48,18,20,1.4766895679974308,4.3188154309254649,5.3280439988507915
2323,48,19,21,-0.44787274092834256,2.5666665516193521,2.6786567663547101
2324,48,20,22,-1.0617403872295281,2.199595377627245,1.8642420615330502
2325,48,21,23,1.2953241299491818,5.6556357217694906,5.2091323855832439
2326,48,22,24,0.87114927903204598,4.1723509635796212,4.6602875942992537
2327,48,23,25,-0.18053958591345276,3.0108433719019372,3.2329231833755552
2328,48,24,26,0.90388011811411362,4.3921229358760554,4.7961107690141489
2329,48,25,27,-0.24182906704008078,3.88115325264102,3.2371179097982763
2330,48,26,28,0.55699980384826131,3.9595720295094461,4.4004783290419551
2331,48,27,29,0.62428209068116947,4.925430479436641,4.5396735306080265
2332,48,28,30,-0.21890873926949533,2.8450259143001952,3.4042063686770963
2333,48,29,31,-0.27097227716248157,2.9956865291264627,3.3763174156269153
2334,48,30,32,-0.33064834526048725,4.1330140550158569,3.3377709202897075
2335,48,31,33,-0.80684263158639469,2.0945430003114875,2.7160989194334371
2336,48,32,34,0.91595281382984195,6.2788434147912415,5.1730125430161689
2337,48,33,35,0.51327461482325676,4.8713894794530939,4.6542630644069494
2338,48,34,36,0.37696947920811913,4.444376448565512,4.5084358745457562
2339,48,35,37,-0.81609314481444228,2.4691875622111565,2.88314820091417
2340,48,36,38,0.36705036363094518,4.673310074535463,4.5845491127377125
2341,48,37,39,-0.19068801114119394,3.9946951038697165,3.8487153880567178
2342,48,38,40,1.3972498945843013,6.0914253510207432,6.1168284560724109
2343,48,39,41,2.7407259118193932,8.2348422810290778,8.0426948802015392
2344,48,40,42,-0.16636357705947979,4.3604778029418529,4.0177695957711173
2345,48,41,43,0.7795796740501082,5.7937929101711223,5.3870901473245407
2346,48,42,44,0.42957215033877827,5.2789665898687685,4.9420796141286791
2347,48,43,45,0.69374609597899617,4.9676240933856217,5.3569231380249835
2348,48,44,46,-0.039435810757981193,5.1154235732482425,4.3754684685932155
2349,48,45,47,0.27405442126152385,4.6060443910506574,4.8593547934205228
2350,48,46,48,0.47560953684974328,4.5505024578255506,5.1865319552440301
2351,48,47,49,-0.25548615296263921,3.4147998597379248,4.2079979895066941
2352,49,0,2,0.25705903697059879,1.5778486787294201,1.7938864518367952
2353,49,1,3,2.6086906207356653,5.2579807546396333,5.1311706691078882
2354,49,2,4,-0.61390116469885381,1.5454057402178787,0.66454216949956169
2355,49,3,5,-0.65584145885238931,1.2645038167143272,0.65082575768461204
2356,49,4,6,0.18036130227094344,1.662913709434374,1.8665096232572778
2357,49,5,7,0.77741935887219438,4.0248551141225501,2.7473909024990291
2358,49,6,8,-1.4396030277792304,-0.0081917026956387917,-0.31144043881296557
2359,49,7,9,-1.2491709570979939,-0.3010638772356492,0.00016446014076570981
2360,49,8,10,-1.5487978700598082,-0.55043232699389355,-0.37431321800577444
2361,49,9,11,1.4517394285969152,4.1733201876572155,3.8714390001136385
2362,49,10,12,-1.030923723779664,0.075908786680395468,0.44071058678642749
2363,49,11,13,1.5115004548151922,4.1020201837386967,4.0451044368192255
2364,49,12,14,0.11030835676993248,2.1811550596787157,2.1284354995558625
2365,49,13,15,0.53757312155102543,1.5870532174399878,2.7716061702493926
2366,49,14,16,0.98816886531608072,3.640786406058067,3.4474402115204694
2367,49,15,17,2.405613910556935,5.341177994292579,5.4768632748576653
2368,49,16,18,1.7809471878892149,5.4528318684991719,4.6473298631228577
2369,49,17,19,-0.17957282860332802,2.1681581907381569,1.9476018400332977
2370,49,18,20,0.18142560816648662,2.7244671929523685,2.4979996515110381
2371,49,19,21,0.985143773023615,4.1028751687286222,3.6682050823110179
2372,49,20,22,-0.17980601350269132,2.3543150051196013,2.0822753811741892
2373,49,21,23,-0.82728501461034409,1.204537110652472,1.2208047796234753
2374,49,22,24,0.60992422903776167,2.9248751357105416,3.2778977207308229
2375,49,23,25,1.3619902130026904,4.9267374551518479,4.3757900982817235
2376,49,24,26,0.69848898616616251,4.1651238516438971,3.4918883807105843
2377,49,25,27,-0.89126600583453808,1.4526575679087388,1.3112313919096037
2378,49,26,28,-0.33120473948591889,2.6492309060039743,2.1403171647976706
2379,49,27,29,0.13346353771885183,2.6749690710494942,2.8358527528843491
2380,49,28,30,1.3937342791897305,4.3111557892293568,4.6452317909435799
2381,49,29,31,-0.58924485924219705,2.6239930226111525,1.9140609971388813
2382,49,30,32,-0.51582178834348202,2.2866473001125924,2.0618532963970821
2383,49,31,33,0.2055897994281346,2.8687882356080152,3.1168295192773452
2384,49,32,34,-0.12884898834996839,3.0395427660362593,2.6936152163880012
2385,49,33,35,-1.0330382958832853,1.6062443481647137,1.4727501858413574
2386,49,34,36,-0.98350351818672466,1.0864983275452444,1.5870988746165424
2387,49,35,37,1.8168235719342842,5.4685181686904683,5.5525568007859549
2388,49,36,38,2.2884937617768237,6.9647704322703987,6.25789506656551
2389,49,37,39,-0.91916380150212817,2.4176295217769774,1.8121744779749775
2390,49,38,40,0.85031540760572022,3.5890886386258631,4.3344453707259651
2391,49,39,41,1.3267050326764882,5.2552515901897765,5.0463908458250408
2392,49,40,42,0.077068519647783496,2.4207160107014771,3.3418997275848534
2393,49,41,43,0.86432737836147933,4.6693327915639831,4.4890621297840276
2394,49,42,44,2.1555502406685307,6.3427383493023148,6.3417741370138998
2395,49,43,45,0.998362675022334,4.3955055983208862,4.7667115451092243
2396,49,44,46,-0.03452986840024086,3.3894235950620315,3.3656619843176196
2397,49,45,47,0.24954891657142686,3.9641346340879817,3.8083722832779543
2398,49,46,48,0.59315011392006711,4.0172002768457391,4.3344139595660511
2399,49,47,49,1.2295014822695081,4.7834972052451779,5.2703058752552678
2400,50,0,2,0.11805177367086728,0.77499854768463061,0.33478993161369397
2401,50,1,3,0.58105728653430166,1.0387770241523966,1.0279976496225021
2402,50,2,4,1.2967267593127703,2.7765494001430784,2.0749349115123579
2403,50,3,5,0.20456654911978239,1.0350229129173352,0.59091061724217497
2404,50,4,6,1.3529858003908226,2.0216671119125271,2.2436975690216312
2405,50,5,7,-1.8401979897510579,-2.9724304865367124,-2.1817597371770012
2406,50,6,8,0.47715129486515928,0.78017095130191461,1.1075292612857024
2407,50,7,9,1.5737492741723116,2.9782195438114814,2.687766432315716
2408,50,8,10,-0.46249439807316894,0.4710067188528948,-0.11797470882795691
2409,50,9,11,-1.0168042504076191,-1.0588628262087756,-0.84900850209618706
2410,50,10,12,1.3056031982916863,2.2022075960053709,2.4473619260828405
2411,50,11,13,1.3052430731759201,2.4222586855002279,2.4918577509207678
2412,50,12,14,-0.86694997077532854,-0.58557356030424401,-0.50421251061098005
2413,50,13,15,0.3498869534471124,0.87217615184749897,1.2443591833004368
2414,50,14,16,1.4540021878626535,3.1967385355096098,2.8351205114821942
2415,50,15,17,0.10601676867941177,0.92221866914023831,0.99294092462565609
2416,50,16,18,0.14679532224934616,0.9648157304539321,1.0950308996235643
2417,50,17,19,-1.0234667752116322,-0.73876452137759607,-0.49833603682180538
2418,50,18,20,1.5960746277131648,3.9609379837489813,3.2140219272729103
2419,50,19,21,-0.12455930860217523,1.1129822230483386,0.85013441643143439
2420,50,20,22,-2.1349575183574365,-2.3675425529153125,-1.9194230772259315
2421,50,21,23,0.65969484685570601,2.2482433729465039,2.038090234072468
2422,50,22,24,-0.82981210601235056,-0.10902940845735103,-0.0022194999428111206
2423,50,23,25,1.2362697524111415,2.9072452744993025,2.9352951018500777
2424,50,24,26,-0.59023058960993868,0.88647997393725608,0.42319462302056565
2425,50,25,27,0.74377629430446157,2.8211800966855511,2.3358042605007259
2426,50,26,28,0.65823399836508045,2.563386555199024,2.2610450461855924
2427,50,27,29,0.53531369955794861,1.8515657363553193,2.1339566278556075
2428,50,28,30,0.93329577749556614,2.8367802030444751,2.7361315369682719
2429,50,29,31,0.013482005730791391,1.6526876114137994,1.4933922564975874
2430,50,30,32,-0.72132410726480023,1.1709148239780931,0.50966369830375924
2431,50,31,33,0.78113755064618229,3.6562241752321034,2.6581100193791349
2432,50,32,34,0.13288120645913681,2.3180823532247512,1.795551137517271
2433,50,33,35,1.7389309294688364,5.0409160526385151,4.0890207497308495
2434,50,34,36,-0.90444832113604678,0.19879695939561984,0.43328979888401431
2435,50,35,37,0.61020749986744749,2.0290438105119128,2.5988079482889059
2436,50,36,38,0.74713159160771325,2.6673667239353591,2.8355016767252783
2437,50,37,39,-0.97008881988145301,0.30307664364942499,0.4763931006404456
2438,50,38,40,-0.89585952432271954,0.5782133549747781,0.62531411442267237
2439,50,39,41,1.8173412936803501,4.6258825889173707,4.4687952596269698
2440,50,40,42,2.0833509801102017,4.9343562031531416,4.8862088206287622
2441,50,41,43,1.3095300141848671,4.5013640035624851,3.8478594683332936
2442,50,42,44,-0.62342759079136367,0.59702352654736923,1.1867188213665705
2443,50,43,45,1.3288585420348371,4.2273361603088029,3.9649194073232517
2444,50,44,46,1.0876542842630657,4.1192203091207782,3.6722334464427715
2445,50,45,47,0.62488403142788829,3.3415629878849509,3.0693550924735233
2446,50,46,48,1.3433164272593583,4.4357848522138195,4.1201604466375805
2447,50,47,49,0.75481349495865424,3.5285475225201393,3.3412563414165954
2448,51,0,2,-0.28654282337414577,1.7737028416481486,2.0970628347869864
2449,51,1,3,0.97154151070388328,4.1808403522010362,3.9033809024962269
2450,51,2,4,1.3457393319025701,4.2335543297182747,4.4722578521743879
2451,51,3,5,-2.3050008116395651,-0.090087886032782616,-0.59377834878460045
2452,51,4,6,-0.62677250627033065,1.2248432446542616,1.8007412787323276
2453,51,5,7,0.46412376301449509,3.3557923977100086,3.3729960557310839
2454,51,6,8,-0.349361880577856,1.5047411646940549,2.279116154701792
2455,51,7,9,1.4087199456513568,4.8051866276401247,4.7854307114226904
2456,51,8,10,-0.54884986493916144,2.21693858360802,2.0898329765959645
2457,51,9,11,-0.82277010488028524,1.3191733367551302,1.7513446406783912
2458,51,10,12,0.88698741464509356,4.5700319302824219,4.1900051680139212
2459,51,11,13,0.67992192282310082,3.6169463595343387,3.945113479463132
2460,51,12,14,-0.17101879769768369,2.4012490282857977,2.7987964707340334
2461,51,13,15,0.4537557723435891,3.0463280940798283,3.7184808687918154
2462,51,14,16,1.5059269276275229,6.041208922382844,5.2365204861893222
2463,51,15,17,-0.67153600086247511,1.4552449191866597,2.2330723863033253
2464,51,16,18,0.11340402491625451,3.2558389178286284,3.3769884223935467
2465,51,17,19,0.88176414368296718,4.8805947607832705,4.4976925886669443
2466,51,18,20,-0.46794849178584219,1.9981229878167772,2.6530948990106116
2467,51,19,21,-0.22297357730833262,3.487451544156718,3.041059779279125
2468,51,20,22,-0.92490335045311922,3.1856951991525797,2.1033580968764234
2469,51,21,23,-0.092433303280729184,3.3934863915569551,3.3138161629177696
2470,51,22,24,-0.96617728403342473,1.9732947038884388,2.135574589863996
2471,51,23,25,-0.25430266760501574,2.5224726949379765,3.1771990528637684
2472,51,24,26,1.7676173232613488,6.9944917354570588,6.0528870400766781
2473,51,25,27,0.99112991618076585,4.8509222684816375,5.0108046701638624
2474,51,26,28,-0.13880103262468202,4.5703394305451406,3.4739013418362354
2475,51,27,29,-0.75735977410539279,2.8740130209633321,2.6529191037632405
2476,51,28,30,0.58793153789040198,4.4774917553607221,4.5813269405573536
2477,51,29,31,1.0712114537370219,4.8515196942771244,5.3029188227426207
2478,51,30,32,-0.12828968130462026,3.5780148177066535,3.6686172336843219
2479,51,31,33,-0.058495363937297373,4.068918298835186,3.8113292779985741
2480,51,32,34,1.4028356960821506,6.1692556754746093,5.9021927620258001
2481,51,33,35,0.83012935959612766,4.3467622734915246,5.145403890945369
2482,51,34,36,1.1370368654572638,5.5193048605609674,5.6200743991509601
2483,51,35,37,-1.5025664097783391,2.3550346388533621,1.9696298138211159
2484,51,36,38,1.0619000004189898,5.1499623476738225,5.6048827880973757
2485,51,37,39,0.11276870711308623,4.5982922589872253,4.3210989774691111
2486,51,38,40,1.3753107611891535,6.2519809223550613,6.1336578531756052
2487,51,39,41,-1.0049274434233879,3.4265025992002149,2.8463243667180471
2488,51,40,42,-0.95732632372655269,2.8984381941949322,2.9579659342936164
2489,51,41,43,-0.14736716109148329,3.8244800333223843,4.1369087619827134
2490,51,42,44,-0.45095153818468037,4.2067196775793683,3.7568906340522377
2491,51,43,45,0.34914138762764857,5.2927069958312885,4.922020730189498
2492,51,44,46,0.72672944407925411,5.2599694505253654,5.4956440092217465
2493,51,45,47,-0.69751735629545319,3.4593310793608603,3.5466984886971558
2494,51,46,48,0.50394014391336206,5.5226681601779157,5.2737389889894972
2495,51,47,49,-0.96901212866565711,2.6353682425883136,3.2566058073788704
2496,52,0,2,0.33711055099533521,3.7713885215275744,3.5070709449945774
2497,52,1,3,-1.2267879668727479,0.59576946308694168,1.362613019979261
2498,52,2,4,0.55039050178777549,3.2385865674247927,3.8956628761039935
2499,52,3,5,-1.3139377815905389,1.6924668391049762,1.3306032793743539
2500,52,4,6,-0.73679212022118024,1.7870536160001924,2.1836072052914557
2501,52,5,7,-0.58053195585831441,1.2883808564721599,2.447371435399468
2502,52,6,8,-1.4007993014742914,0.68189560778409952,1.3439971515371003
2503,52,7,9,0.58620535114913364,3.7400517617412312,4.1708036652098954
2504,52,8,10,0.55943162159303661,4.8548689061816139,4.1783204438313595
2505,52,9,11,0.27111832442522149,4.6718698337717086,3.8196818277964177
2506,52,10,12,-0.25527947999813627,3.3915556350701088,3.1277249016037176
2507,52,11,13,0.70156745455784719,5.0345871034119565,4.5123106099820944
2508,52,12,14,1.5488016630411703,5.4320071227701021,5.7434385018587459
2509,52,13,15,-0.45008850624842717,3.638902843320253,2.9899922648533099
2510,52,14,16,0.6318545580799223,4.4900587200363438,4.5497125549129995
2511,52,15,17,0.23432363832548997,4.4190668450273174,4.0381692672567944
2512,52,16,18,-0.60543336694655403,3.4847092413656102,2.9075094598759321
2513,52,17,19,0.12807615628497129,4.8735652557637552,3.9794227924000678
2514,52,18,20,0.79815004287919489,4.2313424844009866,4.9625262336319809
2515,52,19,21,0.51858217703700071,3.8497030178873559,4.6161312214529087
2516,52,20,22,-0.38127979520508887,3.4881884195790969,3.4013244603139836
2517,52,21,23,-1.9580100275989709,1.0801208868489349,1.2389021349625486
2518,52,22,24,1.6312954317338182,6.3956439041509583,6.3089297780284541
2519,52,23,25,2.3289344773502587,8.1445868672457866,7.3306244418914703
2520,52,24,26,0.84740797114244482,5.0748790900282801,5.301487333200531
2521,52,25,27,0.80104508947385888,4.0788931188104067,5.2815792988645107
2522,52,26,28,-0.72994159598395847,3.1988973413547774,3.1831979392235663
2523,52,27,29,0.80245604019028227,5.6913262393342432,5.3735546298675025
2524,52,28,30,0.83275614649130758,5.6892817088633025,5.4609747786889384
2525,52,29,31,-0.61457034141351796,3.1434785109559691,3.4797176956221829
2526,52,30,32,0.93072291336783075,5.3107407743940547,5.688128252316071
2527,52,31,33,0.22397335152538625,4.9039817780311106,4.7436788657366487
2528,52,32,34,0.49936003782241467,5.1039929005234166,5.1742202265524888
2529,52,33,35,0.23597840464564879,5.3616683273680676,4.8504859401050169
2530,52,34,36,0.29139680746826024,4.9176409997710415,4.9730717040566725
2531,52,35,37,2.7068946730645611,8.5162562603119696,8.3997687158914935
2532,52,36,38,-0.36607249904176153,4.1679318169069433,4.1426146749426422
2533,52,37,39,0.80484235599583986,5.7719089220666557,5.8268954719952841
2534,52,38,40,0.13843458080391363,5.8882630437832004,4.9389245867265874
2535,52,39,41,1.503534246005235,6.875272197110573,6.8950641180084364
2536,52,40,42,1.7777362382640822,7.4464483726482902,7.3239469071708232
2537,52,41,43,0.29796953679189847,4.73200304421791,5.297273525109766
2538,52,42,44,2.9294004359983119,8.5055540459830947,9.0262767839987443
2539,52,43,45,1.6962925577153465,7.4148967036731914,7.3449257544025928
2540,52,44,46,-1.4318093878867895,2.9811896203392956,3.0105830305596029
2541,52,45,47,3.8311651815118886,9.7950927316312093,10.423747427717752
2542,52,46,48,-1.2252668312056734,3.5230259619564825,3.3897426099131653
2543,52,47,49,3.2294949211420891,10.088147020083705,9.6714090632000325
2544,53,0,2,-0.41146412921284026,1.8882795655385884,2.1514079461980811
2545,53,1,3,1.2602529147290309,4.7544227526368585,4.5368118077166999
2546,53,2,4,0.15651985284950748,3.1090908878668948,3.0365855210853678
2547,53,3,5,2.0850275496075219,6.0038205339929807,5.781496296546587
2548,53,4,6,-0.85158898612070222,1.681847116012757,1.7152331465270743
2549,53,5,7,2.0442237999869062,6.2926528269401185,5.8143710470777261
2550,53,6,8,-0.40345112072890721,3.1008696511429159,2.4326261580755872
2551,53,7,9,-0.46113643569071128,3.2948021171530772,2.3968667171290616
2552,53,8,10,-0.11503493938992684,2.3929977621920333,2.9264088119501594
2553,53,9,11,0.82877657502234436,4.9311864463444088,4.2927449321273397
2554,53,10,12,2.0731636253404306,6.7615667178181109,6.07988680257266
2555,53,11,13,-1.1560312078046968,1.6904326953644002,1.6040140361694819
2556,53,12,14,-0.48497046500209234,2.280065434963662,2.5884990760931279
2557,53,13,15,1.0589388007227509,4.844314957558753,4.7949720481079083
2558,53,14,16,1.0585415189282512,4.8615437334306746,4.8394158535956091
2559,53,15,17,0.14509546367049037,3.1780682900942216,3.6055913762347438
2560,53,16,18,1.5585347161583234,5.8685998484324617,5.6294063297177095
2561,53,17,19,0.42581776216516193,4.1959187356351899,4.0886025941272841
2562,53,18,20,-0.28266195128338201,3.4917185118496032,3.1417309952993224
2563,53,19,21,-1.1813651963897347,1.3931768964130757,1.928546452150429
2564,53,20,22,0.015129033653807189,3.0761037032119321,3.6486383742113873
2565,53,21,23,0.64735869289760584,3.9420314254472224,4.5787598971527057
2566,53,22,24,0.3843040595122505,4.2392448699346792,4.2554834104132082
2567,53,23,25,1.6424062460545095,7.0381202789622677,6.0618264715723704
2568,53,24,26,0.85972583173796935,5.210332495190567,5.0110738915292146
2569,53,25,27,-0.49738104593265275,3.1078416724290401,3.1561242627903434
2570,53,26,28,1.2840612936221922,6.0976157479719397,5.6951435381671258
2571,53,27,29,2.2324021003940584,7.0793647088025766,7.0678206676477391
2572,53,28,30,-0.98517907390633752,2.6550890281990176,2.6082070236271848
2573,53,29,31,-0.20097486493720013,3.33647729610139,3.7510929161839774
2574,53,30,32,0.68416201131536714,5.0933009970969465,5.0352845429375712
2575,53,31,33,1.3578968037247345,6.1225506918130836,6.0235132523106856
2576,53,32,34,1.29425053843668,5.7340643004527516,5.9794084809074093
2577,53,33,35,0.48766638466070522,5.0868781239756657,4.895190665621044
2578,53,34,36,1.2299023293779632,6.6991948707698858,5.9793209882252061
2579,53,35,37,0.69379156064678849,5.7218395594158125,5.2737659120015614
2580,53,36,38,-1.3608162101693952,2.6245065981340296,2.4423150328589038
2581,53,37,39,1.1155566792447731,6.7585570569775948,5.9542370780387399
2582,53,38,40,0.1064014996907004,4.8853959059408441,4.5864198266630378
2583,53,39,41,0.12427756058111128,5.184427004747576,4.6564463119096136
2584,53,40,42,-0.5613949900963674,3.987859697679764,3.741504740961143
2585,53,41,43,1.6503312977417239,6.845179254334063,6.8829215439344704
2586,53,42,44,-0.29229378413710161,4.7369618956038764,4.2082464293041149
2587,53,43,45,1.1272366419703195,6.3977601664232528,6.2405890258545043
2588,53,44,46,1.6079653917797945,6.8766703060075143,6.9586092755877704
2589,53,45,47,-0.17312020581167242,5.1430910983805758,4.5100894389597155
2590,53,46,48,-1.121706896184822,2.6115874711406759,3.2270680724373064
2591,53,47,49,1.7700056453982551,7.6541309092070122,7.3204656306536151
2592,54,0,2,-1.4050096289789789,-0.60301341893424565,-0.65833522035512093
2593,54,1,3,-0.14867205402386352,0.78887748884053721,1.1455373845820405
2594,54,2,4,1.2470121424234293,2.6420872630891292,3.1444952596082505
2595,54,3,5,-1.9639569419894798,-2.1879750711682728,-1.3058614585698223
2596,54,4,6,3.1146985545777648,5.2103545782766698,5.8492562366243197
2597,54,5,7,0.16229409410998957,1.5415277042499724,1.7608899919694347
2598,54,6,8,0.51656486771601196,2.0471940406624056,2.3018690750178661
2599,54,7,9,0.24014803898258946,2.3806334467397279,1.9598855147910748
2600,54,8,10,-0.54174217111822132,1.5843514481271412,0.91023922064993956
2601,54,9,11,0.32589498006781298,2.5263379672293782,2.1699312323103874
2602,54,10,12,0.73896928034360931,3.3299210936988204,2.793235252696503
2603,54,11,13,1.3602144098882951,3.3107736840526814,3.7079784340590622
2604,54,12,14,-1.3831503469314934,0.1181391042617396,-0.087732225488641236
2605,54,13,15,-0.399387757183642,0.88361355475389125,1.3345354001583505
2606,54,14,16,0.71774115641359792,2.1986103123934737,2.9435158791944867
2607,54,15,17,-1.385293098159873,-0.46737386154709315,0.044267922791627279
2608,54,16,18,0.15297887907262386,2.5499336716084913,2.242848690917123
2609,54,17,19,0.27329376484653045,2.1674886832678442,2.4562895310005919
2610,54,18,20,1.5896425856132437,4.3874368732084994,4.3441778800739899
2611,54,19,21,-0.70078232706441912,1.6999100394171085,1.1825830023252626
2612,54,20,22,-0.72594705709429652,0.66615315368183836,1.1923523802834342
2613,54,21,23,-1.764457770425202,-0.048923371218085876,-0.21656261837983337
2614,54,22,24,1.5872108550034252,4.2526313234488908,4.5207734572202449
2615,54,23,25,0.74727487262219372,4.300299287523015,3.3898630818865207
2616,54,24,26,-0.46036641664760758,1.7133621123509946,1.744165276908799
2617,54,25,27,0.64090088356397601,3.6546023186248662,3.3309394972050157
2618,54,26,28,0.98538156973020974,3.9543736953079227,3.8582124578377428
2619,54,27,29,-0.54598696010443648,1.5804839826406025,1.7592965160692382
2620,54,28,30,1.2999193582283899,4.6880244989832844,4.3885653617351954
2621,54,29,31,1.1392180606121494,4.1034664497667519,4.2085835450724582
2622,54,30,32,-1.1748140711290485,0.54508438324568309,1.0139385606347815
2623,54,31,33,-0.96516308885489999,1.3607266938559812,1.3524499358185895
2624,54,32,34,0.43889900291951839,3.3347751086833717,3.363136864302775
2625,54,33,35,-0.3168741069554506,2.8046921545677117,2.3500545104778183
2626,54,34,36,0.6231290535708347,4.1342505038923667,3.7110589352146182
2627,54,35,37,1.3051144809959991,5.0391102246850856,4.7108385336098486
2628,54,36,38,1.6535300692088273,5.0658678971990039,5.2436203571078073
2629,54,37,39,1.323961814756986,4.4018519673756504,4.8272248008752303
2630,54,38,40,0.01160158560159974,3.6189366193594736,3.0349204800576892
2631,54,39,41,1.150444360221913,4.580918055960324,4.6743003645261272
2632,54,40,42,-0.89772530933427841,1.9001963777579525,1.8518628271474595
2633,54,41,43,-0.21191212544408744,3.1619362836520875,2.8570012845937267
2634,54,42,44,-0.11491548668528873,3.8810621387937059,3.037796578856045
2635,54,43,45,2.9222869011376837,7.753578931290507,7.3348799218082066
2636,54,44,46,-1.2725524712545886,1.9351728218954993,1.5071048004590255
2637,54,45,47,0.12350605222666589,3.3620654379148447,3.5065867333327816
2638,54,46,48,0.42387304510342139,4.0913074207571629,3.9721005233602389
2639,54,47,49,-1.630595766736227,0.8022032316826051,1.1408441867847314
2640,55,0,2,0.17915856683397982,2.1192569548718962,2.252996072051026
2641,55,1,3,-1.3893971269409209,0.3676630934370998,0.10201810076616552
2642,55,2,4,-0.67010695260072162,1.9712879676815851,1.1540243448424443
2643,55,3,5,-0.19949481985173834,1.8117805995880634,1.8578813306910209
2644,55,4,6,0.74811321483866156,4.0320955413812927,3.2295325792575809
2645,55,5,7,-0.2662606652481781,1.7110763533489628,1.8544091471360051
2646,55,6,8,-0.43125739925258588,1.3387886414341734,1.6684137195298343
2647,55,7,9,-1.5458349909781388,0.53383283918588575,0.1530050911140603
2648,55,8,10,-0.17306477344771443,2.1777167208066022,2.1198833956566543
2649,55,9,11,-0.74471189216225542,0.89363418264093952,1.3645774294562971
2650,55,10,12,0.16309622523890796,2.6252638455338593,2.6805087938179257
2651,55,11,13,-0.38599235363289569,1.6647368996610128,1.9567847833974006
2652,55,12,14,0.8013639725151811,3.9220545919139838,3.6640836400047081
2653,55,13,15,-0.64875076944680066,1.6321418211468655,1.6789230012579335
2654,55,14,16,-0.68978484612614388,1.6931908602289425,1.6664752939068532
2655,55,15,17,0.63353088928694934,4.2208362955950669,3.5641173234851835
2656,55,16,18,-0.44392363090163189,2.3753804258225708,2.10068099522117
2657,55,17,19,1.1350855610344408,3.8882985813633471,4.3562938639316711
2658,55,18,20,1.0497404031508568,3.2391620199830546,4.2818106428946541
2659,55,19,21,1.9507170450539955,4.9169598985617249,5.5881779415590476
2660,55,20,22,0.95291171192880753,3.922125725002811,4.2362504751837848
2661,55,21,23,2.7857118041196891,7.3900015815628306,6.8471706042510192
2662,55,22,24,-0.74914365807080541,2.3840872128142339,1.943372957184327
2663,55,23,25,1.039372146422052,4.6150334560603561,4.4922950834743274
2664,55,24,26,-0.13633352763872103,2.8338227899893669,2.8913071397892454
2665,55,25,27,0.65441292532029394,3.9977428610359524,4.0433521739318659
2666,55,26,28,-0.15684019686189188,3.0360725658064753,2.9525978028768058
2667,55,27,29,1.2925704891670473,5.1542958465566793,5.0267727633173207
2668,55,28,30,1.0440159357401166,5.4915802897303685,4.7237963885196175
2669,55,29,31,0.95048384647867401,4.8727222598362712,4.6378514635535977
2670,55,30,32,-1.182606903008075,1.793791961883386,1.6965244142721496
2671,55,31,33,-0.038148874814621259,2.9164679013737125,3.3437656537429845
2672,55,32,34,-0.77423463119307256,1.5144617962904006,2.3582455948131531
2673,55,33,35,0.7951783976249589,4.7964390375612442,4.6004238351583968
2674,55,34,36,-0.41296316433216429,3.4017519768903965,2.9540256484184244
2675,55,35,37,-0.050068994377082898,3.1120391323630949,3.5070774863555387
2676,55,36,38,0.64209413529109594,4.4716320431713976,4.5211058678909888
2677,55,37,39,0.55558964651436071,4.5228928230635645,4.4449995836035594
2678,55,38,40,0.45143509244043689,4.3541054865451523,4.3441832079000662
2679,55,39,41,-0.32772289331328686,2.8404087084790275,3.2983620278448527
2680,55,40,42,0.3498023767347862,3.8985634368929492,4.2918974059121551
2681,55,41,43,0.96159117577335351,5.271202253992417,5.193401724566149
2682,55,42,44,-1.2091344984973169,2.0557245763351641,2.1993857805872108
2683,55,43,45,0.10466378424151812,3.31671496413751,4.08370337642158
2684,55,44,46,0.66525245795593191,5.0103964042196578,4.9135275196217592
2685,55,45,47,-0.70949641358629012,2.9174227964383115,3.0338790994626486
2686,55,46,48,1.4947325361499786,5.435797612785958,6.1647996290934248
2687,55,47,49,-1.7754976264629083,1.5436830451018526,1.631477401435383
2688,56,0,2,-0.64965208826924703,2.1094497519716633,1.4504073934553576
2689,56,1,3,0.085188459169700359,3.1277664463410346,2.5241841598698835
2690,56,2,4,0.88858275827907196,3.4051442846995212,3.6939361786230043
2691,56,3,5,1.4709050940971846,4.2061854895386297,4.5541874487683618
2692,56,4,6,-0.35681455768126397,1.9154415255365713,2.040379936278534
2693,56,5,7,1.3492992778953941,4.3912852438120193,4.473939306085855
2694,56,6,8,0.74769982550419234,4.2637252646709793,3.6767000727381727
2695,56,7,9,0.56049740952420102,2.4985560729658194,3.4596166903661847
2696,56,8,10,-1.363132261031109,1.3677278308665748,0.81153515158875111
2697,56,9,11,1.9857433156336235,6.0589597708351643,5.5449609589193765
2698,56,10,12,0.40165675975256387,3.7718274257666868,3.3722397806858933
2699,56,11,13,-1.4827766181292146,1.3666298404940511,0.77903305165140335
2700,56,12,14,0.29126805516069743,3.0480401767845802,3.3076955942572797
2701,56,13,15,-0.051786730295970695,3.0464761572967314,2.8724188946179448
2702,56,14,16,0.0092456383932957575,3.0457219105589517,3.0028642107829171
2703,56,15,17,-0.33113605267850998,2.4116356388327906,2.5713298432823897
2704,56,16,18,0.97546190879039629,3.8318289023683065,4.4455669893388583
2705,56,17,19,-0.7617638617313357,1.9134862121975313,2.0584509106084337
2706,56,18,20,-1.2687119945509682,0.44263784882056212,1.3937235246609481
2707,56,19,21,2.0384122400983382,6.134288657084717,6.0686974531699764
2708,56,20,22,0.93722286780467368,3.6403760198376052,4.5720323319588463
2709,56,21,23,-0.16240948595119098,2.8582640668816244,3.0775470367006359
2710,56,22,24,-0.22794822708164153,2.7990681877649752,3.0307927991180055
2711,56,23,25,0.14183524488528604,3.9607995203482291,3.5934896598717039
2712,56,24,26,-0.90471005316738873,3.1040586804666059,2.1733262425979594
2713,56,25,27,0.3879136389995968,3.7562253331398447,4.0279994116317388
2714,56,26,28,0.4796198340462321,4.1199539525560764,4.2013880846970286
2715,56,27,29,-0.5311980017556075,3.4455675081454213,2.8312431145744528
2716,56,28,30,0.73215172759532887,5.0977259154601953,4.6449327356657637
2717,56,29,31,0.23347141649705377,3.3980571989259531,3.9917803001281786
2718,56,30,32,1.721412544414858,6.9810969402383831,6.119897879213104
2719,56,31,33,-0.43074103204184999,3.7448808264009115,3.1518828721737133
2720,56,32,34,1.606892045354388,7.0226877289015794,6.0495691805284455
2721,56,33,35,0.79132036841374775,4.9630255052123404,4.9527688328115502
2722,56,34,36,0.8564886816831454,4.822650811248498,5.0890044713887068
2723,56,35,37,0.76967849407238875,4.6912668255053394,5.0124702087336477
2724,56,36,38,0.5914193397847447,5.4840276062472277,4.8079073927309457
2725,56,37,39,1.0925090626231335,4.8819590974137013,5.5544330047046904
2726,56,38,40,0.62238325779309134,5.7356829593853407,4.9412568779426316
2727,56,39,41,0.48070212293197856,4.4470812831413209,4.7879032891370734
2728,56,40,42,0.47069968124331107,4.6783672477974818,4.8188998707729391
2729,56,41,43,-0.9694064630213215,2.2614662498370874,2.8477512688024538
2730,56,42,44,2.3382212806311862,7.2276771689720709,7.5234301099159628
2731,56,43,45,-0.91570198690938454,2.9862085237493923,3.012937535359165
2732,56,44,46,-0.11880471021041394,4.0537069008703153,4.1735937227377242
2733,56,45,47,-0.37701079739097454,4.8612765780313518,3.8571052006849391
2734,56,46,48,0.87918068679554895,5.8687519953116141,5.6607732785460723
2735,56,47,49,0.33202952699366406,4.3239652883699433,4.9397616548234335
2736,57,0,2,2.1084105128394146,6.2546565454182277,6.5426018597130549
2737,57,1,3,2.289851382348203,7.1073723237667359,6.8416190770253591
2738,57,2,4,-0.42558833303441368,2.7777471800009077,3.085003475489696
2739,57,3,5,1.3202110377020926,5.7950331086681324,5.5741225945208042
2740,57,4,6,0.27801625342777475,3.5500183312255631,4.1600498965367594
2741,57,5,7,0.46744431967575839,4.8850079542356468,4.470249189283936
2742,57,6,8,0.12684709730883792,3.3256638773013751,4.0384130779702474
2743,57,7,9,0.60034424304758138,4.6971536259432218,4.7463090820044895
2744,57,8,10,0.93904479391949247,6.2451765574058546,5.2654898532251648
2745,57,9,11,0.6329589741149737,4.8405246418182566,4.8819697054988387
2746,57,10,12,1.542690471071734,5.5926807951661575,6.2005938012383019
2747,57,11,13,-0.087329130932055132,3.0403862514337083,3.9635663584329981
2748,57,12,14,-0.36435485908770643,3.8307534229457167,3.6207303390150862
2749,57,13,15,-1.4835887168180288,3.0055934188183087,2.0988029381926347
2750,57,14,16,1.8561830900744458,5.916991882360394,6.8194834678420992
2751,57,15,17,-0.66426736809570819,2.9267636659782057,3.3358528264038831
2752,57,16,18,-0.87909920049389023,3.9641435470257624,3.0800882610464289
2753,57,17,19,-0.97133593312952715,3.7976770740274288,2.9959568353565369
2754,57,18,20,1.0350613942294919,6.207336149801792,5.849913093659163
2755,57,19,21,1.330782118481906,6.1237281474021561,6.3089221076125437
2756,57,20,22,0.48212659281168424,4.2462287148593596,5.1658043716742323
2757,57,21,23,-0.34851156065090999,4.1696457072093454,4.047910956826601
2758,57,22,24,1.2860079026741953,6.6056637440424053,6.3812382054817487
2759,57,23,25,-0.52482590578651545,3.9777588474301231,3.8910708736367532
2760,57,24,26,-0.2175995713332336,4.8553217052364923,4.3661877418713484
2761,57,25,27,-0.43604704362355828,4.5493630446702813,4.1053612806648934
2762,57,26,28,-0.00045186809985348075,3.8123764083809286,4.7601945263980801
2763,57,27,29,-0.50660279348850601,4.7843715884512257,4.096583230853966
2764,57,28,30,0.96724373328412239,6.8057917317139403,6.2049683683356456
2765,57,29,31,1.487111137539705,7.3913531998510731,6.977782734293462
2766,57,30,32,1.2051398115564815,6.5022476189230209,6.6280228779169486
2767,57,31,33,1.8349443235755332,7.239836068631007,7.5547491947436214
2768,57,32,34,0.38860345296239485,6.01240746560108,5.5748719758852268
2769,57,33,35,1.5083619314378218,7.2492616865471327,7.187533845750826
2770,57,34,36,0.25050859177707979,5.3468573966804351,5.4715391702257872
2771,57,35,37,2.0009792607545203,8.4545709080741318,7.9671981067942035
2772,57,36,38,1.5074990632201506,6.8754274438414456,7.3213258302460851
2773,57,37,39,-0.29373422636186008,4.4482171360356215,4.8445992248312706
2774,57,38,40,2.7891062413212091,8.6568827692289361,9.2055758795875668
2775,57,39,41,-0.67907982359864105,5.1182034914029186,4.3951153886997778
2776,57,40,42,1.6925793922309356,7.783432526355055,7.7604382908611846
2777,57,41,43,1.6353246406874282,7.4045983132757742,7.7252816387002738
2778,57,42,44,0.26829423603934832,5.9336430650946124,5.8564390721929627
2779,57,43,45,0.2545514360185076,6.3861368398558351,5.8821991521637855
2780,57,44,46,1.7586510969437517,8.0880258994011385,8.0329386774591267
2781,57,45,47,2.1018217718504095,9.1895178010824825,8.5583776223284485
2782,57,46,48,1.8985401534868365,8.2391003306902544,8.3187833566194449
2783,57,47,49,-0.69492657988724138,4.2386509193718016,4.7329299298957377
2784,58,0,2,1.3707215695639645,2.9812767636235367,3.2320248026318232
2785,58,1,3,0.83337842569586107,2.1833531279312348,2.5247444012164784
2786,58,2,4,-0.060773196029258819,1.1235684160139114,1.3179321308013108
2787,58,3,5,0.85365081822848576,3.568479740874217,2.6431257507621533
2788,58,4,6,-0.45146384275074886,1.1991160010557147,0.86096522539122478
2789,58,5,7,1.0242194614740545,2.154637272867578,2.9719218513059493
2790,58,6,8,0.86256457329395686,2.8599668502755029,2.7906050078538125
2791,58,7,9,1.148180213532398,3.1477716220934688,3.2354669041876298
2792,58,8,10,-1.4021351868889615,-0.93230398377709511,-0.28997465640227316
2793,58,9,11,0.64609937715083943,3.1476364348404156,2.6225537332534481
2794,58,10,12,-0.16753614894219557,1.3252033724773822,1.5284639967231992
2795,58,11,13,-0.55939950703724817,1.724679413132419,1.0248552953901255
2796,58,12,14,1.2083549029408185,4.2216401499234717,3.5447114693594188
2797,58,13,15,-0.92577214583417322,0.95989380666470914,0.60193360107443061
2798,58,14,16,-0.2748300320517979,1.8490893087534399,1.5582525603697559
2799,58,15,17,-0.83838265690822944,1.1172136371989692,0.81427888557075168
2800,58,16,18,0.14393773490331696,1.6809250592018032,2.2345274341069166
2801,58,17,19,1.6954574899787707,4.9124893047334854,4.4516550912125519
2802,58,18,20,1.5703933930930776,4.2103764708620686,4.3215653555725817
2803,58,19,21,0.91751253413050637,2.4400987997259724,3.4525321530249822
2804,58,20,22,-0.21597346799020473,2.1075395593169182,1.9106517500559863
2805,58,21,23,1.4215403348565052,4.4407513941689505,4.2481710740413803
2806,58,22,24,-0.51059037808132024,1.9970607105455918,1.5881880759284246
2807,58,23,25,0.70802412863746489,3.4676624897622723,3.3392483853347237
2808,58,24,26,-0.26971710815496663,1.575825207729296,2.0154106538253198
2809,58,25,27,3.1196500658162267,6.7627189446594063,6.8055246973849899
2810,58,26,28,-0.36795265089089124,1.7164128218412877,1.9678808939950252
2811,58,27,29,-1.2466266638592025,1.1097932459657851,0.78273727583938946
2812,58,28,30,0.27438169025865433,2.5358202107698666,2.9571489716043891
2813,58,29,31,0.31850591646250986,3.3218138507026871,3.0639228882897864
2814,58,30,32,0.38066440868200879,3.0871122992518529,3.1959447773970853
2815,58,31,33,0.63875277288075738,3.6464617586581318,3.6022684872753334
2816,58,32,34,0.57660897643932674,4.1535551545982159,3.5602671722573302
2817,58,33,35,0.40556905931855786,3.6719429106057757,3.365811288288254
2818,58,34,36,1.5134020524493057,4.7123241546136265,4.9617774786713014
2819,58,35,37,-0.084301784102956634,2.8871401738050744,2.7699921074981333
2820,58,36,38,-0.4435120099366836,2.7498123229969651,2.312097791330916
2821,58,37,39,-1.5816748398660525,0.59368990870615035,0.76366982942979955
2822,58,38,40,-1.2571997159681558,0.72699253071063474,1.2629350028868549
2823,58,39,41,0.61182419828475998,3.2924425238970985,3.9245684828409368
2824,58,40,42,0.69853069553307112,3.2655080418043494,4.0909575789885722
2825,58,41,43,1.721999421542741,5.5377774714646266,5.56881379540211
2826,58,42,44,0.32957203134007346,2.9341170837609871,3.6644154491183754
2827,58,43,45,-0.53083496780157802,2.7253036805690116,2.5048456503200636
2828,58,44,46,0.74138083324578474,3.4439035154099158,4.3309477717863718
2829,58,45,47,1.4588934670312121,5.1992475253249681,5.3804654590859702
2830,58,46,48,0.12545475428825603,3.3401615589288207,3.5586512612458314
2831,58,47,49,0.13588933832448968,4.0152727029797157,3.6182596788965582
2832,59,0,2,-1.116333027819445,1.3598382112723488,0.46742789978411103
2833,59,1,3,-0.40495584854369671,0.89073451753834088,1.5083559507701585
2834,59,2,4,1.2888210761886343,4.7567044177691837,3.9246436453954217
2835,59,3,5,-0.54292492106250523,1.8121192089684879,1.4051992492438268
2836,59,4,6,-0.87990436624369539,0.6442705432442366,0.97842802599016054
2837,59,5,7,1.0852877776844276,3.7840954739658899,3.7746970274895326
2838,59,6,8,0.34539752824081105,2.5290265943244981,2.7838506782684695
2839,59,7,9,0.38681071218997909,2.8457579830836366,2.8868291357973046
2840,59,8,10,-0.76049449577609252,1.0730100540343019,1.3256018446448046
2841,59,9,11,-0.40706896660295488,1.8834411455507698,1.8653975854871974
2842,59,10,12,0.70612652313948032,2.4195990311054456,3.4688712711266065
2843,59,11,13,-0.43120692171378855,1.8329486335595588,1.92160444833203
2844,59,12,14,1.1227570678469376,3.9029654979594279,4.1421540337170466
2845,59,13,15,1.1206094610619002,3.7939776589297587,4.1841473842179937
2846,59,14,16,1.0824245306573497,3.9384278744073868,4.1756884816516235
2847,59,15,17,0.10268682260820368,2.782980587170905,2.8490556903828188
2848,59,16,18,0.72772477596991625,3.838059789635071,3.7691088250892166
2849,59,17,19,0.39417231896512123,2.4092524498334238,3.3471353852825039
2850,59,18,20,1.0382436386379768,4.1743590231276411,4.2938352328245015
2851,59,19,21,-0.20055160944979661,3.0298061668519267,2.6045218855016188
2852,59,20,22,0.50900713795181318,3.757876323480986,3.6429041318638724
2853,59,21,23,1.4844902943030673,5.0144949829677152,5.0535805507556288
2854,59,22,24,0.055999767206326045,3.1575978706378671,3.0986938128201906
2855,59,23,25,-0.90453626366453865,1.8173385858298761,1.79894336960098
2856,59,24,26,1.7831914196848393,4.9823192182433731,5.6067621262901097
2857,59,25,27,0.96602177199276862,4.6863640542392275,4.50772461952121
2858,59,26,28,-0.7868276284341672,1.8566791758574916,2.0987354589234997
2859,59,27,29,0.18628534648318723,3.967391275409752,3.506093623807796
2860,59,28,30,1.5426918465237089,4.7781723535487766,5.4500627238645265
2861,59,29,31,0.84644230888476524,4.4181323673554589,4.5203133711700056
2862,59,30,32,-1.5987890289622941,1.1760674841442267,1.1419894981841223
2863,59,31,33,-0.038254568039577386,3.3492331144341612,3.3717377434759257
2864,59,32,34,0.50498386792695016,4.0403758232101943,4.1772715538290637
2865,59,33,35,2.0225173140298276,6.7517807060491739,6.3468183783730936
2866,59,34,36,2.8290872955462643,7.1717133104525752,7.5210163524961047
2867,59,35,37,2.3416873070939768,7.0735346582556033,6.8836563686629013
2868,59,36,38,0.96325022110892478,5.2031006075940605,4.9988444482838288
2869,59,37,39,2.2211330627674242,6.6892090572414942,6.8048804266057283
2870,59,38,40,2.2760984678849141,7.4538409091558577,6.9268319937702145
2871,59,39,41,0.51536113986545729,4.8411547467226415,4.506799734542974
2872,59,40,42,-0.49699593589240953,3.4915304989942433,3.1344998284819603
2873,59,41,43,1.4427357564288812,6.3962836377290797,5.8951241977317679
2874,59,42,44,-0.74274595467719562,3.1974420605246578,2.8804498021832599
2875,59,43,45,1.9129548476415286,6.3691547286276311,6.6434309254294739
2876,59,44,46,0.015603975270093051,3.7324738386048075,4.0321397041094649
2877,59,45,47,1.353395662219578,6.3991153036649271,5.9500480658387431
2878,59,46,48,0.77041470025438352,5.2725655896075532,5.1788747190874709
2879,59,47,49,0.38067555746363263,4.2252922590255064,4.6782399191804194
