row_id,device,day,random,group,time,group_time
0,0,0,test,train,train,train
1,0,1,train,train,train,train
2,0,2,train,train,train,train
3,0,3,train,train,train,train
4,0,4,test,train,train,train
5,0,5,test,train,train,train
6,0,6,test,train,train,train
7,0,7,train,train,train,train
8,0,8,train,train,train,train
9,0,9,train,train,train,train
10,0,10,train,train,train,train
11,0,11,test,train,train,train
12,0,12,train,train,train,train
13,0,13,test,train,train,train
14,0,14,train,train,train,train
15,0,15,train,train,train,train
16,0,16,train,train,train,train
17,0,17,test,train,train,train
18,0,18,train,train,train,train
19,0,19,train,train,train,train
20,0,20,train,train,train,train
21,0,21,train,train,train,train
22,0,22,test,train,train,train
23,0,23,test,train,train,train
24,0,24,train,train,train,train
25,0,25,train,train,train,train
26,0,26,train,train,train,train
27,0,27,test,train,train,train
28,0,28,train,train,train,train
29,0,29,train,train,train,train
30,0,30,test,train,train,train
31,0,31,train,train,unused,unused
32,0,32,train,train,unused,unused
33,0,33,train,train,test,unused
34,0,34,test,train,test,unused
35,0,35,train,train,test,unused
36,0,36,train,train,test,unused
37,0,37,train,train,test,unused
38,0,38,train,train,test,unused
39,0,39,train,train,test,unused
40,0,40,train,train,test,unused
41,0,41,train,train,test,unused
42,0,42,train,train,test,unused
43,0,43,train,train,test,unused
44,0,44,train,train,test,unused
45,0,45,test,train,test,unused
46,0,46,train,train,test,unused
47,0,47,train,train,test,unused
48,1,0,train,test,train,unused
49,1,1,train,test,train,unused
50,1,2,train,test,train,unused
51,1,3,train,test,train,unused
52,1,4,train,test,train,unused
53,1,5,train,test,train,unused
54,1,6,train,test,train,unused
55,1,7,train,test,train,unused
56,1,8,test,test,train,unused
57,1,9,train,test,train,unused
58,1,10,train,test,train,unused
59,1,11,test,test,train,unused
60,1,12,train,test,train,unused
61,1,13,train,test,train,unused
62,1,14,train,test,train,unused
63,1,15,train,test,train,unused
64,1,16,train,test,train,unused
65,1,17,test,test,train,unused
66,1,18,test,test,train,unused
67,1,19,train,test,train,unused
68,1,20,train,test,train,unused
69,1,21,train,test,train,unused
70,1,22,train,test,train,unused
71,1,23,test,test,train,unused
72,1,24,test,test,train,unused
73,1,25,test,test,train,unused
74,1,26,test,test,train,unused
75,1,27,train,test,train,unused
76,1,28,test,test,train,unused
77,1,29,train,test,train,unused
78,1,30,test,test,train,unused
79,1,31,train,test,unused,unused
80,1,32,train,test,unused,unused
81,1,33,train,test,test,test
82,1,34,train,test,test,test
83,1,35,train,test,test,test
84,1,36,train,test,test,test
85,1,37,train,test,test,test
86,1,38,train,test,test,test
87,1,39,train,test,test,test
88,1,40,train,test,test,test
89,1,41,train,test,test,test
90,1,42,train,test,test,test
91,1,43,train,test,test,test
92,1,44,test,test,test,test
93,1,45,train,test,test,test
94,1,46,train,test,test,test
95,1,47,train,test,test,test
96,2,0,train,train,train,train
97,2,1,test,train,train,train
98,2,2,test,train,train,train
99,2,3,train,train,train,train
100,2,4,train,train,train,train
101,2,5,train,train,train,train
102,2,6,test,train,train,train
103,2,7,train,train,train,train
104,2,8,test,train,train,train
105,2,9,test,train,train,train
106,2,10,test,train,train,train
107,2,11,test,train,train,train
108,2,12,train,train,train,train
109,2,13,test,train,train,train
110,2,14,train,train,train,train
111,2,15,train,train,train,train
112,2,16,train,train,train,train
113,2,17,test,train,train,train
114,2,18,test,train,train,train
115,2,19,train,train,train,train
116,2,20,train,train,train,train
117,2,21,test,train,train,train
118,2,22,train,train,train,train
119,2,23,train,train,train,train
120,2,24,train,train,train,train
121,2,25,train,train,train,train
122,2,26,train,train,train,train
123,2,27,train,train,train,train
124,2,28,test,train,train,train
125,2,29,train,train,train,train
126,2,30,train,train,train,train
127,2,31,test,train,unused,unused
128,2,32,train,train,unused,unused
129,2,33,test,train,test,unused
130,2,34,test,train,test,unused
131,2,35,train,train,test,unused
132,2,36,train,train,test,unused
133,2,37,train,train,test,unused
134,2,38,test,train,test,unused
135,2,39,train,train,test,unused
136,2,40,train,train,test,unused
137,2,41,train,train,test,unused
138,2,42,test,train,test,unused
139,2,43,train,train,test,unused
140,2,44,train,train,test,unused
141,2,45,train,train,test,unused
142,2,46,train,train,test,unused
143,2,47,train,train,test,unused
144,3,0,train,train,train,train
145,3,1,train,train,train,train
146,3,2,train,train,train,train
147,3,3,train,train,train,train
148,3,4,test,train,train,train
149,3,5,train,train,train,train
150,3,6,train,train,train,train
151,3,7,test,train,train,train
152,3,8,test,train,train,train
153,3,9,train,train,train,train
154,3,10,test,train,train,train
155,3,11,train,train,train,train
156,3,12,train,train,train,train
157,3,13,train,train,train,train
158,3,14,train,train,train,train
159,3,15,train,train,train,train
160,3,16,test,train,train,train
161,3,17,train,train,train,train
162,3,18,test,train,train,train
163,3,19,train,train,train,train
164,3,20,train,train,train,train
165,3,21,train,train,train,train
166,3,22,train,train,train,train
167,3,23,test,train,train,train
168,3,24,train,train,train,train
169,3,25,test,train,train,train
170,3,26,train,train,train,train
171,3,27,test,train,train,train
172,3,28,train,train,train,train
173,3,29,train,train,train,train
174,3,30,train,train,train,train
175,3,31,train,train,unused,unused
176,3,32,train,train,unused,unused
177,3,33,test,train,test,unused
178,3,34,train,train,test,unused
179,3,35,train,train,test,unused
180,3,36,test,train,test,unused
181,3,37,test,train,test,unused
182,3,38,test,train,test,unused
183,3,39,train,train,test,unused
184,3,40,train,train,test,unused
185,3,41,train,train,test,unused
186,3,42,train,train,test,unused
187,3,43,train,train,test,unused
188,3,44,test,train,test,unused
189,3,45,train,train,test,unused
190,3,46,train,train,test,unused
191,3,47,test,train,test,unused
192,4,0,train,train,train,train
193,4,1,train,train,train,train
194,4,2,test,train,train,train
195,4,3,test,train,train,train
196,4,4,train,train,train,train
197,4,5,train,train,train,train
198,4,6,test,train,train,train
199,4,7,train,train,train,train
200,4,8,train,train,train,train
201,4,9,train,train,train,train
202,4,10,train,train,train,train
203,4,11,train,train,train,train
204,4,12,train,train,train,train
205,4,13,train,train,train,train
206,4,14,train,train,train,train
207,4,15,test,train,train,train
208,4,16,train,train,train,train
209,4,17,test,train,train,train
210,4,18,train,train,train,train
211,4,19,train,train,train,train
212,4,20,train,train,train,train
213,4,21,train,train,train,train
214,4,22,train,train,train,train
215,4,23,train,train,train,train
216,4,24,train,train,train,train
217,4,25,train,train,train,train
218,4,26,test,train,train,train
219,4,27,train,train,train,train
220,4,28,test,train,train,train
221,4,29,test,train,train,train
222,4,30,train,train,train,train
223,4,31,train,train,unused,unused
224,4,32,train,train,unused,unused
225,4,33,train,train,test,unused
226,4,34,test,train,test,unused
227,4,35,train,train,test,unused
228,4,36,train,train,test,unused
229,4,37,test,train,test,unused
230,4,38,train,train,test,unused
231,4,39,train,train,test,unused
232,4,40,train,train,test,unused
233,4,41,train,train,test,unused
234,4,42,train,train,test,unused
235,4,43,train,train,test,unused
236,4,44,train,train,test,unused
237,4,45,train,train,test,unused
238,4,46,train,train,test,unused
239,4,47,train,train,test,unused
240,5,0,test,train,train,train
241,5,1,train,train,train,train
242,5,2,train,train,train,train
243,5,3,train,train,train,train
244,5,4,test,train,train,train
245,5,5,train,train,train,train
246,5,6,train,train,train,train
247,5,7,train,train,train,train
248,5,8,train,train,train,train
249,5,9,test,train,train,train
250,5,10,train,train,train,train
251,5,11,train,train,train,train
252,5,12,train,train,train,train
253,5,13,train,train,train,train
254,5,14,test,train,train,train
255,5,15,train,train,train,train
256,5,16,test,train,train,train
257,5,17,train,train,train,train
258,5,18,test,train,train,train
259,5,19,train,train,train,train
260,5,20,test,train,train,train
261,5,21,train,train,train,train
262,5,22,train,train,train,train
263,5,23,test,train,train,train
264,5,24,train,train,train,train
265,5,25,test,train,train,train
266,5,26,test,train,train,train
267,5,27,test,train,train,train
268,5,28,train,train,train,train
269,5,29,train,train,train,train
270,5,30,train,train,train,train
271,5,31,test,train,unused,unused
272,5,32,test,train,unused,unused
273,5,33,test,train,test,unused
274,5,34,train,train,test,unused
275,5,35,train,train,test,unused
276,5,36,train,train,test,unused
277,5,37,test,train,test,unused
278,5,38,train,train,test,unused
279,5,39,train,train,test,unused
280,5,40,train,train,test,unused
281,5,41,train,train,test,unused
282,5,42,train,train,test,unused
283,5,43,train,train,test,unused
284,5,44,train,train,test,unused
285,5,45,train,train,test,unused
286,5,46,train,train,test,unused
287,5,47,train,train,test,unused
288,6,0,train,train,train,train
289,6,1,test,train,train,train
290,6,2,train,train,train,train
291,6,3,train,train,train,train
292,6,4,train,train,train,train
293,6,5,test,train,train,train
294,6,6,train,train,train,train
295,6,7,train,train,train,train
296,6,8,train,train,train,train
297,6,9,train,train,train,train
298,6,10,test,train,train,train
299,6,11,train,train,train,train
300,6,12,test,train,train,train
301,6,13,train,train,train,train
302,6,14,test,train,train,train
303,6,15,test,train,train,train
304,6,16,train,train,train,train
305,6,17,train,train,train,train
306,6,18,train,train,train,train
307,6,19,test,train,train,train
308,6,20,train,train,train,train
309,6,21,test,train,train,train
310,6,22,train,train,train,train
311,6,23,test,train,train,train
312,6,24,test,train,train,train
313,6,25,test,train,train,train
314,6,26,test,train,train,train
315,6,27,train,train,train,train
316,6,28,train,train,train,train
317,6,29,test,train,train,train
318,6,30,train,train,train,train
319,6,31,train,train,unused,unused
320,6,32,train,train,unused,unused
321,6,33,train,train,test,unused
322,6,34,test,train,test,unused
323,6,35,train,train,test,unused
324,6,36,train,train,test,unused
325,6,37,test,train,test,unused
326,6,38,train,train,test,unused
327,6,39,train,train,test,unused
328,6,40,test,train,test,unused
329,6,41,train,train,test,unused
330,6,42,train,train,test,unused
331,6,43,test,train,test,unused
332,6,44,train,train,test,unused
333,6,45,train,train,test,unused
334,6,46,test,train,test,unused
335,6,47,train,train,test,unused
336,7,0,train,train,train,train
337,7,1,train,train,train,train
338,7,2,train,train,train,train
339,7,3,train,train,train,train
340,7,4,test,train,train,train
341,7,5,test,train,train,train
342,7,6,train,train,train,train
343,7,7,train,train,train,train
344,7,8,train,train,train,train
345,7,9,train,train,train,train
346,7,10,train,train,train,train
347,7,11,test,train,train,train
348,7,12,test,train,train,train
349,7,13,train,train,train,train
350,7,14,train,train,train,train
351,7,15,train,train,train,train
352,7,16,train,train,train,train
353,7,17,train,train,train,train
354,7,18,train,train,train,train
355,7,19,train,train,train,train
356,7,20,train,train,train,train
357,7,21,train,train,train,train
358,7,22,train,train,train,train
359,7,23,train,train,train,train
360,7,24,train,train,train,train
361,7,25,test,train,train,train
362,7,26,train,train,train,train
363,7,27,train,train,train,train
364,7,28,train,train,train,train
365,7,29,train,train,train,train
366,7,30,train,train,train,train
367,7,31,test,train,unused,unused
368,7,32,test,train,unused,unused
369,7,33,test,train,test,unused
370,7,34,train,train,test,unused
371,7,35,train,train,test,unused
372,7,36,train,train,test,unused
373,7,37,train,train,test,unused
374,7,38,train,train,test,unused
375,7,39,test,train,test,unused
376,7,40,train,train,test,unused
377,7,41,train,train,test,unused
378,7,42,train,train,test,unused
379,7,43,train,train,test,unused
380,7,44,train,train,test,unused
381,7,45,train,train,test,unused
382,7,46,train,train,test,unused
383,7,47,train,train,test,unused
384,8,0,train,train,train,train
385,8,1,train,train,train,train
386,8,2,train,train,train,train
387,8,3,train,train,train,train
388,8,4,test,train,train,train
389,8,5,train,train,train,train
390,8,6,test,train,train,train
391,8,7,train,train,train,train
392,8,8,train,train,train,train
393,8,9,train,train,train,train
394,8,10,train,train,train,train
395,8,11,train,train,train,train
396,8,12,train,train,train,train
397,8,13,train,train,train,train
398,8,14,train,train,train,train
399,8,15,test,train,train,train
400,8,16,train,train,train,train
401,8,17,train,train,train,train
402,8,18,train,train,train,train
403,8,19,train,train,train,train
404,8,20,test,train,train,train
405,8,21,train,train,train,train
406,8,22,train,train,train,train
407,8,23,test,train,train,train
408,8,24,train,train,train,train
409,8,25,train,train,train,train
410,8,26,train,train,train,train
411,8,27,train,train,train,train
412,8,28,train,train,train,train
413,8,29,train,train,train,train
414,8,30,test,train,train,train
415,8,31,train,train,unused,unused
416,8,32,train,train,unused,unused
417,8,33,train,train,test,unused
418,8,34,train,train,test,unused
419,8,35,train,train,test,unused
420,8,36,train,train,test,unused
421,8,37,test,train,test,unused
422,8,38,test,train,test,unused
423,8,39,train,train,test,unused
424,8,40,train,train,test,unused
425,8,41,train,train,test,unused
426,8,42,train,train,test,unused
427,8,43,train,train,test,unused
428,8,44,train,train,test,unused
429,8,45,train,train,test,unused
430,8,46,train,train,test,unused
431,8,47,train,train,test,unused
432,9,0,train,train,train,train
433,9,1,train,train,train,train
434,9,2,test,train,train,train
435,9,3,train,train,train,train
436,9,4,train,train,train,train
437,9,5,train,train,train,train
438,9,6,train,train,train,train
439,9,7,train,train,train,train
440,9,8,train,train,train,train
441,9,9,train,train,train,train
442,9,10,test,train,train,train
443,9,11,train,train,train,train
444,9,12,test,train,train,train
445,9,13,train,train,train,train
446,9,14,train,train,train,train
447,9,15,train,train,train,train
448,9,16,test,train,train,train
449,9,17,test,train,train,train
450,9,18,train,train,train,train
451,9,19,test,train,train,train
452,9,20,train,train,train,train
453,9,21,train,train,train,train
454,9,22,train,train,train,train
455,9,23,train,train,train,train
456,9,24,train,train,train,train
457,9,25,test,train,train,train
458,9,26,train,train,train,train
459,9,27,test,train,train,train
460,9,28,test,train,train,train
461,9,29,train,train,train,train
462,9,30,train,train,train,train
463,9,31,train,train,unused,unused
464,9,32,train,train,unused,unused
465,9,33,train,train,test,unused
466,9,34,train,train,test,unused
467,9,35,test,train,test,unused
468,9,36,train,train,test,unused
469,9,37,train,train,test,unused
470,9,38,train,train,test,unused
471,9,39,train,train,test,unused
472,9,40,test,train,test,unused
473,9,41,train,train,test,unused
474,9,42,train,train,test,unused
475,9,43,train,train,test,unused
476,9,44,train,train,test,unused
477,9,45,train,train,test,unused
478,9,46,train,train,test,unused
479,9,47,train,train,test,unused
480,10,0,test,train,train,train
481,10,1,test,train,train,train
482,10,2,train,train,train,train
483,10,3,test,train,train,train
484,10,4,train,train,train,train
485,10,5,test,train,train,train
486,10,6,train,train,train,train
487,10,7,train,train,train,train
488,10,8,train,train,train,train
489,10,9,train,train,train,train
490,10,10,train,train,train,train
491,10,11,train,train,train,train
492,10,12,train,train,train,train
493,10,13,test,train,train,train
494,10,14,train,train,train,train
495,10,15,train,train,train,train
496,10,16,train,train,train,train
497,10,17,train,train,train,train
498,10,18,test,train,train,train
499,10,19,test,train,train,train
500,10,20,train,train,train,train
501,10,21,test,train,train,train
502,10,22,train,train,train,train
503,10,23,train,train,train,train
504,10,24,test,train,train,train
505,10,25,train,train,train,train
506,10,26,test,train,train,train
507,10,27,train,train,train,train
508,10,28,train,train,train,train
509,10,29,train,train,train,train
510,10,30,train,train,train,train
511,10,31,train,train,unused,unused
512,10,32,train,train,unused,unused
513,10,33,train,train,test,unused
514,10,34,train,train,test,unused
515,10,35,test,train,test,unused
516,10,36,train,train,test,unused
517,10,37,train,train,test,unused
518,10,38,test,train,test,unused
519,10,39,test,train,test,unused
520,10,40,train,train,test,unused
521,10,41,train,train,test,unused
522,10,42,test,train,test,unused
523,10,43,train,train,test,unused
524,10,44,train,train,test,unused
525,10,45,test,train,test,unused
526,10,46,train,train,test,unused
527,10,47,test,train,test,unused
528,11,0,test,train,train,train
529,11,1,train,train,train,train
530,11,2,test,train,train,train
531,11,3,test,train,train,train
532,11,4,test,train,train,train
533,11,5,train,train,train,train
534,11,6,train,train,train,train
535,11,7,train,train,train,train
536,11,8,train,train,train,train
537,11,9,train,train,train,train
538,11,10,train,train,train,train
539,11,11,test,train,train,train
540,11,12,train,train,train,train
541,11,13,train,train,train,train
542,11,14,train,train,train,train
543,11,15,train,train,train,train
544,11,16,test,train,train,train
545,11,17,train,train,train,train
546,11,18,train,train,train,train
547,11,19,train,train,train,train
548,11,20,train,train,train,train
549,11,21,train,train,train,train
550,11,22,train,train,train,train
551,11,23,train,train,train,train
552,11,24,train,train,train,train
553,11,25,train,train,train,train
554,11,26,train,train,train,train
555,11,27,train,train,train,train
556,11,28,train,train,train,train
557,11,29,train,train,train,train
558,11,30,train,train,train,train
559,11,31,train,train,unused,unused
560,11,32,train,train,unused,unused
561,11,33,train,train,test,unused
562,11,34,train,train,test,unused
563,11,35,train,train,test,unused
564,11,36,train,train,test,unused
565,11,37,train,train,test,unused
566,11,38,test,train,test,unused
567,11,39,test,train,test,unused
568,11,40,train,train,test,unused
569,11,41,train,train,test,unused
570,11,42,train,train,test,unused
571,11,43,train,train,test,unused
572,11,44,train,train,test,unused
573,11,45,train,train,test,unused
574,11,46,train,train,test,unused
575,11,47,train,train,test,unused
576,12,0,train,train,train,train
577,12,1,test,train,train,train
578,12,2,train,train,train,train
579,12,3,train,train,train,train
580,12,4,train,train,train,train
581,12,5,train,train,train,train
582,12,6,train,train,train,train
583,12,7,train,train,train,train
584,12,8,train,train,train,train
585,12,9,train,train,train,train
586,12,10,test,train,train,train
587,12,11,test,train,train,train
588,12,12,test,train,train,train
589,12,13,test,train,train,train
590,12,14,test,train,train,train
591,12,15,train,train,train,train
592,12,16,train,train,train,train
593,12,17,test,train,train,train
594,12,18,train,train,train,train
595,12,19,train,train,train,train
596,12,20,train,train,train,train
597,12,21,test,train,train,train
598,12,22,test,train,train,train
599,12,23,train,train,train,train
600,12,24,train,train,train,train
601,12,25,train,train,train,train
602,12,26,train,train,train,train
603,12,27,test,train,train,train
604,12,28,train,train,train,train
605,12,29,train,train,train,train
606,12,30,train,train,train,train
607,12,31,train,train,unused,unused
608,12,32,train,train,unused,unused
609,12,33,train,train,test,unused
610,12,34,train,train,test,unused
611,12,35,test,train,test,unused
612,12,36,test,train,test,unused
613,12,37,train,train,test,unused
614,12,38,train,train,test,unused
615,12,39,train,train,test,unused
616,12,40,test,train,test,unused
617,12,41,train,train,test,unused
618,12,42,train,train,test,unused
619,12,43,train,train,test,unused
620,12,44,test,train,test,unused
621,12,45,train,train,test,unused
622,12,46,train,train,test,unused
623,12,47,test,train,test,unused
624,13,0,train,train,train,train
625,13,1,test,train,train,train
626,13,2,train,train,train,train
627,13,3,test,train,train,train
628,13,4,train,train,train,train
629,13,5,train,train,train,train
630,13,6,train,train,train,train
631,13,7,train,train,train,train
632,13,8,train,train,train,train
633,13,9,test,train,train,train
634,13,10,train,train,train,train
635,13,11,train,train,train,train
636,13,12,train,train,train,train
637,13,13,train,train,train,train
638,13,14,test,train,train,train
639,13,15,train,train,train,train
640,13,16,train,train,train,train
641,13,17,train,train,train,train
642,13,18,train,train,train,train
643,13,19,train,train,train,train
644,13,20,train,train,train,train
645,13,21,train,train,train,train
646,13,22,train,train,train,train
647,13,23,train,train,train,train
648,13,24,test,train,train,train
649,13,25,train,train,train,train
650,13,26,train,train,train,train
651,13,27,train,train,train,train
652,13,28,train,train,train,train
653,13,29,train,train,train,train
654,13,30,test,train,train,train
655,13,31,train,train,unused,unused
656,13,32,train,train,unused,unused
657,13,33,test,train,test,unused
658,13,34,test,train,test,unused
659,13,35,train,train,test,unused
660,13,36,train,train,test,unused
661,13,37,train,train,test,unused
662,13,38,train,train,test,unused
663,13,39,train,train,test,unused
664,13,40,train,train,test,unused
665,13,41,train,train,test,unused
666,13,42,train,train,test,unused
667,13,43,test,train,test,unused
668,13,44,train,train,test,unused
669,13,45,train,train,test,unused
670,13,46,test,train,test,unused
671,13,47,test,train,test,unused
672,14,0,train,train,train,train
673,14,1,train,train,train,train
674,14,2,train,train,train,train
675,14,3,train,train,train,train
676,14,4,train,train,train,train
677,14,5,train,train,train,train
678,14,6,train,train,train,train
679,14,7,train,train,train,train
680,14,8,test,train,train,train
681,14,9,test,train,train,train
682,14,10,train,train,train,train
683,14,11,train,train,train,train
684,14,12,test,train,train,train
685,14,13,test,train,train,train
686,14,14,train,train,train,train
687,14,15,train,train,train,train
688,14,16,train,train,train,train
689,14,17,train,train,train,train
690,14,18,train,train,train,train
691,14,19,train,train,train,train
692,14,20,test,train,train,train
693,14,21,train,train,train,train
694,14,22,train,train,train,train
695,14,23,train,train,train,train
696,14,24,train,train,train,train
697,14,25,train,train,train,train
698,14,26,train,train,train,train
699,14,27,train,train,train,train
700,14,28,train,train,train,train
701,14,29,train,train,train,train
702,14,30,train,train,train,train
703,14,31,train,train,unused,unused
704,14,32,train,train,unused,unused
705,14,33,train,train,test,unused
706,14,34,train,train,test,unused
707,14,35,train,train,test,unused
708,14,36,train,train,test,unused
709,14,37,test,train,test,unused
710,14,38,test,train,test,unused
711,14,39,train,train,test,unused
712,14,40,test,train,test,unused
713,14,41,train,train,test,unused
714,14,42,train,train,test,unused
715,14,43,train,train,test,unused
716,14,44,train,train,test,unused
717,14,45,train,train,test,unused
718,14,46,train,train,test,unused
719,14,47,train,train,test,unused
720,15,0,train,test,train,unused
721,15,1,train,test,train,unused
722,15,2,train,test,train,unused
723,15,3,train,test,train,unused
724,15,4,train,test,train,unused
725,15,5,train,test,train,unused
726,15,6,train,test,train,unused
727,15,7,train,test,train,unused
728,15,8,train,test,train,unused
729,15,9,test,test,train,unused
730,15,10,train,test,train,unused
731,15,11,train,test,train,unused
732,15,12,test,test,train,unused
733,15,13,test,test,train,unused
734,15,14,train,test,train,unused
735,15,15,test,test,train,unused
736,15,16,train,test,train,unused
737,15,17,train,test,train,unused
738,15,18,train,test,train,unused
739,15,19,test,test,train,unused
740,15,20,test,test,train,unused
741,15,21,train,test,train,unused
742,15,22,train,test,train,unused
743,15,23,train,test,train,unused
744,15,24,train,test,train,unused
745,15,25,train,test,train,unused
746,15,26,train,test,train,unused
747,15,27,train,test,train,unused
748,15,28,train,test,train,unused
749,15,29,train,test,train,unused
750,15,30,train,test,train,unused
751,15,31,train,test,unused,unused
752,15,32,test,test,unused,unused
753,15,33,test,test,test,test
754,15,34,train,test,test,test
755,15,35,train,test,test,test
756,15,36,test,test,test,test
757,15,37,train,test,test,test
758,15,38,train,test,test,test
759,15,39,train,test,test,test
760,15,40,train,test,test,test
761,15,41,train,test,test,test
762,15,42,test,test,test,test
763,15,43,train,test,test,test
764,15,44,train,test,test,test
765,15,45,test,test,test,test
766,15,46,train,test,test,test
767,15,47,train,test,test,test
768,16,0,test,test,train,unused
769,16,1,train,test,train,unused
770,16,2,test,test,train,unused
771,16,3,test,test,train,unused
772,16,4,test,test,train,unused
773,16,5,test,test,train,unused
774,16,6,train,test,train,unused
775,16,7,train,test,train,unused
776,16,8,test,test,train,unused
777,16,9,train,test,train,unused
778,16,10,train,test,train,unused
779,16,11,test,test,train,unused
780,16,12,train,test,train,unused
781,16,13,train,test,train,unused
782,16,14,test,test,train,unused
783,16,15,test,test,train,unused
784,16,16,test,test,train,unused
785,16,17,train,test,train,unused
786,16,18,test,test,train,unused
787,16,19,test,test,train,unused
788,16,20,test,test,train,unused
789,16,21,test,test,train,unused
790,16,22,train,test,train,unused
791,16,23,train,test,train,unused
792,16,24,train,test,train,unused
793,16,25,train,test,train,unused
794,16,26,train,test,train,unused
795,16,27,test,test,train,unused
796,16,28,train,test,train,unused
797,16,29,train,test,train,unused
798,16,30,train,test,train,unused
799,16,31,train,test,unused,unused
800,16,32,train,test,unused,unused
801,16,33,test,test,test,test
802,16,34,train,test,test,test
803,16,35,train,test,test,test
804,16,36,test,test,test,test
805,16,37,test,test,test,test
806,16,38,train,test,test,test
807,16,39,train,test,test,test
808,16,40,test,test,test,test
809,16,41,test,test,test,test
810,16,42,train,test,test,test
811,16,43,test,test,test,test
812,16,44,train,test,test,test
813,16,45,train,test,test,test
814,16,46,test,test,test,test
815,16,47,test,test,test,test
816,17,0,train,train,train,train
817,17,1,train,train,train,train
818,17,2,train,train,train,train
819,17,3,test,train,train,train
820,17,4,train,train,train,train
821,17,5,train,train,train,train
822,17,6,train,train,train,train
823,17,7,train,train,train,train
824,17,8,test,train,train,train
825,17,9,train,train,train,train
826,17,10,test,train,train,train
827,17,11,train,train,train,train
828,17,12,test,train,train,train
829,17,13,train,train,train,train
830,17,14,train,train,train,train
831,17,15,train,train,train,train
832,17,16,test,train,train,train
833,17,17,train,train,train,train
834,17,18,train,train,train,train
835,17,19,train,train,train,train
836,17,20,train,train,train,train
837,17,21,train,train,train,train
838,17,22,train,train,train,train
839,17,23,test,train,train,train
840,17,24,train,train,train,train
841,17,25,train,train,train,train
842,17,26,train,train,train,train
843,17,27,train,train,train,train
844,17,28,train,train,train,train
845,17,29,train,train,train,train
846,17,30,test,train,train,train
847,17,31,train,train,unused,unused
848,17,32,train,train,unused,unused
849,17,33,train,train,test,unused
850,17,34,train,train,test,unused
851,17,35,test,train,test,unused
852,17,36,train,train,test,unused
853,17,37,train,train,test,unused
854,17,38,test,train,test,unused
855,17,39,test,train,test,unused
856,17,40,train,train,test,unused
857,17,41,train,train,test,unused
858,17,42,train,train,test,unused
859,17,43,train,train,test,unused
860,17,44,train,train,test,unused
861,17,45,train,train,test,unused
862,17,46,train,train,test,unused
863,17,47,train,train,test,unused
864,18,0,train,train,train,train
865,18,1,test,train,train,train
866,18,2,train,train,train,train
867,18,3,test,train,train,train
868,18,4,test,train,train,train
869,18,5,train,train,train,train
870,18,6,train,train,train,train
871,18,7,test,train,train,train
872,18,8,test,train,train,train
873,18,9,train,train,train,train
874,18,10,test,train,train,train
875,18,11,train,train,train,train
876,18,12,train,train,train,train
877,18,13,test,train,train,train
878,18,14,train,train,train,train
879,18,15,train,train,train,train
880,18,16,test,train,train,train
881,18,17,train,train,train,train
882,18,18,train,train,train,train
883,18,19,train,train,train,train
884,18,20,train,train,train,train
885,18,21,train,train,train,train
886,18,22,train,train,train,train
887,18,23,train,train,train,train
888,18,24,train,train,train,train
889,18,25,train,train,train,train
890,18,26,test,train,train,train
891,18,27,train,train,train,train
892,18,28,train,train,train,train
893,18,29,train,train,train,train
894,18,30,train,train,train,train
895,18,31,train,train,unused,unused
896,18,32,train,train,unused,unused
897,18,33,train,train,test,unused
898,18,34,test,train,test,unused
899,18,35,train,train,test,unused
900,18,36,train,train,test,unused
901,18,37,test,train,test,unused
902,18,38,test,train,test,unused
903,18,39,train,train,test,unused
904,18,40,test,train,test,unused
905,18,41,train,train,test,unused
906,18,42,train,train,test,unused
907,18,43,train,train,test,unused
908,18,44,train,train,test,unused
909,18,45,train,train,test,unused
910,18,46,test,train,test,unused
911,18,47,test,train,test,unused
912,19,0,train,train,train,train
913,19,1,test,train,train,train
914,19,2,train,train,train,train
915,19,3,train,train,train,train
916,19,4,train,train,train,train
917,19,5,train,train,train,train
918,19,6,train,train,train,train
919,19,7,test,train,train,train
920,19,8,train,train,train,train
921,19,9,train,train,train,train
922,19,10,test,train,train,train
923,19,11,train,train,train,train
924,19,12,train,train,train,train
925,19,13,test,train,train,train
926,19,14,train,train,train,train
927,19,15,train,train,train,train
928,19,16,test,train,train,train
929,19,17,train,train,train,train
930,19,18,train,train,train,train
931,19,19,train,train,train,train
932,19,20,train,train,train,train
933,19,21,train,train,train,train
934,19,22,train,train,train,train
935,19,23,train,train,train,train
936,19,24,train,train,train,train
937,19,25,train,train,train,train
938,19,26,train,train,train,train
939,19,27,test,train,train,train
940,19,28,train,train,train,train
941,19,29,test,train,train,train
942,19,30,test,train,train,train
943,19,31,test,train,unused,unused
944,19,32,train,train,unused,unused
945,19,33,train,train,test,unused
946,19,34,train,train,test,unused
947,19,35,train,train,test,unused
948,19,36,test,train,test,unused
949,19,37,train,train,test,unused
950,19,38,test,train,test,unused
951,19,39,train,train,test,unused
952,19,40,train,train,test,unused
953,19,41,train,train,test,unused
954,19,42,train,train,test,unused
955,19,43,test,train,test,unused
956,19,44,train,train,test,unused
957,19,45,test,train,test,unused
958,19,46,train,train,test,unused
959,19,47,train,train,test,unused
960,20,0,train,test,train,unused
961,20,1,train,test,train,unused
962,20,2,train,test,train,unused
963,20,3,test,test,train,unused
964,20,4,train,test,train,unused
965,20,5,test,test,train,unused
966,20,6,train,test,train,unused
967,20,7,train,test,train,unused
968,20,8,train,test,train,unused
969,20,9,train,test,train,unused
970,20,10,train,test,train,unused
971,20,11,train,test,train,unused
972,20,12,train,test,train,unused
973,20,13,train,test,train,unused
974,20,14,train,test,train,unused
975,20,15,test,test,train,unused
976,20,16,train,test,train,unused
977,20,17,train,test,train,unused
978,20,18,train,test,train,unused
979,20,19,test,test,train,unused
980,20,20,train,test,train,unused
981,20,21,train,test,train,unused
982,20,22,train,test,train,unused
983,20,23,train,test,train,unused
984,20,24,train,test,train,unused
985,20,25,train,test,train,unused
986,20,26,test,test,train,unused
987,20,27,train,test,train,unused
988,20,28,test,test,train,unused
989,20,29,test,test,train,unused
990,20,30,train,test,train,unused
991,20,31,test,test,unused,unused
992,20,32,train,test,unused,unused
993,20,33,train,test,test,test
994,20,34,test,test,test,test
995,20,35,train,test,test,test
996,20,36,train,test,test,test
997,20,37,train,test,test,test
998,20,38,train,test,test,test
999,20,39,test,test,test,test
1000,20,40,train,test,test,test
1001,20,41,train,test,test,test
1002,20,42,train,test,test,test
1003,20,43,train,test,test,test
1004,20,44,train,test,test,test
1005,20,45,test,test,test,test
1006,20,46,train,test,test,test
1007,20,47,train,test,test,test
1008,21,0,train,train,train,train
1009,21,1,train,train,train,train
1010,21,2,train,train,train,train
1011,21,3,train,train,train,train
1012,21,4,train,train,train,train
1013,21,5,test,train,train,train
1014,21,6,train,train,train,train
1015,21,7,train,train,train,train
1016,21,8,train,train,train,train
1017,21,9,train,train,train,train
1018,21,10,train,train,train,train
1019,21,11,test,train,train,train
1020,21,12,train,train,train,train
1021,21,13,test,train,train,train
1022,21,14,train,train,train,train
1023,21,15,train,train,train,train
1024,21,16,train,train,train,train
1025,21,17,train,train,train,train
1026,21,18,train,train,train,train
1027,21,19,train,train,train,train
1028,21,20,test,train,train,train
1029,21,21,train,train,train,train
1030,21,22,train,train,train,train
1031,21,23,train,train,train,train
1032,21,24,test,train,train,train
1033,21,25,train,train,train,train
1034,21,26,test,train,train,train
1035,21,27,train,train,train,train
1036,21,28,test,train,train,train
1037,21,29,train,train,train,train
1038,21,30,train,train,train,train
1039,21,31,test,train,unused,unused
1040,21,32,train,train,unused,unused
1041,21,33,test,train,test,unused
1042,21,34,train,train,test,unused
1043,21,35,test,train,test,unused
1044,21,36,test,train,test,unused
1045,21,37,train,train,test,unused
1046,21,38,test,train,test,unused
1047,21,39,train,train,test,unused
1048,21,40,train,train,test,unused
1049,21,41,train,train,test,unused
1050,21,42,train,train,test,unused
1051,21,43,train,train,test,unused
1052,21,44,train,train,test,unused
1053,21,45,train,train,test,unused
1054,21,46,train,train,test,unused
1055,21,47,train,train,test,unused
1056,22,0,train,test,train,unused
1057,22,1,train,test,train,unused
1058,22,2,test,test,train,unused
1059,22,3,train,test,train,unused
1060,22,4,train,test,train,unused
1061,22,5,test,test,train,unused
1062,22,6,test,test,train,unused
1063,22,7,train,test,train,unused
1064,22,8,train,test,train,unused
1065,22,9,train,test,train,unused
1066,22,10,train,test,train,unused
1067,22,11,train,test,train,unused
1068,22,12,train,test,train,unused
1069,22,13,test,test,train,unused
1070,22,14,train,test,train,unused
1071,22,15,train,test,train,unused
1072,22,16,test,test,train,unused
1073,22,17,train,test,train,unused
1074,22,18,train,test,train,unused
1075,22,19,train,test,train,unused
1076,22,20,train,test,train,unused
1077,22,21,train,test,train,unused
1078,22,22,test,test,train,unused
1079,22,23,train,test,train,unused
1080,22,24,test,test,train,unused
1081,22,25,train,test,train,unused
1082,22,26,train,test,train,unused
1083,22,27,train,test,train,unused
1084,22,28,train,test,train,unused
1085,22,29,train,test,train,unused
1086,22,30,train,test,train,unused
1087,22,31,train,test,unused,unused
1088,22,32,train,test,unused,unused
1089,22,33,train,test,test,test
1090,22,34,test,test,test,test
1091,22,35,train,test,test,test
1092,22,36,train,test,test,test
1093,22,37,train,test,test,test
1094,22,38,train,test,test,test
1095,22,39,train,test,test,test
1096,22,40,train,test,test,test
1097,22,41,train,test,test,test
1098,22,42,train,test,test,test
1099,22,43,train,test,test,test
1100,22,44,train,test,test,test
1101,22,45,train,test,test,test
1102,22,46,test,test,test,test
1103,22,47,train,test,test,test
1104,23,0,train,train,train,train
1105,23,1,test,train,train,train
1106,23,2,train,train,train,train
1107,23,3,train,train,train,train
1108,23,4,test,train,train,train
1109,23,5,train,train,train,train
1110,23,6,train,train,train,train
1111,23,7,train,train,train,train
1112,23,8,train,train,train,train
1113,23,9,train,train,train,train
1114,23,10,test,train,train,train
1115,23,11,train,train,train,train
1116,23,12,train,train,train,train
1117,23,13,train,train,train,train
1118,23,14,train,train,train,train
1119,23,15,train,train,train,train
1120,23,16,train,train,train,train
1121,23,17,test,train,train,train
1122,23,18,test,train,train,train
1123,23,19,test,train,train,train
1124,23,20,test,train,train,train
1125,23,21,train,train,train,train
1126,23,22,train,train,train,train
1127,23,23,train,train,train,train
1128,23,24,train,train,train,train
1129,23,25,test,train,train,train
1130,23,26,train,train,train,train
1131,23,27,train,train,train,train
1132,23,28,train,train,train,train
1133,23,29,test,train,train,train
1134,23,30,train,train,train,train
1135,23,31,test,train,unused,unused
1136,23,32,train,train,unused,unused
1137,23,33,train,train,test,unused
1138,23,34,train,train,test,unused
1139,23,35,train,train,test,unused
1140,23,36,train,train,test,unused
1141,23,37,test,train,test,unused
1142,23,38,test,train,test,unused
1143,23,39,train,train,test,unused
1144,23,40,train,train,test,unused
1145,23,41,test,train,test,unused
1146,23,42,train,train,test,unused
1147,23,43,train,train,test,unused
1148,23,44,train,train,test,unused
1149,23,45,train,train,test,unused
1150,23,46,train,train,test,unused
1151,23,47,train,train,test,unused
1152,24,0,train,train,train,train
1153,24,1,test,train,train,train
1154,24,2,train,train,train,train
1155,24,3,train,train,train,train
1156,24,4,train,train,train,train
1157,24,5,train,train,train,train
1158,24,6,train,train,train,train
1159,24,7,train,train,train,train
1160,24,8,train,train,train,train
1161,24,9,train,train,train,train
1162,24,10,train,train,train,train
1163,24,11,train,train,train,train
1164,24,12,train,train,train,train
1165,24,13,train,train,train,train
1166,24,14,train,train,train,train
1167,24,15,train,train,train,train
1168,24,16,train,train,train,train
1169,24,17,train,train,train,train
1170,24,18,train,train,train,train
1171,24,19,train,train,train,train
1172,24,20,train,train,train,train
1173,24,21,test,train,train,train
1174,24,22,train,train,train,train
1175,24,23,test,train,train,train
1176,24,24,train,train,train,train
1177,24,25,test,train,train,train
1178,24,26,train,train,train,train
1179,24,27,train,train,train,train
1180,24,28,train,train,train,train
1181,24,29,train,train,train,train
1182,24,30,train,train,train,train
1183,24,31,train,train,unused,unused
1184,24,32,train,train,unused,unused
1185,24,33,test,train,test,unused
1186,24,34,test,train,test,unused
1187,24,35,train,train,test,unused
1188,24,36,train,train,test,unused
1189,24,37,train,train,test,unused
1190,24,38,train,train,test,unused
1191,24,39,train,train,test,unused
1192,24,40,train,train,test,unused
1193,24,41,train,train,test,unused
1194,24,42,test,train,test,unused
1195,24,43,train,train,test,unused
1196,24,44,train,train,test,unused
1197,24,45,test,train,test,unused
1198,24,46,train,train,test,unused
1199,24,47,test,train,test,unused
1200,25,0,train,train,train,train
1201,25,1,train,train,train,train
1202,25,2,train,train,train,train
1203,25,3,train,train,train,train
1204,25,4,test,train,train,train
1205,25,5,train,train,train,train
1206,25,6,test,train,train,train
1207,25,7,test,train,train,train
1208,25,8,train,train,train,train
1209,25,9,train,train,train,train
1210,25,10,train,train,train,train
1211,25,11,train,train,train,train
1212,25,12,train,train,train,train
1213,25,13,train,train,train,train
1214,25,14,train,train,train,train
1215,25,15,test,train,train,train
1216,25,16,train,train,train,train
1217,25,17,train,train,train,train
1218,25,18,test,train,train,train
1219,25,19,train,train,train,train
1220,25,20,test,train,train,train
1221,25,21,train,train,train,train
1222,25,22,train,train,train,train
1223,25,23,train,train,train,train
1224,25,24,train,train,train,train
1225,25,25,train,train,train,train
1226,25,26,test,train,train,train
1227,25,27,test,train,train,train
1228,25,28,train,train,train,train
1229,25,29,test,train,train,train
1230,25,30,train,train,train,train
1231,25,31,train,train,unused,unused
1232,25,32,train,train,unused,unused
1233,25,33,train,train,test,unused
1234,25,34,train,train,test,unused
1235,25,35,train,train,test,unused
1236,25,36,train,train,test,unused
1237,25,37,test,train,test,unused
1238,25,38,train,train,test,unused
1239,25,39,train,train,test,unused
1240,25,40,train,train,test,unused
1241,25,41,test,train,test,unused
1242,25,42,train,train,test,unused
1243,25,43,test,train,test,unused
1244,25,44,test,train,test,unused
1245,25,45,train,train,test,unused
1246,25,46,train,train,test,unused
1247,25,47,test,train,test,unused
1248,26,0,train,train,train,train
1249,26,1,test,train,train,train
1250,26,2,train,train,train,train
1251,26,3,train,train,train,train
1252,26,4,train,train,train,train
1253,26,5,train,train,train,train
1254,26,6,train,train,train,train
1255,26,7,test,train,train,train
1256,26,8,test,train,train,train
1257,26,9,train,train,train,train
1258,26,10,train,train,train,train
1259,26,11,train,train,train,train
1260,26,12,train,train,train,train
1261,26,13,train,train,train,train
1262,26,14,train,train,train,train
1263,26,15,train,train,train,train
1264,26,16,train,train,train,train
1265,26,17,train,train,train,train
1266,26,18,train,train,train,train
1267,26,19,train,train,train,train
1268,26,20,train,train,train,train
1269,26,21,test,train,train,train
1270,26,22,train,train,train,train
1271,26,23,train,train,train,train
1272,26,24,test,train,train,train
1273,26,25,test,train,train,train
1274,26,26,train,train,train,train
1275,26,27,train,train,train,train
1276,26,28,train,train,train,train
1277,26,29,train,train,train,train
1278,26,30,train,train,train,train
1279,26,31,train,train,unused,unused
1280,26,32,train,train,unused,unused
1281,26,33,train,train,test,unused
1282,26,34,train,train,test,unused
1283,26,35,train,train,test,unused
1284,26,36,train,train,test,unused
1285,26,37,train,train,test,unused
1286,26,38,test,train,test,unused
1287,26,39,train,train,test,unused
1288,26,40,train,train,test,unused
1289,26,41,train,train,test,unused
1290,26,42,train,train,test,unused
1291,26,43,train,train,test,unused
1292,26,44,train,train,test,unused
1293,26,45,test,train,test,unused
1294,26,46,test,train,test,unused
1295,26,47,train,train,test,unused
1296,27,0,train,test,train,unused
1297,27,1,train,test,train,unused
1298,27,2,train,test,train,unused
1299,27,3,test,test,train,unused
1300,27,4,train,test,train,unused
1301,27,5,test,test,train,unused
1302,27,6,test,test,train,unused
1303,27,7,train,test,train,unused
1304,27,8,train,test,train,unused
1305,27,9,train,test,train,unused
1306,27,10,train,test,train,unused
1307,27,11,train,test,train,unused
1308,27,12,test,test,train,unused
1309,27,13,train,test,train,unused
1310,27,14,test,test,train,unused
1311,27,15,train,test,train,unused
1312,27,16,test,test,train,unused
1313,27,17,train,test,train,unused
1314,27,18,train,test,train,unused
1315,27,19,test,test,train,unused
1316,27,20,train,test,train,unused
1317,27,21,train,test,train,unused
1318,27,22,train,test,train,unused
1319,27,23,test,test,train,unused
1320,27,24,train,test,train,unused
1321,27,25,train,test,train,unused
1322,27,26,train,test,train,unused
1323,27,27,train,test,train,unused
1324,27,28,test,test,train,unused
1325,27,29,train,test,train,unused
1326,27,30,train,test,train,unused
1327,27,31,test,test,unused,unused
1328,27,32,test,test,unused,unused
1329,27,33,train,test,test,test
1330,27,34,train,test,test,test
1331,27,35,test,test,test,test
1332,27,36,train,test,test,test
1333,27,37,train,test,test,test
1334,27,38,train,test,test,test
1335,27,39,test,test,test,test
1336,27,40,train,test,test,test
1337,27,41,test,test,test,test
1338,27,42,train,test,test,test
1339,27,43,train,test,test,test
1340,27,44,train,test,test,test
1341,27,45,train,test,test,test
1342,27,46,train,test,test,test
1343,27,47,train,test,test,test
1344,28,0,train,train,train,train
1345,28,1,train,train,train,train
1346,28,2,train,train,train,train
1347,28,3,test,train,train,train
1348,28,4,train,train,train,train
1349,28,5,test,train,train,train
1350,28,6,test,train,train,train
1351,28,7,train,train,train,train
1352,28,8,train,train,train,train
1353,28,9,train,train,train,train
1354,28,10,train,train,train,train
1355,28,11,train,train,train,train
1356,28,12,train,train,train,train
1357,28,13,train,train,train,train
1358,28,14,train,train,train,train
1359,28,15,test,train,train,train
1360,28,16,train,train,train,train
1361,28,17,train,train,train,train
1362,28,18,train,train,train,train
1363,28,19,train,train,train,train
1364,28,20,train,train,train,train
1365,28,21,train,train,train,train
1366,28,22,train,train,train,train
1367,28,23,train,train,train,train
1368,28,24,test,train,train,train
1369,28,25,test,train,train,train
1370,28,26,train,train,train,train
1371,28,27,train,train,train,train
1372,28,28,train,train,train,train
1373,28,29,train,train,train,train
1374,28,30,train,train,train,train
1375,28,31,train,train,unused,unused
1376,28,32,train,train,unused,unused
1377,28,33,train,train,test,unused
1378,28,34,train,train,test,unused
1379,28,35,train,train,test,unused
1380,28,36,train,train,test,unused
1381,28,37,train,train,test,unused
1382,28,38,train,train,test,unused
1383,28,39,train,train,test,unused
1384,28,40,train,train,test,unused
1385,28,41,train,train,test,unused
1386,28,42,train,train,test,unused
1387,28,43,train,train,test,unused
1388,28,44,train,train,test,unused
1389,28,45,train,train,test,unused
1390,28,46,train,train,test,unused
1391,28,47,test,train,test,unused
1392,29,0,test,train,train,train
1393,29,1,train,train,train,train
1394,29,2,train,train,train,train
1395,29,3,test,train,train,train
1396,29,4,train,train,train,train
1397,29,5,test,train,train,train
1398,29,6,train,train,train,train
1399,29,7,train,train,train,train
1400,29,8,test,train,train,train
1401,29,9,test,train,train,train
1402,29,10,test,train,train,train
1403,29,11,test,train,train,train
1404,29,12,train,train,train,train
1405,29,13,train,train,train,train
1406,29,14,test,train,train,train
1407,29,15,train,train,train,train
1408,29,16,train,train,train,train
1409,29,17,test,train,train,train
1410,29,18,train,train,train,train
1411,29,19,train,train,train,train
1412,29,20,train,train,train,train
1413,29,21,test,train,train,train
1414,29,22,train,train,train,train
1415,29,23,train,train,train,train
1416,29,24,test,train,train,train
1417,29,25,train,train,train,train
1418,29,26,train,train,train,train
1419,29,27,train,train,train,train
1420,29,28,train,train,train,train
1421,29,29,train,train,train,train
1422,29,30,train,train,train,train
1423,29,31,train,train,unused,unused
1424,29,32,train,train,unused,unused
1425,29,33,test,train,test,unused
1426,29,34,test,train,test,unused
1427,29,35,test,train,test,unused
1428,29,36,train,train,test,unused
1429,29,37,test,train,test,unused
1430,29,38,test,train,test,unused
1431,29,39,train,train,test,unused
1432,29,40,train,train,test,unused
1433,29,41,train,train,test,unused
1434,29,42,train,train,test,unused
1435,29,43,test,train,test,unused
1436,29,44,test,train,test,unused
1437,29,45,train,train,test,unused
1438,29,46,test,train,test,unused
1439,29,47,train,train,test,unused
1440,30,0,test,train,train,train
1441,30,1,train,train,train,train
1442,30,2,test,train,train,train
1443,30,3,train,train,train,train
1444,30,4,train,train,train,train
1445,30,5,train,train,train,train
1446,30,6,test,train,train,train
1447,30,7,train,train,train,train
1448,30,8,test,train,train,train
1449,30,9,train,train,train,train
1450,30,10,train,train,train,train
1451,30,11,train,train,train,train
1452,30,12,test,train,train,train
1453,30,13,train,train,train,train
1454,30,14,train,train,train,train
1455,30,15,train,train,train,train
1456,30,16,train,train,train,train
1457,30,17,test,train,train,train
1458,30,18,train,train,train,train
1459,30,19,train,train,train,train
1460,30,20,train,train,train,train
1461,30,21,train,train,train,train
1462,30,22,train,train,train,train
1463,30,23,train,train,train,train
1464,30,24,test,train,train,train
1465,30,25,train,train,train,train
1466,30,26,train,train,train,train
1467,30,27,train,train,train,train
1468,30,28,train,train,train,train
1469,30,29,train,train,train,train
1470,30,30,train,train,train,train
1471,30,31,train,train,unused,unused
1472,30,32,test,train,unused,unused
1473,30,33,train,train,test,unused
1474,30,34,train,train,test,unused
1475,30,35,test,train,test,unused
1476,30,36,test,train,test,unused
1477,30,37,train,train,test,unused
1478,30,38,test,train,test,unused
1479,30,39,train,train,test,unused
1480,30,40,train,train,test,unused
1481,30,41,test,train,test,unused
1482,30,42,train,train,test,unused
1483,30,43,train,train,test,unused
1484,30,44,train,train,test,unused
1485,30,45,train,train,test,unused
1486,30,46,test,train,test,unused
1487,30,47,test,train,test,unused
1488,31,0,train,train,train,train
1489,31,1,train,train,train,train
1490,31,2,train,train,train,train
1491,31,3,train,train,train,train
1492,31,4,train,train,train,train
1493,31,5,test,train,train,train
1494,31,6,test,train,train,train
1495,31,7,test,train,train,train
1496,31,8,train,train,train,train
1497,31,9,test,train,train,train
1498,31,10,train,train,train,train
1499,31,11,train,train,train,train
1500,31,12,test,train,train,train
1501,31,13,train,train,train,train
1502,31,14,test,train,train,train
1503,31,15,train,train,train,train
1504,31,16,test,train,train,train
1505,31,17,train,train,train,train
1506,31,18,train,train,train,train
1507,31,19,train,train,train,train
1508,31,20,train,train,train,train
1509,31,21,train,train,train,train
1510,31,22,train,train,train,train
1511,31,23,train,train,train,train
1512,31,24,test,train,train,train
1513,31,25,train,train,train,train
1514,31,26,train,train,train,train
1515,31,27,train,train,train,train
1516,31,28,train,train,train,train
1517,31,29,test,train,train,train
1518,31,30,train,train,train,train
1519,31,31,test,train,unused,unused
1520,31,32,train,train,unused,unused
1521,31,33,train,train,test,unused
1522,31,34,train,train,test,unused
1523,31,35,train,train,test,unused
1524,31,36,train,train,test,unused
1525,31,37,train,train,test,unused
1526,31,38,train,train,test,unused
1527,31,39,test,train,test,unused
1528,31,40,train,train,test,unused
1529,31,41,train,train,test,unused
1530,31,42,train,train,test,unused
1531,31,43,train,train,test,unused
1532,31,44,train,train,test,unused
1533,31,45,train,train,test,unused
1534,31,46,test,train,test,unused
1535,31,47,train,train,test,unused
1536,32,0,test,test,train,unused
1537,32,1,train,test,train,unused
1538,32,2,train,test,train,unused
1539,32,3,train,test,train,unused
1540,32,4,train,test,train,unused
1541,32,5,train,test,train,unused
1542,32,6,train,test,train,unused
1543,32,7,train,test,train,unused
1544,32,8,train,test,train,unused
1545,32,9,train,test,train,unused
1546,32,10,test,test,train,unused
1547,32,11,train,test,train,unused
1548,32,12,test,test,train,unused
1549,32,13,test,test,train,unused
1550,32,14,train,test,train,unused
1551,32,15,train,test,train,unused
1552,32,16,test,test,train,unused
1553,32,17,train,test,train,unused
1554,32,18,train,test,train,unused
1555,32,19,train,test,train,unused
1556,32,20,train,test,train,unused
1557,32,21,test,test,train,unused
1558,32,22,train,test,train,unused
1559,32,23,test,test,train,unused
1560,32,24,train,test,train,unused
1561,32,25,train,test,train,unused
1562,32,26,train,test,train,unused
1563,32,27,train,test,train,unused
1564,32,28,train,test,train,unused
1565,32,29,train,test,train,unused
1566,32,30,test,test,train,unused
1567,32,31,train,test,unused,unused
1568,32,32,train,test,unused,unused
1569,32,33,train,test,test,test
1570,32,34,train,test,test,test
1571,32,35,train,test,test,test
1572,32,36,train,test,test,test
1573,32,37,train,test,test,test
1574,32,38,train,test,test,test
1575,32,39,test,test,test,test
1576,32,40,train,test,test,test
1577,32,41,train,test,test,test
1578,32,42,test,test,test,test
1579,32,43,train,test,test,test
1580,32,44,train,test,test,test
1581,32,45,train,test,test,test
1582,32,46,train,test,test,test
1583,32,47,train,test,test,test
1584,33,0,train,train,train,train
1585,33,1,test,train,train,train
1586,33,2,train,train,train,train
1587,33,3,train,train,train,train
1588,33,4,train,train,train,train
1589,33,5,test,train,train,train
1590,33,6,train,train,train,train
1591,33,7,train,train,train,train
1592,33,8,test,train,train,train
1593,33,9,train,train,train,train
1594,33,10,train,train,train,train
1595,33,11,train,train,train,train
1596,33,12,train,train,train,train
1597,33,13,test,train,train,train
1598,33,14,test,train,train,train
1599,33,15,test,train,train,train
1600,33,16,train,train,train,train
1601,33,17,test,train,train,train
1602,33,18,train,train,train,train
1603,33,19,test,train,train,train
1604,33,20,train,train,train,train
1605,33,21,train,train,train,train
1606,33,22,train,train,train,train
1607,33,23,train,train,train,train
1608,33,24,train,train,train,train
1609,33,25,train,train,train,train
1610,33,26,train,train,train,train
1611,33,27,train,train,train,train
1612,33,28,test,train,train,train
1613,33,29,test,train,train,train
1614,33,30,train,train,train,train
1615,33,31,train,train,unused,unused
1616,33,32,test,train,unused,unused
1617,33,33,train,train,test,unused
1618,33,34,test,train,test,unused
1619,33,35,train,train,test,unused
1620,33,36,train,train,test,unused
1621,33,37,train,train,test,unused
1622,33,38,test,train,test,unused
1623,33,39,train,train,test,unused
1624,33,40,train,train,test,unused
1625,33,41,train,train,test,unused
1626,33,42,train,train,test,unused
1627,33,43,test,train,test,unused
1628,33,44,train,train,test,unused
1629,33,45,train,train,test,unused
1630,33,46,train,train,test,unused
1631,33,47,train,train,test,unused
1632,34,0,train,train,train,train
1633,34,1,train,train,train,train
1634,34,2,train,train,train,train
1635,34,3,train,train,train,train
1636,34,4,train,train,train,train
1637,34,5,train,train,train,train
1638,34,6,train,train,train,train
1639,34,7,train,train,train,train
1640,34,8,train,train,train,train
1641,34,9,train,train,train,train
1642,34,10,test,train,train,train
1643,34,11,train,train,train,train
1644,34,12,test,train,train,train
1645,34,13,train,train,train,train
1646,34,14,train,train,train,train
1647,34,15,train,train,train,train
1648,34,16,train,train,train,train
1649,34,17,train,train,train,train
1650,34,18,train,train,train,train
1651,34,19,train,train,train,train
1652,34,20,train,train,train,train
1653,34,21,train,train,train,train
1654,34,22,train,train,train,train
1655,34,23,train,train,train,train
1656,34,24,test,train,train,train
1657,34,25,train,train,train,train
1658,34,26,train,train,train,train
1659,34,27,test,train,train,train
1660,34,28,train,train,train,train
1661,34,29,train,train,train,train
1662,34,30,test,train,train,train
1663,34,31,train,train,unused,unused
1664,34,32,train,train,unused,unused
1665,34,33,train,train,test,unused
1666,34,34,train,train,test,unused
1667,34,35,test,train,test,unused
1668,34,36,train,train,test,unused
1669,34,37,train,train,test,unused
1670,34,38,test,train,test,unused
1671,34,39,test,train,test,unused
1672,34,40,train,train,test,unused
1673,34,41,train,train,test,unused
1674,34,42,train,train,test,unused
1675,34,43,train,train,test,unused
1676,34,44,train,train,test,unused
1677,34,45,train,train,test,unused
1678,34,46,train,train,test,unused
1679,34,47,test,train,test,unused
1680,35,0,test,test,train,unused
1681,35,1,train,test,train,unused
1682,35,2,train,test,train,unused
1683,35,3,train,test,train,unused
1684,35,4,train,test,train,unused
1685,35,5,test,test,train,unused
1686,35,6,train,test,train,unused
1687,35,7,train,test,train,unused
1688,35,8,train,test,train,unused
1689,35,9,train,test,train,unused
1690,35,10,train,test,train,unused
1691,35,11,train,test,train,unused
1692,35,12,train,test,train,unused
1693,35,13,test,test,train,unused
1694,35,14,train,test,train,unused
1695,35,15,train,test,train,unused
1696,35,16,test,test,train,unused
1697,35,17,train,test,train,unused
1698,35,18,train,test,train,unused
1699,35,19,test,test,train,unused
1700,35,20,test,test,train,unused
1701,35,21,test,test,train,unused
1702,35,22,train,test,train,unused
1703,35,23,test,test,train,unused
1704,35,24,test,test,train,unused
1705,35,25,train,test,train,unused
1706,35,26,train,test,train,unused
1707,35,27,train,test,train,unused
1708,35,28,train,test,train,unused
1709,35,29,train,test,train,unused
1710,35,30,test,test,train,unused
1711,35,31,train,test,unused,unused
1712,35,32,train,test,unused,unused
1713,35,33,train,test,test,test
1714,35,34,train,test,test,test
1715,35,35,test,test,test,test
1716,35,36,train,test,test,test
1717,35,37,train,test,test,test
1718,35,38,train,test,test,test
1719,35,39,test,test,test,test
1720,35,40,train,test,test,test
1721,35,41,train,test,test,test
1722,35,42,train,test,test,test
1723,35,43,train,test,test,test
1724,35,44,train,test,test,test
1725,35,45,train,test,test,test
1726,35,46,train,test,test,test
1727,35,47,test,test,test,test
1728,36,0,train,train,train,train
1729,36,1,train,train,train,train
1730,36,2,train,train,train,train
1731,36,3,train,train,train,train
1732,36,4,train,train,train,train
1733,36,5,test,train,train,train
1734,36,6,train,train,train,train
1735,36,7,train,train,train,train
1736,36,8,train,train,train,train
1737,36,9,test,train,train,train
1738,36,10,test,train,train,train
1739,36,11,train,train,train,train
1740,36,12,train,train,train,train
1741,36,13,train,train,train,train
1742,36,14,test,train,train,train
1743,36,15,train,train,train,train
1744,36,16,train,train,train,train
1745,36,17,train,train,train,train
1746,36,18,test,train,train,train
1747,36,19,train,train,train,train
1748,36,20,train,train,train,train
1749,36,21,train,train,train,train
1750,36,22,train,train,train,train
1751,36,23,train,train,train,train
1752,36,24,train,train,train,train
1753,36,25,test,train,train,train
1754,36,26,train,train,train,train
1755,36,27,train,train,train,train
1756,36,28,test,train,train,train
1757,36,29,train,train,train,train
1758,36,30,train,train,train,train
1759,36,31,train,train,unused,unused
1760,36,32,test,train,unused,unused
1761,36,33,train,train,test,unused
1762,36,34,test,train,test,unused
1763,36,35,train,train,test,unused
1764,36,36,train,train,test,unused
1765,36,37,train,train,test,unused
1766,36,38,train,train,test,unused
1767,36,39,train,train,test,unused
1768,36,40,train,train,test,unused
1769,36,41,test,train,test,unused
1770,36,42,train,train,test,unused
1771,36,43,train,train,test,unused
1772,36,44,train,train,test,unused
1773,36,45,test,train,test,unused
1774,36,46,train,train,test,unused
1775,36,47,test,train,test,unused
1776,37,0,train,test,train,unused
1777,37,1,test,test,train,unused
1778,37,2,test,test,train,unused
1779,37,3,train,test,train,unused
1780,37,4,train,test,train,unused
1781,37,5,train,test,train,unused
1782,37,6,train,test,train,unused
1783,37,7,train,test,train,unused
1784,37,8,train,test,train,unused
1785,37,9,test,test,train,unused
1786,37,10,test,test,train,unused
1787,37,11,train,test,train,unused
1788,37,12,train,test,train,unused
1789,37,13,train,test,train,unused
1790,37,14,train,test,train,unused
1791,37,15,test,test,train,unused
1792,37,16,test,test,train,unused
1793,37,17,train,test,train,unused
1794,37,18,train,test,train,unused
1795,37,19,train,test,train,unused
1796,37,20,train,test,train,unused
1797,37,21,train,test,train,unused
1798,37,22,train,test,train,unused
1799,37,23,train,test,train,unused
1800,37,24,train,test,train,unused
1801,37,25,train,test,train,unused
1802,37,26,test,test,train,unused
1803,37,27,train,test,train,unused
1804,37,28,train,test,train,unused
1805,37,29,train,test,train,unused
1806,37,30,train,test,train,unused
1807,37,31,test,test,unused,unused
1808,37,32,train,test,unused,unused
1809,37,33,test,test,test,test
1810,37,34,test,test,test,test
1811,37,35,train,test,test,test
1812,37,36,train,test,test,test
1813,37,37,train,test,test,test
1814,37,38,test,test,test,test
1815,37,39,train,test,test,test
1816,37,40,test,test,test,test
1817,37,41,train,test,test,test
1818,37,42,train,test,test,test
1819,37,43,test,test,test,test
1820,37,44,train,test,test,test
1821,37,45,train,test,test,test
1822,37,46,train,test,test,test
1823,37,47,train,test,test,test
1824,38,0,test,train,train,train
1825,38,1,train,train,train,train
1826,38,2,train,train,train,train
1827,38,3,train,train,train,train
1828,38,4,train,train,train,train
1829,38,5,train,train,train,train
1830,38,6,train,train,train,train
1831,38,7,test,train,train,train
1832,38,8,train,train,train,train
1833,38,9,test,train,train,train
1834,38,10,test,train,train,train
1835,38,11,test,train,train,train
1836,38,12,train,train,train,train
1837,38,13,train,train,train,train
1838,38,14,train,train,train,train
1839,38,15,test,train,train,train
1840,38,16,train,train,train,train
1841,38,17,train,train,train,train
1842,38,18,train,train,train,train
1843,38,19,train,train,train,train
1844,38,20,test,train,train,train
1845,38,21,train,train,train,train
1846,38,22,train,train,train,train
1847,38,23,train,train,train,train
1848,38,24,train,train,train,train
1849,38,25,train,train,train,train
1850,38,26,train,train,train,train
1851,38,27,test,train,train,train
1852,38,28,train,train,train,train
1853,38,29,train,train,train,train
1854,38,30,train,train,train,train
1855,38,31,train,train,unused,unused
1856,38,32,train,train,unused,unused
1857,38,33,test,train,test,unused
1858,38,34,train,train,test,unused
1859,38,35,test,train,test,unused
1860,38,36,train,train,test,unused
1861,38,37,test,train,test,unused
1862,38,38,train,train,test,unused
1863,38,39,train,train,test,unused
1864,38,40,train,train,test,unused
1865,38,41,train,train,test,unused
1866,38,42,train,train,test,unused
1867,38,43,train,train,test,unused
1868,38,44,train,train,test,unused
1869,38,45,test,train,test,unused
1870,38,46,train,train,test,unused
1871,38,47,train,train,test,unused
1872,39,0,train,test,train,unused
1873,39,1,train,test,train,unused
1874,39,2,train,test,train,unused
1875,39,3,train,test,train,unused
1876,39,4,test,test,train,unused
1877,39,5,train,test,train,unused
1878,39,6,train,test,train,unused
1879,39,7,train,test,train,unused
1880,39,8,test,test,train,unused
1881,39,9,test,test,train,unused
1882,39,10,test,test,train,unused
1883,39,11,test,test,train,unused
1884,39,12,test,test,train,unused
1885,39,13,train,test,train,unused
1886,39,14,train,test,train,unused
1887,39,15,train,test,train,unused
1888,39,16,train,test,train,unused
1889,39,17,train,test,train,unused
1890,39,18,train,test,train,unused
1891,39,19,train,test,train,unused
1892,39,20,train,test,train,unused
1893,39,21,train,test,train,unused
1894,39,22,train,test,train,unused
1895,39,23,train,test,train,unused
1896,39,24,train,test,train,unused
1897,39,25,test,test,train,unused
1898,39,26,train,test,train,unused
1899,39,27,train,test,train,unused
1900,39,28,train,test,train,unused
1901,39,29,train,test,train,unused
1902,39,30,test,test,train,unused
1903,39,31,train,test,unused,unused
1904,39,32,test,test,unused,unused
1905,39,33,train,test,test,test
1906,39,34,train,test,test,test
1907,39,35,train,test,test,test
1908,39,36,train,test,test,test
1909,39,37,train,test,test,test
1910,39,38,train,test,test,test
1911,39,39,test,test,test,test
1912,39,40,train,test,test,test
1913,39,41,train,test,test,test
1914,39,42,train,test,test,test
1915,39,43,test,test,test,test
1916,39,44,train,test,test,test
1917,39,45,train,test,test,test
1918,39,46,train,test,test,test
1919,39,47,train,test,test,test
1920,40,0,train,test,train,unused
1921,40,1,test,test,train,unused
1922,40,2,train,test,train,unused
1923,40,3,train,test,train,unused
1924,40,4,train,test,train,unused
1925,40,5,train,test,train,unused
1926,40,6,test,test,train,unused
1927,40,7,train,test,train,unused
1928,40,8,test,test,train,unused
1929,40,9,train,test,train,unused
1930,40,10,test,test,train,unused
1931,40,11,train,test,train,unused
1932,40,12,train,test,train,unused
1933,40,13,test,test,train,unused
1934,40,14,train,test,train,unused
1935,40,15,train,test,train,unused
1936,40,16,train,test,train,unused
1937,40,17,test,test,train,unused
1938,40,18,train,test,train,unused
1939,40,19,test,test,train,unused
1940,40,20,train,test,train,unused
1941,40,21,train,test,train,unused
1942,40,22,train,test,train,unused
1943,40,23,train,test,train,unused
1944,40,24,train,test,train,unused
1945,40,25,train,test,train,unused
1946,40,26,train,test,train,unused
1947,40,27,train,test,train,unused
1948,40,28,train,test,train,unused
1949,40,29,test,test,train,unused
1950,40,30,train,test,train,unused
1951,40,31,train,test,unused,unused
1952,40,32,train,test,unused,unused
1953,40,33,train,test,test,test
1954,40,34,train,test,test,test
1955,40,35,train,test,test,test
1956,40,36,train,test,test,test
1957,40,37,test,test,test,test
1958,40,38,train,test,test,test
1959,40,39,train,test,test,test
1960,40,40,train,test,test,test
1961,40,41,test,test,test,test
1962,40,42,train,test,test,test
1963,40,43,train,test,test,test
1964,40,44,train,test,test,test
1965,40,45,test,test,test,test
1966,40,46,train,test,test,test
1967,40,47,train,test,test,test
1968,41,0,train,test,train,unused
1969,41,1,train,test,train,unused
1970,41,2,test,test,train,unused
1971,41,3,train,test,train,unused
1972,41,4,train,test,train,unused
1973,41,5,train,test,train,unused
1974,41,6,train,test,train,unused
1975,41,7,train,test,train,unused
1976,41,8,train,test,train,unused
1977,41,9,train,test,train,unused
1978,41,10,test,test,train,unused
1979,41,11,train,test,train,unused
1980,41,12,test,test,train,unused
1981,41,13,train,test,train,unused
1982,41,14,test,test,train,unused
1983,41,15,train,test,train,unused
1984,41,16,train,test,train,unused
1985,41,17,train,test,train,unused
1986,41,18,train,test,train,unused
1987,41,19,train,test,train,unused
1988,41,20,train,test,train,unused
1989,41,21,train,test,train,unused
1990,41,22,train,test,train,unused
1991,41,23,train,test,train,unused
1992,41,24,train,test,train,unused
1993,41,25,train,test,train,unused
1994,41,26,test,test,train,unused
1995,41,27,train,test,train,unused
1996,41,28,train,test,train,unused
1997,41,29,train,test,train,unused
1998,41,30,train,test,train,unused
1999,41,31,train,test,unused,unused
2000,41,32,train,test,unused,unused
2001,41,33,train,test,test,test
2002,41,34,train,test,test,test
2003,41,35,test,test,test,test
2004,41,36,train,test,test,test
2005,41,37,train,test,test,test
2006,41,38,train,test,test,test
2007,41,39,train,test,test,test
2008,41,40,train,test,test,test
2009,41,41,train,test,test,test
2010,41,42,train,test,test,test
2011,41,43,test,test,test,test
2012,41,44,test,test,test,test
2013,41,45,train,test,test,test
2014,41,46,train,test,test,test
2015,41,47,train,test,test,test
2016,42,0,train,train,train,train
2017,42,1,train,train,train,train
2018,42,2,train,train,train,train
2019,42,3,test,train,train,train
2020,42,4,train,train,train,train
2021,42,5,train,train,train,train
2022,42,6,train,train,train,train
2023,42,7,train,train,train,train
2024,42,8,test,train,train,train
2025,42,9,train,train,train,train
2026,42,10,train,train,train,train
2027,42,11,train,train,train,train
2028,42,12,train,train,train,train
2029,42,13,train,train,train,train
2030,42,14,train,train,train,train
2031,42,15,train,train,train,train
2032,42,16,train,train,train,train
2033,42,17,test,train,train,train
2034,42,18,train,train,train,train
2035,42,19,train,train,train,train
2036,42,20,train,train,train,train
2037,42,21,train,train,train,train
2038,42,22,train,train,train,train
2039,42,23,train,train,train,train
2040,42,24,train,train,train,train
2041,42,25,train,train,train,train
2042,42,26,train,train,train,train
2043,42,27,test,train,train,train
2044,42,28,train,train,train,train
2045,42,29,train,train,train,train
2046,42,30,train,train,train,train
2047,42,31,train,train,unused,unused
2048,42,32,train,train,unused,unused
2049,42,33,train,train,test,unused
2050,42,34,train,train,test,unused
2051,42,35,train,train,test,unused
2052,42,36,test,train,test,unused
2053,42,37,train,train,test,unused
2054,42,38,train,train,test,unused
2055,42,39,train,train,test,unused
2056,42,40,train,train,test,unused
2057,42,41,train,train,test,unused
2058,42,42,train,train,test,unused
2059,42,43,test,train,test,unused
2060,42,44,test,train,test,unused
2061,42,45,train,train,test,unused
2062,42,46,train,train,test,unused
2063,42,47,train,train,test,unused
2064,43,0,train,train,train,train
2065,43,1,train,train,train,train
2066,43,2,train,train,train,train
2067,43,3,train,train,train,train
2068,43,4,train,train,train,train
2069,43,5,test,train,train,train
2070,43,6,train,train,train,train
2071,43,7,test,train,train,train
2072,43,8,train,train,train,train
2073,43,9,train,train,train,train
2074,43,10,train,train,train,train
2075,43,11,test,train,train,train
2076,43,12,test,train,train,train
2077,43,13,train,train,train,train
2078,43,14,train,train,train,train
2079,43,15,train,train,train,train
2080,43,16,train,train,train,train
2081,43,17,train,train,train,train
2082,43,18,train,train,train,train
2083,43,19,test,train,train,train
2084,43,20,train,train,train,train
2085,43,21,train,train,train,train
2086,43,22,train,train,train,train
2087,43,23,train,train,train,train
2088,43,24,train,train,train,train
2089,43,25,train,train,train,train
2090,43,26,test,train,train,train
2091,43,27,train,train,train,train
2092,43,28,train,train,train,train
2093,43,29,train,train,train,train
2094,43,30,test,train,train,train
2095,43,31,train,train,unused,unused
2096,43,32,test,train,unused,unused
2097,43,33,train,train,test,unused
2098,43,34,test,train,test,unused
2099,43,35,train,train,test,unused
2100,43,36,train,train,test,unused
2101,43,37,train,train,test,unused
2102,43,38,train,train,test,unused
2103,43,39,test,train,test,unused
2104,43,40,train,train,test,unused
2105,43,41,train,train,test,unused
2106,43,42,test,train,test,unused
2107,43,43,train,train,test,unused
2108,43,44,train,train,test,unused
2109,43,45,train,train,test,unused
2110,43,46,train,train,test,unused
2111,43,47,train,train,test,unused
2112,44,0,train,train,train,train
2113,44,1,train,train,train,train
2114,44,2,test,train,train,train
2115,44,3,train,train,train,train
2116,44,4,test,train,train,train
2117,44,5,train,train,train,train
2118,44,6,train,train,train,train
2119,44,7,train,train,train,train
2120,44,8,train,train,train,train
2121,44,9,train,train,train,train
2122,44,10,test,train,train,train
2123,44,11,test,train,train,train
2124,44,12,test,train,train,train
2125,44,13,train,train,train,train
2126,44,14,train,train,train,train
2127,44,15,train,train,train,train
2128,44,16,test,train,train,train
2129,44,17,train,train,train,train
2130,44,18,test,train,train,train
2131,44,19,train,train,train,train
2132,44,20,train,train,train,train
2133,44,21,train,train,train,train
2134,44,22,train,train,train,train
2135,44,23,train,train,train,train
2136,44,24,train,train,train,train
2137,44,25,train,train,train,train
2138,44,26,train,train,train,train
2139,44,27,train,train,train,train
2140,44,28,train,train,train,train
2141,44,29,train,train,train,train
2142,44,30,train,train,train,train
2143,44,31,train,train,unused,unused
2144,44,32,train,train,unused,unused
2145,44,33,train,train,test,unused
2146,44,34,train,train,test,unused
2147,44,35,train,train,test,unused
2148,44,36,train,train,test,unused
2149,44,37,train,train,test,unused
2150,44,38,train,train,test,unused
2151,44,39,train,train,test,unused
2152,44,40,train,train,test,unused
2153,44,41,train,train,test,unused
2154,44,42,train,train,test,unused
2155,44,43,test,train,test,unused
2156,44,44,test,train,test,unused
2157,44,45,train,train,test,unused
2158,44,46,test,train,test,unused
2159,44,47,train,train,test,unused
2160,45,0,train,train,train,train
2161,45,1,train,train,train,train
2162,45,2,train,train,train,train
2163,45,3,train,train,train,train
2164,45,4,test,train,train,train
2165,45,5,train,train,train,train
2166,45,6,train,train,train,train
2167,45,7,train,train,train,train
2168,45,8,test,train,train,train
2169,45,9,train,train,train,train
2170,45,10,train,train,train,train
2171,45,11,train,train,train,train
2172,45,12,train,train,train,train
2173,45,13,test,train,train,train
2174,45,14,test,train,train,train
2175,45,15,train,train,train,train
2176,45,16,train,train,train,train
2177,45,17,test,train,train,train
2178,45,18,train,train,train,train
2179,45,19,test,train,train,train
2180,45,20,train,train,train,train
2181,45,21,test,train,train,train
2182,45,22,train,train,train,train
2183,45,23,train,train,train,train
2184,45,24,train,train,train,train
2185,45,25,train,train,train,train
2186,45,26,train,train,train,train
2187,45,27,train,train,train,train
2188,45,28,test,train,train,train
2189,45,29,train,train,train,train
2190,45,30,train,train,train,train
2191,45,31,train,train,unused,unused
2192,45,32,train,train,unused,unused
2193,45,33,train,train,test,unused
2194,45,34,test,train,test,unused
2195,45,35,train,train,test,unused
2196,45,36,train,train,test,unused
2197,45,37,test,train,test,unused
2198,45,38,test,train,test,unused
2199,45,39,test,train,test,unused
2200,45,40,train,train,test,unused
2201,45,41,train,train,test,unused
2202,45,42,train,train,test,unused
2203,45,43,train,train,test,unused
2204,45,44,train,train,test,unused
2205,45,45,test,train,test,unused
2206,45,46,train,train,test,unused
2207,45,47,test,train,test,unused
2208,46,0,test,train,train,train
2209,46,1,train,train,train,train
2210,46,2,train,train,train,train
2211,46,3,train,train,train,train
2212,46,4,train,train,train,train
2213,46,5,test,train,train,train
2214,46,6,train,train,train,train
2215,46,7,train,train,train,train
2216,46,8,train,train,train,train
2217,46,9,train,train,train,train
2218,46,10,test,train,train,train
2219,46,11,train,train,train,train
2220,46,12,train,train,train,train
2221,46,13,test,train,train,train
2222,46,14,test,train,train,train
2223,46,15,train,train,train,train
2224,46,16,train,train,train,train
2225,46,17,train,train,train,train
2226,46,18,train,train,train,train
2227,46,19,test,train,train,train
2228,46,20,train,train,train,train
2229,46,21,train,train,train,train
2230,46,22,test,train,train,train
2231,46,23,train,train,train,train
2232,46,24,train,train,train,train
2233,46,25,train,train,train,train
2234,46,26,test,train,train,train
2235,46,27,train,train,train,train
2236,46,28,train,train,train,train
2237,46,29,test,train,train,train
2238,46,30,test,train,train,train
2239,46,31,train,train,unused,unused
2240,46,32,train,train,unused,unused
2241,46,33,train,train,test,unused
2242,46,34,train,train,test,unused
2243,46,35,test,train,test,unused
2244,46,36,train,train,test,unused
2245,46,37,train,train,test,unused
2246,46,38,train,train,test,unused
2247,46,39,test,train,test,unused
2248,46,40,train,train,test,unused
2249,46,41,test,train,test,unused
2250,46,42,test,train,test,unused
2251,46,43,train,train,test,unused
2252,46,44,test,train,test,unused
2253,46,45,train,train,test,unused
2254,46,46,train,train,test,unused
2255,46,47,train,train,test,unused
2256,47,0,train,train,train,train
2257,47,1,train,train,train,train
2258,47,2,test,train,train,train
2259,47,3,test,train,train,train
2260,47,4,test,train,train,train
2261,47,5,train,train,train,train
2262,47,6,train,train,train,train
2263,47,7,train,train,train,train
2264,47,8,test,train,train,train
2265,47,9,train,train,train,train
2266,47,10,train,train,train,train
2267,47,11,train,train,train,train
2268,47,12,test,train,train,train
2269,47,13,train,train,train,train
2270,47,14,test,train,train,train
2271,47,15,test,train,train,train
2272,47,16,train,train,train,train
2273,47,17,train,train,train,train
2274,47,18,train,train,train,train
2275,47,19,train,train,train,train
2276,47,20,test,train,train,train
2277,47,21,train,train,train,train
2278,47,22,train,train,train,train
2279,47,23,train,train,train,train
2280,47,24,train,train,train,train
2281,47,25,train,train,train,train
2282,47,26,train,train,train,train
2283,47,27,train,train,train,train
2284,47,28,train,train,train,train
2285,47,29,train,train,train,train
2286,47,30,train,train,train,train
2287,47,31,train,train,unused,unused
2288,47,32,train,train,unused,unused
2289,47,33,test,train,test,unused
2290,47,34,test,train,test,unused
2291,47,35,train,train,test,unused
2292,47,36,train,train,test,unused
2293,47,37,train,train,test,unused
2294,47,38,train,train,test,unused
2295,47,39,train,train,test,unused
2296,47,40,train,train,test,unused
2297,47,41,train,train,test,unused
2298,47,42,train,train,test,unused
2299,47,43,train,train,test,unused
2300,47,44,train,train,test,unused
2301,47,45,train,train,test,unused
2302,47,46,train,train,test,unused
2303,47,47,train,train,test,unused
2304,48,0,test,train,train,train
2305,48,1,train,train,train,train
2306,48,2,train,train,train,train
2307,48,3,train,train,train,train
2308,48,4,train,train,train,train
2309,48,5,train,train,train,train
2310,48,6,test,train,train,train
2311,48,7,train,train,train,train
2312,48,8,train,train,train,train
2313,48,9,test,train,train,train
2314,48,10,train,train,train,train
2315,48,11,train,train,train,train
2316,48,12,test,train,train,train
2317,48,13,test,train,train,train
2318,48,14,train,train,train,train
2319,48,15,test,train,train,train
2320,48,16,train,train,train,train
2321,48,17,train,train,train,train
2322,48,18,test,train,train,train
2323,48,19,train,train,train,train
2324,48,20,train,train,train,train
2325,48,21,train,train,train,train
2326,48,22,train,train,train,train
2327,48,23,train,train,train,train
2328,48,24,train,train,train,train
2329,48,25,test,train,train,train
2330,48,26,train,train,train,train
2331,48,27,test,train,train,train
2332,48,28,train,train,train,train
2333,48,29,train,train,train,train
2334,48,30,train,train,train,train
2335,48,31,train,train,unused,unused
2336,48,32,train,train,unused,unused
2337,48,33,train,train,test,unused
2338,48,34,train,train,test,unused
2339,48,35,train,train,test,unused
2340,48,36,test,train,test,unused
2341,48,37,train,train,test,unused
2342,48,38,test,train,test,unused
2343,48,39,train,train,test,unused
2344,48,40,test,train,test,unused
2345,48,41,train,train,test,unused
2346,48,42,train,train,test,unused
2347,48,43,test,train,test,unused
2348,48,44,train,train,test,unused
2349,48,45,train,train,test,unused
2350,48,46,test,train,test,unused
2351,48,47,train,train,test,unused
2352,49,0,test,train,train,train
2353,49,1,test,train,train,train
2354,49,2,train,train,train,train
2355,49,3,train,train,train,train
2356,49,4,train,train,train,train
2357,49,5,train,train,train,train
2358,49,6,train,train,train,train
2359,49,7,test,train,train,train
2360,49,8,train,train,train,train
2361,49,9,train,train,train,train
2362,49,10,train,train,train,train
2363,49,11,train,train,train,train
2364,49,12,train,train,train,train
2365,49,13,train,train,train,train
2366,49,14,test,train,train,train
2367,49,15,train,train,train,train
2368,49,16,train,train,train,train
2369,49,17,train,train,train,train
2370,49,18,train,train,train,train
2371,49,19,train,train,train,train
2372,49,20,train,train,train,train
2373,49,21,train,train,train,train
2374,49,22,train,train,train,train
2375,49,23,train,train,train,train
2376,49,24,train,train,train,train
2377,49,25,test,train,train,train
2378,49,26,train,train,train,train
2379,49,27,train,train,train,train
2380,49,28,test,train,train,train
2381,49,29,train,train,train,train
2382,49,30,train,train,train,train
2383,49,31,test,train,unused,unused
2384,49,32,test,train,unused,unused
2385,49,33,test,train,test,unused
2386,49,34,test,train,test,unused
2387,49,35,train,train,test,unused
2388,49,36,train,train,test,unused
2389,49,37,train,train,test,unused
2390,49,38,train,train,test,unused
2391,49,39,test,train,test,unused
2392,49,40,train,train,test,unused
2393,49,41,train,train,test,unused
2394,49,42,train,train,test,unused
2395,49,43,test,train,test,unused
2396,49,44,test,train,test,unused
2397,49,45,train,train,test,unused
2398,49,46,train,train,test,unused
2399,49,47,train,train,test,unused
2400,50,0,train,test,train,unused
2401,50,1,train,test,train,unused
2402,50,2,train,test,train,unused
2403,50,3,train,test,train,unused
2404,50,4,train,test,train,unused
2405,50,5,train,test,train,unused
2406,50,6,test,test,train,unused
2407,50,7,train,test,train,unused
2408,50,8,train,test,train,unused
2409,50,9,train,test,train,unused
2410,50,10,train,test,train,unused
2411,50,11,test,test,train,unused
2412,50,12,train,test,train,unused
2413,50,13,train,test,train,unused
2414,50,14,train,test,train,unused
2415,50,15,train,test,train,unused
2416,50,16,train,test,train,unused
2417,50,17,train,test,train,unused
2418,50,18,train,test,train,unused
2419,50,19,train,test,train,unused
2420,50,20,test,test,train,unused
2421,50,21,train,test,train,unused
2422,50,22,train,test,train,unused
2423,50,23,test,test,train,unused
2424,50,24,train,test,train,unused
2425,50,25,test,test,train,unused
2426,50,26,train,test,train,unused
2427,50,27,train,test,train,unused
2428,50,28,train,test,train,unused
2429,50,29,train,test,train,unused
2430,50,30,train,test,train,unused
2431,50,31,train,test,unused,unused
2432,50,32,train,test,unused,unused
2433,50,33,train,test,test,test
2434,50,34,train,test,test,test
2435,50,35,train,test,test,test
2436,50,36,train,test,test,test
2437,50,37,train,test,test,test
2438,50,38,test,test,test,test
2439,50,39,train,test,test,test
2440,50,40,train,test,test,test
2441,50,41,train,test,test,test
2442,50,42,train,test,test,test
2443,50,43,train,test,test,test
2444,50,44,train,test,test,test
2445,50,45,train,test,test,test
2446,50,46,train,test,test,test
2447,50,47,train,test,test,test
2448,51,0,train,test,train,unused
2449,51,1,train,test,train,unused
2450,51,2,train,test,train,unused
2451,51,3,train,test,train,unused
2452,51,4,test,test,train,unused
2453,51,5,train,test,train,unused
2454,51,6,train,test,train,unused
2455,51,7,train,test,train,unused
2456,51,8,train,test,train,unused
2457,51,9,train,test,train,unused
2458,51,10,test,test,train,unused
2459,51,11,test,test,train,unused
2460,51,12,test,test,train,unused
2461,51,13,train,test,train,unused
2462,51,14,train,test,train,unused
2463,51,15,train,test,train,unused
2464,51,16,train,test,train,unused
2465,51,17,train,test,train,unused
2466,51,18,test,test,train,unused
2467,51,19,train,test,train,unused
2468,51,20,train,test,train,unused
2469,51,21,test,test,train,unused
2470,51,22,train,test,train,unused
2471,51,23,train,test,train,unused
2472,51,24,train,test,train,unused
2473,51,25,train,test,train,unused
2474,51,26,train,test,train,unused
2475,51,27,test,test,train,unused
2476,51,28,train,test,train,unused
2477,51,29,test,test,train,unused
2478,51,30,train,test,train,unused
2479,51,31,train,test,unused,unused
2480,51,32,train,test,unused,unused
2481,51,33,train,test,test,test
2482,51,34,train,test,test,test
2483,51,35,train,test,test,test
2484,51,36,train,test,test,test
2485,51,37,train,test,test,test
2486,51,38,test,test,test,test
2487,51,39,train,test,test,test
2488,51,40,train,test,test,test
2489,51,41,test,test,test,test
2490,51,42,test,test,test,test
2491,51,43,train,test,test,test
2492,51,44,train,test,test,test
2493,51,45,test,test,test,test
2494,51,46,train,test,test,test
2495,51,47,train,test,test,test
2496,52,0,train,train,train,train
2497,52,1,test,train,train,train
2498,52,2,train,train,train,train
2499,52,3,train,train,train,train
2500,52,4,train,train,train,train
2501,52,5,train,train,train,train
2502,52,6,train,train,train,train
2503,52,7,train,train,train,train
2504,52,8,train,train,train,train
2505,52,9,train,train,train,train
2506,52,10,train,train,train,train
2507,52,11,train,train,train,train
2508,52,12,train,train,train,train
2509,52,13,train,train,train,train
2510,52,14,test,train,train,train
2511,52,15,train,train,train,train
2512,52,16,test,train,train,train
2513,52,17,train,train,train,train
2514,52,18,train,train,train,train
2515,52,19,train,train,train,train
2516,52,20,train,train,train,train
2517,52,21,train,train,train,train
2518,52,22,train,train,train,train
2519,52,23,train,train,train,train
2520,52,24,train,train,train,train
2521,52,25,train,train,train,train
2522,52,26,train,train,train,train
2523,52,27,train,train,train,train
2524,52,28,train,train,train,train
2525,52,29,test,train,train,train
2526,52,30,train,train,train,train
2527,52,31,train,train,unused,unused
2528,52,32,train,train,unused,unused
2529,52,33,train,train,test,unused
2530,52,34,train,train,test,unused
2531,52,35,test,train,test,unused
2532,52,36,train,train,test,unused
2533,52,37,train,train,test,unused
2534,52,38,train,train,test,unused
2535,52,39,train,train,test,unused
2536,52,40,train,train,test,unused
2537,52,41,train,train,test,unused
2538,52,42,train,train,test,unused
2539,52,43,test,train,test,unused
2540,52,44,train,train,test,unused
2541,52,45,test,train,test,unused
2542,52,46,train,train,test,unused
2543,52,47,train,train,test,unused
2544,53,0,test,train,train,train
2545,53,1,train,train,train,train
2546,53,2,train,train,train,train
2547,53,3,train,train,train,train
2548,53,4,test,train,train,train
2549,53,5,train,train,train,train
2550,53,6,train,train,train,train
2551,53,7,test,train,train,train
2552,53,8,train,train,train,train
2553,53,9,train,train,train,train
2554,53,10,train,train,train,train
2555,53,11,train,train,train,train
2556,53,12,train,train,train,train
2557,53,13,train,train,train,train
2558,53,14,train,train,train,train
2559,53,15,train,train,train,train
2560,53,16,train,train,train,train
2561,53,17,train,train,train,train
2562,53,18,train,train,train,train
2563,53,19,test,train,train,train
2564,53,20,test,train,train,train
2565,53,21,train,train,train,train
2566,53,22,train,train,train,train
2567,53,23,train,train,train,train
2568,53,24,train,train,train,train
2569,53,25,train,train,train,train
2570,53,26,test,train,train,train
2571,53,27,test,train,train,train
2572,53,28,test,train,train,train
2573,53,29,train,train,train,train
2574,53,30,train,train,train,train
2575,53,31,train,train,unused,unused
2576,53,32,train,train,unused,unused
2577,53,33,train,train,test,unused
2578,53,34,train,train,test,unused
2579,53,35,train,train,test,unused
2580,53,36,test,train,test,unused
2581,53,37,train,train,test,unused
2582,53,38,test,train,test,unused
2583,53,39,train,train,test,unused
2584,53,40,test,train,test,unused
2585,53,41,test,train,test,unused
2586,53,42,train,train,test,unused
2587,53,43,train,train,test,unused
2588,53,44,test,train,test,unused
2589,53,45,train,train,test,unused
2590,53,46,test,train,test,unused
2591,53,47,test,train,test,unused
2592,54,0,train,train,train,train
2593,54,1,train,train,train,train
2594,54,2,test,train,train,train
2595,54,3,test,train,train,train
2596,54,4,train,train,train,train
2597,54,5,train,train,train,train
2598,54,6,train,train,train,train
2599,54,7,train,train,train,train
2600,54,8,train,train,train,train
2601,54,9,train,train,train,train
2602,54,10,train,train,train,train
2603,54,11,train,train,train,train
2604,54,12,train,train,train,train
2605,54,13,test,train,train,train
2606,54,14,train,train,train,train
2607,54,15,train,train,train,train
2608,54,16,train,train,train,train
2609,54,17,train,train,train,train
2610,54,18,train,train,train,train
2611,54,19,train,train,train,train
2612,54,20,train,train,train,train
2613,54,21,train,train,train,train
2614,54,22,train,train,train,train
2615,54,23,train,train,train,train
2616,54,24,train,train,train,train
2617,54,25,train,train,train,train
2618,54,26,test,train,train,train
2619,54,27,train,train,train,train
2620,54,28,train,train,train,train
2621,54,29,train,train,train,train
2622,54,30,test,train,train,train
2623,54,31,train,train,unused,unused
2624,54,32,train,train,unused,unused
2625,54,33,train,train,test,unused
2626,54,34,train,train,test,unused
2627,54,35,train,train,test,unused
2628,54,36,train,train,test,unused
2629,54,37,test,train,test,unused
2630,54,38,test,train,test,unused
2631,54,39,train,train,test,unused
2632,54,40,test,train,test,unused
2633,54,41,test,train,test,unused
2634,54,42,train,train,test,unused
2635,54,43,train,train,test,unused
2636,54,44,test,train,test,unused
2637,54,45,test,train,test,unused
2638,54,46,train,train,test,unused
2639,54,47,train,train,test,unused
2640,55,0,train,test,train,unused
2641,55,1,test,test,train,unused
2642,55,2,train,test,train,unused
2643,55,3,train,test,train,unused
2644,55,4,train,test,train,unused
2645,55,5,train,test,train,unused
2646,55,6,train,test,train,unused
2647,55,7,train,test,train,unused
2648,55,8,test,test,train,unused
2649,55,9,train,test,train,unused
2650,55,10,train,test,train,unused
2651,55,11,train,test,train,unused
2652,55,12,train,test,train,unused
2653,55,13,train,test,train,unused
2654,55,14,test,test,train,unused
2655,55,15,train,test,train,unused
2656,55,16,train,test,train,unused
2657,55,17,train,test,train,unused
2658,55,18,test,test,train,unused
2659,55,19,train,test,train,unused
2660,55,20,train,test,train,unused
2661,55,21,test,test,train,unused
2662,55,22,test,test,train,unused
2663,55,23,test,test,train,unused
2664,55,24,test,test,train,unused
2665,55,25,train,test,train,unused
2666,55,26,test,test,train,unused
2667,55,27,train,test,train,unused
2668,55,28,test,test,train,unused
2669,55,29,train,test,train,unused
2670,55,30,train,test,train,unused
2671,55,31,train,test,unused,unused
2672,55,32,test,test,unused,unused
2673,55,33,train,test,test,test
2674,55,34,train,test,test,test
2675,55,35,train,test,test,test
2676,55,36,test,test,test,test
2677,55,37,train,test,test,test
2678,55,38,test,test,test,test
2679,55,39,test,test,test,test
2680,55,40,train,test,test,test
2681,55,41,train,test,test,test
2682,55,42,train,test,test,test
2683,55,43,train,test,test,test
2684,55,44,train,test,test,test
2685,55,45,train,test,test,test
2686,55,46,train,test,test,test
2687,55,47,train,test,test,test
2688,56,0,train,train,train,train
2689,56,1,train,train,train,train
2690,56,2,test,train,train,train
2691,56,3,train,train,train,train
2692,56,4,train,train,train,train
2693,56,5,train,train,train,train
2694,56,6,train,train,train,train
2695,56,7,train,train,train,train
2696,56,8,test,train,train,train
2697,56,9,train,train,train,train
2698,56,10,train,train,train,train
2699,56,11,train,train,train,train
2700,56,12,train,train,train,train
2701,56,13,train,train,train,train
2702,56,14,train,train,train,train
2703,56,15,test,train,train,train
2704,56,16,test,train,train,train
2705,56,17,train,train,train,train
2706,56,18,train,train,train,train
2707,56,19,test,train,train,train
2708,56,20,test,train,train,train
2709,56,21,train,train,train,train
2710,56,22,test,train,train,train
2711,56,23,test,train,train,train
2712,56,24,test,train,train,train
2713,56,25,train,train,train,train
2714,56,26,train,train,train,train
2715,56,27,train,train,train,train
2716,56,28,train,train,train,train
2717,56,29,train,train,train,train
2718,56,30,train,train,train,train
2719,56,31,train,train,unused,unused
2720,56,32,train,train,unused,unused
2721,56,33,train,train,test,unused
2722,56,34,train,train,test,unused
2723,56,35,train,train,test,unused
2724,56,36,train,train,test,unused
2725,56,37,train,train,test,unused
2726,56,38,train,train,test,unused
2727,56,39,test,train,test,unused
2728,56,40,train,train,test,unused
2729,56,41,train,train,test,unused
2730,56,42,train,train,test,unused
2731,56,43,test,train,test,unused
2732,56,44,train,train,test,unused
2733,56,45,train,train,test,unused
2734,56,46,train,train,test,unused
2735,56,47,train,train,test,unused
2736,57,0,train,train,train,train
2737,57,1,train,train,train,train
2738,57,2,train,train,train,train
2739,57,3,train,train,train,train
2740,57,4,train,train,train,train
2741,57,5,test,train,train,train
2742,57,6,test,train,train,train
2743,57,7,train,train,train,train
2744,57,8,train,train,train,train
2745,57,9,train,train,train,train
2746,57,10,test,train,train,train
2747,57,11,train,train,train,train
2748,57,12,train,train,train,train
2749,57,13,train,train,train,train
2750,57,14,train,train,train,train
2751,57,15,test,train,train,train
2752,57,16,train,train,train,train
2753,57,17,train,train,train,train
2754,57,18,test,train,train,train
2755,57,19,test,train,train,train
2756,57,20,test,train,train,train
2757,57,21,test,train,train,train
2758,57,22,train,train,train,train
2759,57,23,train,train,train,train
2760,57,24,train,train,train,train
2761,57,25,train,train,train,train
2762,57,26,train,train,train,train
2763,57,27,train,train,train,train
2764,57,28,train,train,train,train
2765,57,29,train,train,train,train
2766,57,30,test,train,train,train
2767,57,31,train,train,unused,unused
2768,57,32,train,train,unused,unused
2769,57,33,train,train,test,unused
2770,57,34,train,train,test,unused
2771,57,35,train,train,test,unused
2772,57,36,train,train,test,unused
2773,57,37,train,train,test,unused
2774,57,38,train,train,test,unused
2775,57,39,train,train,test,unused
2776,57,40,train,train,test,unused
2777,57,41,test,train,test,unused
2778,57,42,train,train,test,unused
2779,57,43,test,train,test,unused
2780,57,44,train,train,test,unused
2781,57,45,train,train,test,unused
2782,57,46,train,train,test,unused
2783,57,47,test,train,test,unused
2784,58,0,train,train,train,train
2785,58,1,train,train,train,train
2786,58,2,train,train,train,train
2787,58,3,test,train,train,train
2788,58,4,train,train,train,train
2789,58,5,train,train,train,train
2790,58,6,train,train,train,train
2791,58,7,train,train,train,train
2792,58,8,train,train,train,train
2793,58,9,train,train,train,train
2794,58,10,train,train,train,train
2795,58,11,train,train,train,train
2796,58,12,train,train,train,train
2797,58,13,train,train,train,train
2798,58,14,train,train,train,train
2799,58,15,test,train,train,train
2800,58,16,train,train,train,train
2801,58,17,train,train,train,train
2802,58,18,test,train,train,train
2803,58,19,train,train,train,train
2804,58,20,train,train,train,train
2805,58,21,train,train,train,train
2806,58,22,test,train,train,train
2807,58,23,test,train,train,train
2808,58,24,test,train,train,train
2809,58,25,train,train,train,train
2810,58,26,test,train,train,train
2811,58,27,train,train,train,train
2812,58,28,train,train,train,train
2813,58,29,test,train,train,train
2814,58,30,train,train,train,train
2815,58,31,train,train,unused,unused
2816,58,32,train,train,unused,unused
2817,58,33,train,train,test,unused
2818,58,34,train,train,test,unused
2819,58,35,train,train,test,unused
2820,58,36,train,train,test,unused
2821,58,37,train,train,test,unused
2822,58,38,test,train,test,unused
2823,58,39,train,train,test,unused
2824,58,40,test,train,test,unused
2825,58,41,train,train,test,unused
2826,58,42,train,train,test,unused
2827,58,43,train,train,test,unused
2828,58,44,test,train,test,unused
2829,58,45,train,train,test,unused
2830,58,46,train,train,test,unused
2831,58,47,test,train,test,unused
2832,59,0,train,train,train,train
2833,59,1,train,train,train,train
2834,59,2,train,train,train,train
2835,59,3,train,train,train,train
2836,59,4,train,train,train,train
2837,59,5,train,train,train,train
2838,59,6,train,train,train,train
2839,59,7,train,train,train,train
2840,59,8,train,train,train,train
2841,59,9,test,train,train,train
2842,59,10,test,train,train,train
2843,59,11,train,train,train,train
2844,59,12,test,train,train,train
2845,59,13,test,train,train,train
2846,59,14,train,train,train,train
2847,59,15,test,train,train,train
2848,59,16,test,train,train,train
2849,59,17,train,train,train,train
2850,59,18,train,train,train,train
2851,59,19,train,train,train,train
2852,59,20,train,train,train,train
2853,59,21,test,train,train,train
2854,59,22,test,train,train,train
2855,59,23,test,train,train,train
2856,59,24,train,train,train,train
2857,59,25,train,train,train,train
2858,59,26,train,train,train,train
2859,59,27,test,train,train,train
2860,59,28,train,train,train,train
2861,59,29,train,train,train,train
2862,59,30,train,train,train,train
2863,59,31,test,train,unused,unused
2864,59,32,train,train,unused,unused
2865,59,33,test,train,test,unused
2866,59,34,train,train,test,unused
2867,59,35,train,train,test,unused
2868,59,36,train,train,test,unused
2869,59,37,train,train,test,unused
2870,59,38,train,train,test,unused
2871,59,39,train,train,test,unused
2872,59,40,train,train,test,unused
2873,59,41,train,train,test,unused
2874,59,42,train,train,test,unused
2875,59,43,train,train,test,unused
2876,59,44,test,train,test,unused
2877,59,45,train,train,test,unused
2878,59,46,train,train,test,unused
2879,59,47,train,train,test,unused
