split,id,x01,x02,x03,x04,x05,x06,x07,x08,x09,x10,x11,x12,x13,x14,x15,x16,x17,x18,x19,x20,y
train,T0001,2.715467660485677,-7.117119569126049,0.45924381371022827,-0.40594561024190645,-3.225808810841928,0.4440449558265613,-1.0344026857638517,-0.7683425001149633,-0.7138707349700174,-0.15616066266409742,0.7145915111913566,-0.7958620079552201,0.5733987309977783,1.29855037299905,-0.6709906650555552,0.12025948608766186,0.07748260195156242,-0.17640078343458532,-0.03505406754840167,0.6595350411855524,3.589525314714318
train,T0002,3.174815490435502,0.15392575991536095,0.2928338603020162,-2.0373615072735083,2.1727299948703944,-1.3661592250813923,-0.3868070570171394,-1.02732841005364,0.6523766834899551,-0.22578375574224835,0.1956469590608499,-2.2220916849765793,-0.6227024133207373,-0.21465319608175115,0.7212514325634305,0.23438665000696193,0.48509843054225454,1.1911336816158553,0.7113665364587723,-0.13267576495406538,12.142457888247607
train,T0003,3.9629657444653956,5.908957408557487,0.42316197609844397,-0.963801572710568,1.7974302658211927,0.7545836051603985,0.36894405866186314,-0.4181985824696822,1.378678349223105,-0.5658323458340466,-1.515069111713463,0.1705819950321481,2.193156768352832,-0.47467418299089753,-0.461558303771555,0.8995171435538284,-1.5058906758853818,0.8136955544003729,1.9696579543288062,0.4448494043784875,13.659694155579466
train,T0004,3.735113838649883,9.41218683450105,0.47248508811068785,-0.06092182140259264,0.560339194193825,0.45666087657033655,0.7414697921742532,-1.9363756958697975,1.785148338554923,-1.0013100646311504,0.9359448660077453,-0.2588334880620377,-0.025425836003923247,0.5238578254208355,0.9814523126624548,-0.41873779746495865,-0.11532112586977995,0.7421568355655724,-0.129591983066012,1.056472542191336,11.51502547953176
train,T0005,1.7266775982033453,-9.437987319566576,0.561655625369505,0.29919767403778247,-0.9086817330516891,-1.1398345631108853,0.1370512723131616,1.9498743848970372,0.07890300367298123,3.172279124187987,1.0951257534175904,-1.6411925566042436,0.11210814348611751,1.2500227815947098,-0.8341540125594151,-0.8724248445292866,-1.226654155697751,-0.5457003415564294,-0.8637681839835061,0.2496247985556266,5.847867810476702
train,T0006,2.8342781488934605,-3.8060173788343126,0.5274022733580778,0.16872498056420582,-0.49021375133263284,-0.11207470036104154,0.15535194508038985,1.243123414918116,-0.672392099604946,-1.6429373153412512,0.9086426016756242,0.5746455252425374,0.5820529399890036,0.8597416907212274,-0.1454054792875833,-0.06297590586972313,0.356032611107197,-1.015544236804547,0.034067196925648656,-0.20278783300020184,8.68984277167981
train,T0007,2.4446823138328373,-6.124566159343651,0.5286164624403272,0.6596569007371007,-0.0589956369550287,-0.08957755191366103,-0.860669048382693,0.8239431406081265,-1.2751210182380535,0.12529608049050486,0.05361028864912206,1.6943495398928843,-0.41534032276243166,-0.8378607890813212,0.1658305754022667,1.4230296907360938,0.4266696594745512,0.8228553119559016,-0.8729200287407783,0.04872806617951466,10.650089922332322
train,T0008,4.8426769089825905,18.512283253772498,0.4176034063958777,-0.5920268114162324,1.845769742118913,1.022592102453731,-2.1351934993771504,1.1485931197682884,0.577315670593023,0.2560018025765956,-1.0877141537597137,0.34730960992409676,-1.3123295707663158,-0.2470473791353068,-1.1775490830732356,-1.0680098686516362,0.6273206593634942,0.9705387133169439,0.21852322927593837,-0.2425506925203523,14.001545785119916
train,T0009,1.615438488619392,-16.762052504154916,0.29052185814164655,-1.7285531489589883,-0.5401463145691868,0.6411642998432652,-0.5537567188179275,-0.604879597814032,-0.8973388172468669,-0.17769108974290718,-1.7735723175731695,0.7157466604991009,0.26817533198401616,-0.7393099196574099,0.905413546190224,-0.9660660744777614,-0.33850655035871047,0.07188900152431787,-1.2347244811229268,-0.34752035461104314,5.4263083608529925
train,T0010,2.611723799109563,-6.053391583069665,0.49000045736814596,0.21641184103812564,0.08568600559623257,-2.5623785958702325,-0.5381419302719002,0.5489470933004686,0.20391662978354,0.4057789281306482,-1.3003913395480518,-0.1392754217792896,1.4485736939145406,-0.4398212938520362,-0.5836328301172973,0.07719349246772203,-1.204448264072726,0.6466087184329932,1.1039446163695834,-1.4447310395354376,8.605039273287185
train,T0011,2.2206060221583552,-13.172054781915813,0.43694715233764714,-0.5819425804226018,-0.5388389114784484,0.745998739429376,-0.9289075691463207,0.913264299333164,0.5418252368347642,0.847920091661783,-2.2388538897778476,-0.4865762684992546,-0.4644054828403384,1.1098870565189711,0.6960739486876445,-0.6264241325235076,0.23702555343398177,-0.4783545985521764,-0.9379902742135416,-0.08029977540598376,8.424346714027074
train,T0012,3.1234197978648446,-6.48162315500414,0.37519740402611285,-1.3877999770372293,-2.0101339973649983,0.42706655791894543,-0.07885845677148447,-1.3686958448602007,-1.4520353121449054,0.8453761277992746,0.10803109591675199,0.06854378943904267,-0.2698194798590012,1.4281900623354262,1.3207652740670845,-0.42914746651394287,-0.3260704451487418,1.9562235199608677,0.3574647617590157,2.3224148030412244,8.452300249004008
train,T0013,4.1668716427383705,2.600039037146229,0.6507086398012469,1.573140517720238,-0.5768624745096782,-0.543134715029311,-0.5660416480477448,0.2896706899387651,-0.9643604364367035,-1.6192724602438007,0.2509526875226753,-1.0888357709934269,0.8405804898932417,-1.4720687959649543,0.7327277372211122,2.1533042093424664,-1.1626774437307508,0.24435448597271903,0.46579207461358907,0.08021139195147718,11.12601496116765
train,T0014,3.200219469760476,2.4401907921041444,0.3981346357948739,-1.3434321147811177,-0.005915085454318512,0.9987938645284515,0.02213152187548971,0.28825534547188497,-1.1452408606101698,-0.01265718882396555,0.68928436195201,-0.22619513702669505,-1.2443770006042807,-0.27526995793288,-1.274577451773725,-0.8039902379051106,-0.020367601079843426,0.30033971560874595,2.19580117962192,-0.918875939329611,8.658722462979174
train,T0015,4.327761075358395,0.9064557197013254,0.5635176601806482,0.8805318534092679,0.7734089249586292,-0.664140260480069,0.4691217720141474,0.6604625497260455,-1.161783444840537,-0.25933085369578185,-0.6381322168910071,-2.1840804840642027,-1.4708441502119238,-2.371948183501154,1.3943770104102482,0.20386027816311045,0.6750895550121806,-3.433857096715269,0.7646481808717756,-0.3083306213961016,13.24324766667036
train,T0016,2.009128137086217,-9.89841593089044,0.4970164985546378,0.17487615579589288,1.1058177475890154,0.592057530090511,-0.04870441887273654,-0.0641291189370532,0.7396053927964167,1.3964560173905962,-0.5847438600078775,0.813892985170576,-1.1945412111225306,-0.6200885779010614,-0.485780268012295,-0.6087538632765768,0.8570314465323507,0.06371624519980192,1.449466718439827,0.36148896381722195,9.07427737591902
train,T0017,3.624312971463116,1.129211143230222,0.49045416207474324,0.11882876100823694,-1.001223031913809,-0.19380561139057803,0.5057399808715329,-0.5315843823927054,-0.12610958965139987,-1.4588979843579344,1.4499220255746177,-0.19547039281157186,-2.090110233724906,-0.0931511332547668,0.5203177185629889,-0.7269431915064021,1.516250126211412,2.6268098901168493,-0.21443642954210715,-2.252403680789043,10.408374078207668
train,T0018,1.3184533297274958,-14.96738796855363,0.33324796141638025,-1.3148897233468677,0.09421291400280352,1.7025932415054885,-0.752319820478649,0.579390579169023,-1.2289192322499576,0.8681538607130364,0.12418984440502885,-0.06865301741457003,-0.7625901519231704,-0.03645753967013314,-0.9068956145860791,0.6736209754241002,0.7433101138184799,0.8166665835469524,-0.006941365604310371,-1.4832207446773815,6.823275751244137
train,T0019,2.3386059252434253,-7.548592028692315,0.4242813277294674,-0.9645385126048021,-0.47746038338494257,-0.440546604193394,0.6805716916814691,0.4585658995938963,0.3926824945875465,1.3210419584490214,0.28475162985561353,1.0858715871762104,-1.0229717286594386,-0.269136288523282,-1.0668721665686447,0.35495528039076785,-0.7990821593443633,1.9949306735558314,-1.32812188991308,0.8338643152976475,9.255404877326018
train,T0020,3.4797713998896755,0.8348134917377426,0.524962345324057,0.3855557834180242,-0.22964189690173334,-0.6863133825188936,0.6331928104144349,-1.5323879077416385,0.7186704835302866,0.5537192831297987,-1.0005549248654595,-1.8058658532691183,1.457198901426038,1.4688401900441928,0.7163904251051252,0.03960965113754489,-1.3559767810204117,0.6510560659985505,0.7302495962136104,0.46494932005032114,10.243345227927374
train,T0021,2.5774212805266914,-9.094146724361057,0.5455241841698497,-0.05192931068739631,-1.0459514722744072,-1.0549108809983476,0.00544705157161785,-0.3220692181755561,0.8469921490956298,-0.04008197679649518,-0.9164588127809276,0.2935224343109236,-0.38337480868474966,1.3832157635068691,-0.8974581561936998,0.3838714517270278,0.3379937473056048,-0.31586772240675165,-0.15428452059587813,2.394965603377368,8.20335768840081
train,T0022,4.3523232855104865,10.045955883758552,0.5705593144900205,0.5688309931299692,0.7492763055251818,0.20833038868504808,0.34799039992036357,-0.7174565633353841,-1.1712553492414481,1.0145276036989865,1.5854720165588017,0.05020440738105917,2.3367906841446366,0.22766510397534498,-0.9045673058700795,-1.2026380644086947,0.7161372872511444,2.2949956404198675,-0.9013340587660519,1.0946673820525952,14.233923829428
train,T0023,4.206704410130752,9.832044854145874,0.33363507824562366,-1.5627626430935317,-1.6929691810336935,-0.846425521973631,1.4509372476983458,0.31819766868570704,0.41811730853784684,2.276206680557046,1.264695534586393,0.31930607740227773,0.3648619814050768,0.4614458904966072,-1.816969511351494,-1.054471219697785,-1.0605629887408603,-2.215042958552238,0.8531364811046327,-0.22806069545804192,7.332395010700138
train,T0024,3.0003332540040786,-3.4533328933910967,0.5579145894347719,0.3637923532813886,-0.1677192004804092,-0.6617674972424092,-0.6068883601484085,0.2382559538685587,-0.21837640957888912,0.5968685495397009,-0.3624761543249178,1.0749560123061925,-0.6087755523813667,0.3639887378413225,1.0182990468174236,-1.459596613468293,-0.34586862803272783,-0.005675242887209046,0.6815243228364056,-1.1551456071682409,8.888080021255439
train,T0025,4.4581469037507375,11.499499442207807,0.6233627131513564,1.1564292958937112,1.5979915198707604,0.862441709638228,0.5619937516916689,1.3559708329050666,0.8862332702578046,-0.08527093069368964,0.692260865320411,-0.004277206021962859,0.6019899819259443,-0.5583154255479654,-0.7448651932593601,0.09969112881788462,1.4622409832571581,0.5829090442970393,-0.5974544046000863,0.3530569521358806,15.746312747830656
train,T0026,2.3402163024142237,-13.204380905045285,0.4716079476412933,-0.4555362650271101,1.0404632174716437,-0.33463945500319386,1.36735651203369,0.11525410576958459,-0.14841078208481734,0.4052954045263071,-1.4571838723351258,0.5769621398854697,-1.8652065449282396,-0.8154625534845681,0.05289790968036621,0.6108537947356169,0.36473459038461714,1.8942761644108712,-0.4547306741101282,-0.7667545938607854,10.85692068383489
train,T0027,2.9948908940740826,-4.76876451526101,0.5653228395476169,0.5904138883386295,-1.1267714413641852,-0.3619620030162727,-1.1993314999840121,1.7492233493762595,-0.42229714872311835,-0.14098225274404164,0.48942586313074216,0.08477934018342048,0.662923782993771,-0.11797850576614767,0.7598181723546376,0.32734247257279736,0.01702093308898881,0.7377267211644034,-0.6290195283848896,0.7472350454041601,9.840013642225601
train,T0028,3.288884085204981,-3.0795565012230943,0.4860929060079395,0.25322138684292916,0.7727944180083571,-1.0407576566656185,0.03915978836295448,0.048694407328933084,-0.05837994599804434,-0.3790968631735521,0.33881935518181633,-0.0960226654175937,-0.4275656963802547,1.1852781805323667,-0.6441713572445046,0.7899134902411374,1.6200051911447793,-0.5713631211879397,1.8407342117147085,1.4576664639623043,10.994331218709883
train,T0029,3.712210416439235,8.306258059556988,0.734581260305898,2.1854949271174386,0.35186743583208513,0.014663914100445293,1.0854546010595505,2.0888961796916536,0.12399124275738622,1.7829941688672957,-0.22803152374489136,1.2013553848689233,-0.8317418068868011,0.047333502160216395,1.6309838548322173,-0.07091115848648329,-0.2812318953175537,0.29672304476366435,-0.8223267414709653,0.7873324600914103,12.787796859561912
train,T0030,1.3385964428035935,-19.08123742155054,0.6047838815249045,0.7799257850704517,0.29864356009162035,0.37185568983009704,-0.19700305515904254,-0.002925096069450073,-1.2879936896681918,-0.3647680205086325,-0.6920297031731338,-0.14135439821929877,1.44031753693802,0.2523331765974213,0.5998179103870206,0.6790776323595347,-1.8994910025024616,-0.7754408271965262,0.6885286878849239,-1.04844349888627,10.015185988136873
train,T0031,2.696239685645981,-6.983274028741852,0.46113416562772064,-0.6143302813633653,-0.031873036744488055,-0.4125231747206246,-0.8803355960663406,-0.7472328096959,0.7425235485526487,0.0026068713815031747,1.3114179526505099,-1.331235796134498,-0.5195349188627182,-1.3094406068574123,0.25035113695437705,0.3386476917995406,-0.8131770134704734,1.1719227577537874,1.9003450635287822,2.8774861434526167,9.248022036111653
train,T0032,3.986497637551743,11.41932747929549,0.5215978275983653,0.322078607354681,0.8825761136734946,-0.550866698084117,-2.119836245974405,1.4453675433246596,-0.9335000948371899,0.3348889379002759,1.970008196322415,-2.4311888240140105,-2.1547401367533703,2.064320576185832,0.09128111753863517,-0.013448438199364341,1.887483690579155,0.7957491337759246,0.3813402854070021,0.8564159807395819,12.907775335551094
train,T0033,1.728618420739513,-17.917397230751938,0.45539552536497174,-0.9780154210608829,-0.9257188870657339,-2.169251579586315,0.8695787077548227,0.5820946014816852,2.1994195397169225,-0.2159852157539207,-0.5287159733480375,1.7026253358899113,-0.5061453996110852,0.7603748127115447,-0.4711999376194739,1.3074831511644254,-0.39827395778907554,0.21450044680187264,1.1020758551169185,1.050076115964891,9.180895290621233
train,T0034,4.2740763297532,10.444412729286775,0.39624476500926314,-1.3102017083793334,0.1573242950162788,0.14086362232069063,0.5105886805237911,-0.7546258433415773,-1.2893092585055985,-0.956295157841941,2.4839022035172995,1.083464859415389,0.4045840328910055,0.8987951023743219,-0.31740323204060256,-0.6173270123833299,0.5693380334563466,-0.49521841472499945,-1.8874716892903678,-2.0173272780256597,10.532672652031279
train,T0035,3.0531164522629406,-9.578452658554179,0.5143481756294478,-0.4695526401661897,0.568538392953516,-2.4294942108921487,-0.8532636753056578,0.6492582698668597,0.2832753599473404,1.0620435181996926,0.9211174615297378,1.4026867210535157,-0.9815191768308432,-1.356378131722469,-0.43040426505746154,-0.017697964224185254,-2.2248997721837065,0.172493326811155,0.3998977295700692,-0.553730375066809,12.800380498777258
train,T0036,1.477767905413333,-14.236401740309812,0.41630696792644356,-0.5545741962784657,0.07486926574516102,-0.28051625922782664,-1.9269486273024479,-0.04043685921790054,-1.5944409652636637,0.62874739462835,-1.026905134032576,-0.5930706958009729,-0.7697911624499868,-0.4005949071954815,-0.2147596917591374,-0.25945724237761925,-0.4146480043323728,0.10510558036983216,0.20142799296296518,0.6608373846701607,7.977704563255684
train,T0037,2.2650416980752968,-11.802007083594853,0.6220001529536451,1.3350677190812665,-1.8327034338630668,-0.7799724318580146,0.058786001515407076,-1.0622553226777922,0.6881109171210621,-0.7610517942210676,-0.9622704569877953,1.044101782297138,-0.2876221974135394,-0.09700391963257574,-1.9498090832265875,1.01511112886137,-0.9758186794188408,0.5052461375409778,-0.26020027088329856,-0.15784786062582368,7.96026607398589
train,T0038,4.590632918126165,8.64302526441222,0.4590964567388462,-1.0737065504886765,1.1780345042903653,-0.48318054194204096,0.8017142920879126,0.20207982290813392,0.9764593940693967,-1.6300795499944294,-1.969800522509744,-0.9150027087923419,-0.4398610369044488,1.4204878700398453,-0.1010866194538446,-0.5205264907967999,0.9599318103098813,-0.01723718282958584,-0.8680979503526658,-0.11918627506573941,13.815655172152283
train,T0039,3.807257340766444,3.129237191093205,0.46718111130292883,-0.41541177079674985,0.49967644934434235,2.6541198044508514,-1.4682429353276658,0.9979714480665449,-1.128838727059368,1.5380140218511678,0.8912923346321103,1.9264516640638059,-0.19652522748833456,-0.43437474177792085,0.7488460761777095,0.9666733234996217,0.05932287454256231,-0.7306066598609463,0.5649349444469605,0.97738414490738,10.437207383519127
train,T0040,2.753175465669477,-6.35489347171968,0.4114633662301303,-1.1952465144093645,0.6042985253267301,-1.761522926807398,0.45250663343105896,0.1656812614667435,-0.18758632494156965,0.5535417692805775,-2.3340141460698742,-0.27290405634222,0.1389995051180264,0.9043841790529381,-1.6463792345044213,-1.033428389678432,-0.6349481857370385,-0.6652137676998456,0.39520656021246625,-1.0887440500728591,11.379063308406014
train,T0041,4.519064045323342,3.7132949734282654,0.6078416516141028,0.9644758524784952,-0.08855492002340855,0.34309571301143316,-0.21778915385071665,2.497075379921661,1.3532559329193083,-0.9988774711384466,0.3427035570294093,0.5525022936718486,-0.42491812946765234,0.9443685771148178,-0.37859192895996285,-0.16302573765339412,-1.0705222607989087,0.8070363339964262,-0.7306484901006919,0.21518664353728903,14.182524779770693
train,T0042,3.849415952899623,5.966691348794383,0.4432487817247469,-0.05318508352409679,-0.1258102293576283,-1.7432718625272905,0.9898817953456108,-0.023469907304176592,0.3651857772831507,-0.5694593293935201,1.0494176031926827,3.0259247884466838,-0.9324345355167032,0.2813045964476984,1.0480933738658502,-0.896810276908671,0.30064883113105434,1.6051542564041916,0.5102189316580903,-2.8601620473718565,9.375058101886971
train,T0043,1.744148220095072,-18.565807533514537,0.5249825473755958,0.42155388824059437,0.25192213805509234,-0.9598289348076012,0.12612502800470285,0.027014863806982287,-1.8501946721011102,1.679226940287112,-0.011125893068423248,0.16618982388278483,0.882672729986006,-0.13549106802923297,-0.5210845628941163,1.3270004115565235,-0.45430058905107107,-0.3243448377121287,0.48652530315186887,0.2787171562800729,10.604958887278967
train,T0044,4.967660394870941,13.028284462111944,0.44679847530582717,-0.19392886139318388,-1.4279050560066928,0.5580565323448482,0.6516108732771949,-0.512396684817502,0.11969404781727574,1.0034487233168548,-1.225094651461866,0.6394977322483337,0.10780666752460615,1.3183594771110765,0.8055959270579814,-1.3243329563461161,1.6062065221659452,0.23008618256302651,-0.5095153082979974,-0.6388956601905705,10.557334962567623
train,T0045,3.686614285971869,5.329484643777123,0.4458781082043335,-0.10417622492212963,0.11029516337259786,0.5078206031048346,1.4009415383582933,-0.5062043247798581,0.6418696053236406,-0.42850831919267524,2.23418683457004,-1.0630000008949003,1.4758625197860284,0.05085492831895296,-0.6220890684219539,-1.2392514822524725,-0.267293084815867,-0.915160099658736,-1.1339501253181699,-1.0532923565428578,10.982001540424916
train,T0046,2.314833550158111,-10.8469584343267,0.4437609018233387,-0.6151616205642854,-0.8322179368696255,2.0275328253978047,-0.41617758140453753,-0.023452771182506705,-1.267676137500262,0.5931568469282911,1.0112337247021985,-2.256175363993819,-0.3506535863462055,-1.420365933538552,1.003942348945836,-1.108834618387325,-0.20711863289502055,-1.0880138426833963,0.573516571844175,0.14152091536834926,8.326510853868387
train,T0047,2.891067034113373,-5.111432536239542,0.3532686265345788,-1.3939227540831005,-0.5569913073155323,1.2760740306272536,0.09474482114355583,0.6186727915504453,-0.2722964464847749,0.24121005504009255,0.12984074203674192,-0.9082427365951322,-0.7356542852807543,0.23785992339678955,-0.4384709095345122,-1.775314302120123,-0.19800517706879897,0.2972446748255941,-0.35159009571068056,0.5494492587809001,8.425834763322522
train,T0048,3.1627856072781046,-0.7378461935255904,0.5305224248353585,0.22923948071077582,0.48249790962082,-0.7495529500074011,-0.31551278325407733,1.10718255979579,-1.579519899527291,-1.8053697971795213,1.4128986764427056,-0.11754437916155763,-0.7736656387873301,0.8349082983490003,1.6743639444536556,0.7264567295539756,0.18270111334986897,0.7977776822698337,0.21353926600116932,0.5808697141546839,9.947533682406414
train,T0049,3.5080930763842746,4.609065794901161,0.39535847850140576,-0.8137737601202713,0.06784748307503803,0.08959371216976951,1.7762035053822323,0.8607229982460639,-0.6757612293662382,-0.47152184251996565,1.5039800755181763,0.301592337537865,-0.41493755763693563,-0.722751632084776,0.2721967109914665,0.9823100978946582,0.09259429000180369,-0.22370068684359104,-1.1269687715500976,-1.834232264456829,9.622400385289657
train,T0050,3.206634488835821,-1.9919284283967014,0.4829507238490026,-0.668002470232417,0.7738653574868072,-0.7085234161513182,-2.3125960418360623,-1.3171118183928183,0.27992896064142875,-0.46026694941569646,0.08662005878919199,0.34088611694404414,0.36858413980952603,0.9741555731167154,-0.653368876036272,0.18999484630368776,-0.05266105058385055,-0.9245201477642724,0.5557077403098595,1.070435805570329,9.394347841290271
train,T0051,5.096839215934299,15.805259025556804,0.38372208989190787,-1.1533755643319448,1.893820288134604,0.36409465733226043,-0.527930615774674,1.7385753100267238,-0.5420975152440439,-0.6186252338866751,-1.0376288659520412,0.01816316733257091,0.6750367755930188,0.4152269758989668,0.7405448770920886,-1.5367881687799403,-0.43332348041074464,0.36503950871145446,2.4537761486656735,-1.2907640202758182,14.949196354615669
train,T0052,3.0321413142386966,-7.73751102068155,0.629841684797957,1.412799933460701,-0.7699192793109533,0.6440002170426676,0.5503825124139922,-1.10098476679701,0.07308367059744164,0.4498728361063777,0.4178035982145818,-0.40408938966136276,0.15588644820990488,0.32908094465107796,0.42271974404284,-0.2652946498071196,1.1317381642583577,-0.16009489080109185,1.3768261875567058,0.14933700405183992,10.620637777826643
train,T0053,3.1222116330485505,-2.834403895173546,0.5945248638976445,0.8335474566724688,-0.8195805411077994,0.41771552733388917,1.2315171005343717,0.9222855124268674,1.3637859844834925,-1.1218980311670728,1.0431382209974354,-1.7609509477391232,-0.44623966136473425,0.23555697602778403,-0.6728491751591655,-0.9180022928057805,0.6388562902802717,2.0940312452832472,-0.9612064957312642,-0.5179184603494087,9.414359243718211
train,T0054,2.322119870563605,-10.50168919966537,0.39643463166345105,-0.6479571999490034,-0.8764738305474246,-1.649452458822209,1.5363103026679354,-0.2308444807797234,0.20989287088328712,0.7402142192887234,-0.46772227554394985,0.6449265001484197,-0.034317132358783205,0.45388696710473525,0.35314999420803067,-1.1863565172567996,-0.6383768432962649,-1.0005137241113575,0.7363688230571493,-0.3168994617732958,9.95809860296428
train,T0055,2.5098706829817248,-8.591312172177663,0.5588523585086212,0.16080426457193703,0.4391424155786148,0.8910685534932345,-1.6053634415441163,1.2860896931123085,1.2075089984692475,0.864300570988852,0.05098351375011347,0.5651416804298228,2.2121728842961175,1.7600464636752162,0.9064874167006292,-0.47500356105505104,-0.17171970151120736,-1.069578031751449,-0.2835978408776871,0.40563833692829804,11.422951232142983
train,T0056,3.459467820464613,-2.301533071526773,0.4613474146735863,-0.7698813274125372,0.08301699268318141,-0.38705179225419717,-0.11189130625364589,-1.2807265460827537,0.430322166600874,0.16212574753610082,0.4379593305404897,2.090658947955255,-0.7950477335865148,-1.408845106361888,-1.015986749383566,0.18053962475103677,-0.9722760709026154,0.5545551630885464,-1.042033041574724,0.3165411997870652,10.25220220805517
train,T0057,2.6816121516215223,-4.340720800066156,0.29963229086219356,-1.6839850896451989,1.4962743909491194,-0.5662234419583125,-0.04251624377096649,0.7181600325525422,-0.4886709223952131,0.6751821370845046,1.3230652467101798,0.14096598079472925,1.1293485662236051,-1.1050727323565477,-0.5939799532072876,1.4932205676992953,-2.4461067411221804,1.8883636549521128,-0.061146896152711835,0.3809599936241495,11.67935623717118
train,T0058,2.383762065931379,-10.711153330731822,0.3725504313978112,-1.3009982883325115,-1.2840910664220035,-1.2019617528416473,-1.253586406539105,-0.785128850045267,0.22682564638951397,-0.0035759652332270223,1.037400607708516,0.7512545071682558,-0.9650361233545761,-0.533733578103196,0.1603226216290374,1.1984637609438684,0.1373647602141224,1.106249510376972,-1.4153471288465802,0.5697704289103798,7.301339240570146
train,T0059,2.942406156201254,-1.9473007170528982,0.6819074465968298,1.9138161201244772,1.1308896516352052,-1.0148004657889558,1.9106240981875546,-0.20190334107863522,1.38022648463655,0.3308343472746689,1.1038808618856255,-0.6781327011708208,0.8170330806864854,0.2041621312088527,0.23469905517757472,-0.06052385047954151,-0.4894359800760063,0.7342944264927769,-0.6659665997982691,-0.6357889848626068,13.297031663510143
train,T0060,3.553377556617958,-0.3149927256413303,0.5900933457814594,1.4113582549375203,-1.6576902965018943,1.3516726810569537,0.7883567591823656,2.0045244367151676,0.5824304262728476,0.7494686455266543,1.039431402186823,-0.26741668285249726,-0.4244063661908752,0.047851588356205184,-0.11551589441375805,-0.6980768936788704,1.815915888033298,-1.311568476707005,0.059236918055727374,0.8308879455711672,10.101339449207705
train,T0061,1.478902043339055,-13.016008190104133,0.38191446258678463,-0.24094254573439788,-1.4476037941678448,-0.721968166466001,1.4764420318622682,0.6350036059226564,-0.8909892753225015,-1.7058854918002953,-1.2018005780403833,1.9804330341431169,-0.935200170826297,-0.7701091995742861,-0.6689718324122624,-2.4306127442222034,-1.0087837432685527,1.4125767898302957,-1.7876216235711273,-0.2727317945565238,3.3798201281163522
train,T0062,2.6910392750022467,-1.2950690918396113,0.5675737386553948,0.8165754638969591,0.988699616691363,1.4423567533183548,0.6585409208043955,-0.8176714095984364,1.7804854804086039,0.23717394779552062,-0.2674794069365857,0.12346924065751325,2.725677312656295,0.4215055044059882,0.551119960503725,1.0203551415326606,0.5639573002423903,-0.9073277866060432,0.4738221792277235,-0.9301179539771259,8.890502677109458
train,T0063,2.3019211198368144,-11.160640357443736,0.36851615113874575,-1.2767613376350013,-0.6875363361638778,1.2814697039820124,-1.2331763605790178,0.37061555332191354,-0.549406807354492,-0.5250216764975513,-1.9140840948566689,1.907925056223931,-0.7414040030565076,1.0839156645161714,-0.09671622673835703,0.8939567982345418,-0.5715159799335942,1.0802145191097932,0.07725139302204094,-1.7742272505791563,7.907541290207021
train,T0064,4.472461452186726,13.412020405669217,0.3200640652533694,-1.7590654576852054,-0.8170392191758086,-0.2440301021148508,0.7887259455582815,1.1850160248231798,1.3112101252875712,-0.8631895458174914,0.6768010608366369,0.4058153756459308,0.6954927450037679,-0.9736870691567613,-0.6029124167056764,0.4615428492014272,-0.2075845391974683,-0.7738530193264437,2.6702577850409197,0.3040600905130463,10.35301933357092
train,T0065,2.7159256351421495,-9.036437434917588,0.4839822344860062,-0.4129440067380625,0.39776758330012807,0.6303062524637647,-1.9871065536715637,0.05885601684863763,0.8829911591460232,-1.391171263898863,1.9066801817144894,0.22762604724320004,-0.5370607563249901,0.0519908439521683,-0.05947531628659407,-0.804550594584462,1.2429280589814242,-0.8383492152014652,0.1543751927247833,-0.04302458033862442,10.041219363478234
train,T0066,2.0757213192073003,-10.990972609306038,0.552217934542742,0.5259657632248634,0.13129197863876219,-0.34218790234808105,0.8349817708961248,0.5026548460373477,1.634290572593211,1.4434742155501707,-1.7626622722305658,-0.701200959273576,0.38005662586364286,-0.25635383079646346,-0.08022636644827662,0.2698306947981977,-1.4316677534015507,0.6705236423054954,-0.6076530965715876,-1.7685075042875393,9.35941530310788
train,T0067,1.6709035662081808,-12.077878576653136,0.49124731641817676,-0.0743151730983308,-0.7013112069479164,-0.8595945535192341,1.002826958576318,0.05730363358559806,-1.007784213900782,1.9677743077455567,0.17148694167671877,-0.8282948743019316,0.04041996681160594,-0.4134975757590575,-0.36668736453333517,0.3030230383592324,-0.8540871244673865,-0.32073660188753567,0.3558436879991013,0.29781343501262025,6.679648312032226
train,T0068,1.8641101733243057,-11.669521909519812,0.5368335922923129,0.6002550130574782,0.9108813873922204,-0.8077581653550121,0.30265613785221634,-0.5406333158940486,0.12942776400637027,-1.4283681228601246,-2.1472122586334788,0.13223146571958416,-0.5623673524106716,-1.627188413701803,-0.9691531329207105,-0.9234274014593412,-0.3180259237789768,-0.09537385961620985,-0.19407893569097848,0.8586274761919689,9.932383799902594
train,T0069,2.84126983491573,-2.6388154355063085,0.45125973443612566,-0.9366519145687437,-0.6078213747345675,0.024168915639054454,0.7985518981078716,1.084988099463407,0.4351178846876238,-1.3325613014497306,-0.8932064333543684,0.899138908632922,-0.5754820799037506,0.1715159294920883,1.3915124840114887,-0.9547341935594632,-0.03810219515454045,0.5558629631896018,1.6786554618963887,0.10240915015051347,9.985985889650188
train,T0070,2.5511477464229877,-7.844521545762348,0.4936288237661226,-0.10510187475474458,-0.07835138783956354,0.6986727464090613,-1.050350339926363,-0.20440675873873618,-0.87183008295273,1.2684054511416714,-1.067289847273712,1.8441139238417197,-0.883500633041569,-0.5837971436280616,-0.5245836687135177,0.7318245128117343,-0.0012396012078712253,0.11597576820250172,0.8076973627238072,-1.3146368810277331,10.100025896827209
train,T0071,2.976810437848115,-4.422976265092337,0.40725280925515167,-0.9271115353631009,-0.4938669524510171,-0.6417809417804283,0.08827031815503525,-0.4476071784207557,-0.4330642997783948,0.5677433390709613,-0.4121507373491545,0.7760160230822215,1.2401450250868569,1.0152303081756895,-1.0318319610002635,0.5608087435854797,1.7778719649806778,-0.7357753791296469,0.041185096154188576,-0.995380046935803,7.603084537521664
train,T0072,3.7239013376686905,-0.8266915463285045,0.5003568625408265,0.13309602675653454,2.420618110995078,0.9970719339388147,-1.1499009945422904,0.71860497290053,-0.7138605373382225,-0.6959590822224203,0.6075539473570973,1.1225208223630445,-1.5123844748126203,0.08297884100088598,-1.133418397932151,-0.8683912819321332,-0.2873450740707195,2.3686936692934664,-0.20689217025631387,0.7564601252407935,14.612280686015351
train,T0073,3.2690083194579653,-0.7918340158061961,0.46633685856626533,0.11305857803862546,1.596126098083152,0.4044915419750745,1.6332253229193026,-1.223699031316521,-0.7779258108737488,0.49641097073224555,2.466851196239684,0.3410150657264285,-1.1073859041300205,0.8478865557019801,1.3169307622554487,-1.3489432981500677,-2.4114200126411385,1.1500969915580606,0.2716420426069362,-0.4038039044776729,13.57531698638882
train,T0074,2.3349278518950713,-11.889303796656238,0.3915548917760982,-0.33743508068960126,-0.32482886525060956,-0.571639476007993,-1.2212102838377619,0.4236464069403972,-0.2824240707043388,-0.3587574526694415,-0.7053573913261157,-0.5997766693379056,1.1865244744924086,-0.8981753645001735,1.3825384943333938,0.56455465139158,-1.4706896157822071,1.6433087648489484,-1.587492576176545,-0.41372927208575144,9.233297252942224
train,T0075,2.234031422362896,-12.207346848721325,0.5659947023624784,0.4196031976684188,-2.408046557275716,-1.370525018336099,1.1568036212217023,-0.4831247263598468,0.570219680287022,-1.6519154332096904,-1.0229591793784476,0.2750607391092757,-0.9035703339374535,-0.32893980143283713,-0.6932685719879361,0.2562796901786774,0.24506421400530767,1.8664726961197546,0.4477191182833943,1.4297765759604355,6.478764413329071
train,T0076,2.461967464897265,-7.659299541269408,0.46907901029187205,-0.28410690829496293,1.21014556740175,2.7063954156803955,0.5945798592352821,-0.843131524410309,1.1167183078843455,-0.5362926002705816,-1.2074450930321785,-0.797327738122868,-0.6571480073845093,-0.19858722460472225,-0.6854012461323288,-0.32716464416231306,-1.6036269424446867,-1.7306996779460524,1.3747860467205646,0.33798550485704304,11.15092826240324
train,T0077,2.1923603338180375,-8.735710877327344,0.5674186458081129,0.6264815644088267,0.8830361038711658,1.3257056979131738,-0.5534342761787484,-0.447073744957077,0.20550113408542847,1.25647666965183,-0.5837247366902574,0.8399066543781263,-0.07389035299026492,-3.0140819713932965,-0.5781377872938067,1.8849426792670603,0.29672364904284976,0.6302236451599774,-1.2746581970809323,-1.8164459969272186,10.407070096420677
train,T0078,1.43870141616167,-13.426664733385055,0.5101651425757853,-0.006809311948284699,0.04840947107182298,-0.1342860123181711,1.5239641562586412,1.3734877828200633,0.737944700750524,-0.727274486084125,1.1941458830986849,2.3499787756629575,-0.8386121999454667,-1.1554170972929954,0.46962934012594865,0.3626213959428681,-0.7041255602524683,0.7919794196590108,-0.04432438334529979,0.3375896023819571,7.9802402544059055
train,T0079,3.255136608774083,-3.240829281506025,0.44221011996374127,-0.5114037432185431,-1.1189669469340184,-1.764947636104815,-0.7361138559138148,0.40524277742325276,-0.5367106586337087,-0.7961677413183798,1.1723956861503873,-0.8168205297243354,-0.13157980099280125,0.29349582506668603,0.0966632412694217,0.7877181009363712,-2.1869966976952773,1.0144430858379756,1.762685120333895,1.791937829681029,8.49675774427292
train,T0080,3.7620578098675987,6.145390766730195,0.6138413926577018,1.1308519509030792,-0.1347997632396972,-0.3522573154565586,1.8150722336901934,3.1398692988578287,-0.8134742818539493,-0.4051868088093119,1.70057820107931,1.104211316236387,-0.19154978322631117,-1.6666904258954214,-0.10990485186898315,-0.754360983012883,1.2706364234343832,-0.7313293007191489,1.3400810683403617,0.10706861210368594,9.603850799355508
validation,V0001,2.2716544491582225,-5.594876600341247,0.6441363068814863,1.3719291207334097,-0.45459142947625586,1.0777231756346124,0.21769140201010367,0.8530066070889557,1.1213835433859576,0.8228030584701792,0.5216488073522365,0.6834164834939621,-0.2679165808759944,0.1343814750753814,-0.5198543422962728,-0.9935981018618104,-0.9202062823863293,0.16466294861047462,0.5617448864761945,-0.0454104498407895,9.152022038830962
validation,V0002,1.7950865195794652,-17.752101504216935,0.4270783626934185,-1.4713916198286325,-0.0846543657587721,2.4146602815614715,-2.381444126466844,0.6433193678609309,0.38545001493839515,-1.8503658972558348,0.6348504850685377,0.6344386323141512,-1.4780447876040916,-0.5852747330715036,1.780365738752729,0.2894407184690578,-0.07978403013554874,-0.9019457513694946,-1.2111824535587468,2.12442270116115,7.521943092298975
validation,V0003,2.084394443531342,-8.386414511421545,0.650309114721043,1.4887479112040478,-1.1645248176355116,-2.546346169915996,0.9953220090231042,-0.5264399248624028,0.5251883818019383,0.5186266946277356,-1.1775177048780199,-0.37643169938467663,0.5301907406851877,-1.0219693668905303,-1.5479119564850623,0.7574971082334027,0.26461559602987356,1.6684823023381163,0.5587348273096341,1.8737190615539923,6.851635743692251
validation,V0004,2.5862884731662668,-9.280564379311437,0.41434251304469066,-0.9814050399454816,-0.03283779851752564,-0.08143505330014483,0.7257545084330861,0.9544335777472415,-2.025129593323529,0.3645067176694461,0.11377572729945545,-0.403128022512162,1.0451930522834585,-0.8458700860991026,-0.9309598997487523,-0.980492875127008,-0.41405679425707725,0.0644072670742881,-1.4440875086312668,-0.6017575174296204,10.589252675586316
validation,V0005,4.36725503448762,9.098755734218084,0.34876384471690736,-1.5463900480065416,1.131184530762514,1.2590083794411422,-0.9763403072730098,1.2883170740862406,0.4614092472157764,-2.315468725308491,1.1413778978019649,-0.6512719831179994,-0.8917272907698544,-0.24645604229365436,-0.12987809825345725,-0.3543824213792343,-1.1799331684728265,-0.1143511983860173,-0.9779805993013155,-1.3731590243250098,12.258257841721138
validation,V0006,4.427842991297805,6.452723140392646,0.5405266322833888,-0.00509686664324277,0.4048177264366648,-0.29892154469118204,-1.2558217773893592,1.1146000228320436,1.0402868284034406,0.024172702777758192,-0.3528891136809891,-1.392701492633332,-1.4916819281691647,-1.0537587935237192,0.5326489643085839,-0.7117117643789393,0.10865238580273728,1.6082075886167924,-0.8284690468158671,0.27832304403718594,11.19400310965044
validation,V0007,2.4146508869559944,-4.886779511417514,0.4314815559107648,-0.4193719426200785,-0.3366191496611432,0.11155182954115236,1.9542465908551845,-0.7341605844563204,-2.43037233905875,1.9145609404579444,0.5434215939738064,0.6677466676137868,1.4321216667416035,-0.7520842393368766,1.7609842969146894,-1.5476973955415205,-0.426254610889529,-0.47460128596273243,-0.7697932933586483,1.7819952615206536,9.658242757726018
validation,V0008,3.6040956972210054,0.3831824227762395,0.4889397574500527,-0.2290715496928461,-2.0335939783736934,-1.112156006644617,0.6627535485391401,-0.591911257728294,-0.1864255513195192,0.6935528594600119,-0.2601662245500207,1.1993174954184582,-0.8057034114761613,-0.14665333599682437,-0.4396872588388436,0.8522266875822576,-0.8050697316382687,0.3660455297278547,1.6198708003137365,-1.4438521995415463,7.073487949058917
validation,V0009,2.1985145862596966,-13.761261400772476,0.44774032061087043,-0.7507171940131635,0.49596344738521275,-0.7985640100694701,-1.0279496960561372,1.1489525688723672,0.44180002726700884,0.46256298782441313,-0.14319894159617919,0.043008029229981114,-1.3248533710756805,-0.46967135972859153,-0.7995692452987802,-1.2920208815510434,1.260114987445259,-1.009081474351559,-0.5555998220824592,-0.10350314880437482,8.810129963237003
validation,V0010,2.900056654389977,-5.177587421233844,0.5209703695259699,-0.050560704249589555,1.2358477763061726,1.229173625931967,-0.587392330237576,-0.44458612209191956,0.8634654741670643,-1.0302455328129814,0.6745234527723788,0.07037729766289876,0.880075366745686,0.8058691834370013,-0.11696335285734505,-0.642813623517574,0.7761903722129034,-1.2459117826058665,-0.800591032149424,-0.27201835674698754,12.425650466584777
validation,V0011,3.324517208789187,-4.901169878972073,0.44172080025314836,-1.0186634048603382,1.0195204235260993,-1.2476066982739096,-0.6670885732654052,-0.47294751011600467,0.7119562895470075,1.4171433426282463,-1.6090586061932772,1.118359951328646,-0.3474801380542569,-0.6251151335338891,-1.5017348485833821,-0.012281072999186803,0.35045225878916,-0.7399999054777298,-1.420493989479996,0.6220025520640737,11.309711680398555
validation,V0012,3.4991474227987744,2.5668805541603454,0.22348599816207987,-2.1815915974944513,-0.3167771100283489,1.0372386670377987,-0.8879979903239182,-0.45258399805075483,-0.2294135189127633,0.16798787366152793,0.6498468909171919,0.13135012192942597,-0.533223413712591,0.42187453473092396,-0.761290788727779,-0.7973587856134181,0.40942146357682235,0.12884966135769566,0.0718255893020748,0.13068902836893645,8.902111980340544
validation,V0013,3.8331323986136807,2.4596320371437503,0.49176431977642643,-0.2974838797182301,0.21150890347701318,-0.15805812457877927,-0.9765089541674418,-0.35824474633225667,0.6770865434362048,-0.41284435445470336,0.5301711754202683,-0.3983819858825296,0.7847904976612169,-1.2071997868324076,0.9044210400755408,1.5586984518170761,-0.0632369874974252,-1.127708639971186,-0.05606102432777545,-1.1783179652525138,10.571080881851845
validation,V0014,4.606008166017825,10.260430648654944,0.5159322311060146,0.48691638693387934,0.2311988584459044,-0.12598278794659115,-0.4948657434374708,-0.6598804593563283,-0.8145788438490986,0.1557614733366648,0.7240791351802621,0.8846886654087208,1.8139556027778883,-1.6835978894071633,-1.535279759011686,-0.24850336076759985,0.810964167031901,-0.5466108033791071,-0.8812074629034686,1.1132758815667365,12.238821958016256
validation,V0015,3.5090031710428677,-6.262274303804761,0.5191907335444731,0.7053687825083802,0.3693416140393445,0.7801732195618502,1.8200101867200476,-2.929945716082982,2.521871235222471,0.7847892888185924,0.6861542474618302,-0.8241894057397793,2.790351792150852,-0.07821688629831233,-0.0008697257588282913,-0.32959831311048154,-0.575564940553664,-0.99861230514088,0.453169361439531,-1.1343759126650186,11.749395925346994
validation,V0016,1.612085007136727,-21.476653926693654,0.5418411989707038,0.43095946777588123,-1.2227284563206784,0.7022710028173995,1.3576892338623185,-1.193300997788779,1.4373870467417031,1.0047531023128893,1.3791329048955097,-0.5000817264776717,-0.3294531376451143,-1.1236440488945458,-1.4596151504000023,-1.9269846350237039,-0.3049442194102581,-1.5960635783277042,0.686111995946718,0.8399161028104388,7.3829676418769195
validation,V0017,1.4299624366772081,-23.74173091877286,0.5636864503944331,-0.20326217582797657,1.255912654713707,0.8634223777212378,-1.2916554205905197,-0.4399358210491053,-0.08134138341446114,-1.4964516898018914,0.9396422724002312,0.7893223288068062,-0.6003443843767136,0.6142513555253819,-1.0881333556808597,1.3022664284347387,-0.033206261625835815,-0.19206668369355628,-0.29729973076021576,-0.7274035002730019,11.916210794602232
validation,V0018,2.5601597698102907,-8.486094303037884,0.46021544048457846,-0.3942977733782261,1.2183505364557807,0.8987736102137629,0.4110004003757631,0.09465612427875439,1.11931835922704,-0.7925879592150131,0.014700780041194551,0.43689316533873773,0.6368152693201014,1.0908805640226635,0.6498776784867739,-0.2363243774964249,0.9062101770065241,-0.4210737564373971,1.9322246507181777,0.06860689140051637,12.977887652029136
validation,V0019,1.4422169755272212,-26.88697256836418,0.23615205079798413,-2.486594771111022,-1.0731215723773209,-0.2905117141051563,1.6112660722168446,0.5123177696199787,-0.4149528302213684,-0.8809513645657061,0.9974932208947322,-0.7139821882967968,1.7702255169469465,-1.0529108237400386,0.04795270567602493,0.4668209774805289,0.2110039395832449,0.6115602566348483,-0.5846753243146904,0.1836083973985034,5.4855664572317036
validation,V0020,1.933385878264068,-11.309876213247504,0.5827444034890702,0.8070024966229037,-0.1940772893429135,-0.701940602217691,-0.9357389277155871,-0.6438185698186463,-0.7513687913867267,-0.37887189666467963,-0.84746956075512,1.7574795892930903,-0.11436899858830248,0.6264423446299671,-0.49571151102259425,1.6453445771413833,1.4225830988797123,-0.4447230144366905,-1.9001403308372011,-0.45013659795715516,8.197788992070446
validation,V0021,3.6204570949190176,2.880671525544674,0.435478323878118,-1.2257869904563397,-0.4560971742253736,-0.4736323591190231,1.0316849298413153,-1.617445472168318,-0.3211822315976081,-1.9583417603214128,0.9749536663820063,0.6158410103589076,-1.3031041264608352,-1.586771622042304,0.29014613631806296,1.7361031851357402,0.34450636660130385,-1.302119659388061,0.5440541610075348,-1.1251520692564687,10.326921485085528
validation,V0022,2.1779128374952395,-10.052895691286645,0.46601819872664746,-0.5967180009775039,0.6348282241025789,0.8562758095286404,0.46131986481733034,0.8878788795437608,-0.2782933132568995,-1.7605149531381383,-3.875861881607683,-0.7056349485594715,1.0514620976017552,-0.21032932548053146,-0.42782824918644696,-2.5532661653364777,0.13191269599281447,0.40032099366919216,0.02830608368922561,-1.318767358977997,9.35722795996057
validation,V0023,3.1726278504859207,4.155336581903082,0.5611737847527388,1.1903170748212772,-0.09653987493338116,-0.24871033055088998,2.5076796518327256,0.9149608708988928,-0.03541132373571969,0.1805287988758923,1.428276906442153,-0.5723338390061192,0.11075148566285237,1.0366988693421082,-0.6322639358601786,1.614321955714596,1.4502783548859952,0.4519549876989128,0.06544569152958979,-1.0328308283767833,10.743414520848946
validation,V0024,2.358929598260364,-9.01749678784087,0.5350327440199685,0.0504549442297777,-0.16264774835128384,0.710835059811296,0.6777954940714663,0.7497511868376635,-0.7919108375222268,0.4116657637627722,-0.13759285295892554,0.5788291653853566,0.3073247649572347,0.3640510151932501,0.37992459196537065,0.9229810614558865,-0.3115456992033345,-0.8135461872047927,-0.511257925649164,0.7117103349435598,10.364195276765162
validation,V0025,1.8058820197228176,-19.787551428405354,0.6691139139124396,1.070011110257135,1.5737608415030504,0.20749378129711027,-0.012846649192429888,-0.25985334704370305,-1.8185149545688957,-1.4313922259728267,-0.5155589260993857,0.24938559426136492,0.21682327182521297,-0.010161321522187652,1.5778540925328506,-0.7890653526552703,0.13704092939158252,-0.1820406950862865,0.8667188481546739,0.5136758395243881,13.996093605576988
validation,V0026,2.5802643949474677,-6.4616471341968715,0.3424826878885706,-1.9857579325762567,-0.6328986484965935,-2.6833620976087444,-0.22074079830211407,-0.31613475588788925,-0.10096047695912219,-1.1714011887181262,1.1275663235484876,1.1873700311462434,1.119930667653375,-0.6985173190868837,0.1568094590384299,-1.0930341179144334,-0.25351781763670267,-0.2738910040181625,-1.22639850362523,1.5319532831603886,8.388661774041616
validation,V0027,3.871650380735314,0.41581060186227425,0.5190653400975629,0.4073943159772224,0.06447276399233201,0.47947812634457393,-0.17258691220876637,-0.5635945075571469,0.7090851677087279,0.5876933857684867,-0.37897088274524204,-0.379326776733626,0.016995273318776635,-0.48198995153511276,-0.9868016787992465,1.1464751131175777,1.1945203348877926,1.5193028704373959,-0.8713606832604676,-0.08789186132870895,12.116112971383107
validation,V0028,3.3864885627891366,-5.923502203992349,0.5202192321017604,0.06188578536110853,-0.18374998096738288,-1.054345618753157,0.26013633673599645,-0.7841562063089308,2.6221098252574886,-0.6063876783296701,0.27452254559313244,-1.2060479984301515,1.709914853552924,0.2744861806622691,-0.8115540665860516,-1.0736613006386133,0.09762922346224857,-1.240489696388194,0.15678292214354528,0.06878711672119507,11.854274470094891
validation,V0029,3.3745269874378865,5.070277129666767,0.463201456218113,-0.47286376587740536,0.36952083963301763,0.9309113321120054,1.3121498927817732,1.9515457301330883,-0.37978428805474757,-0.8536489912582635,0.7499671437056522,1.2339192113267228,1.6948599744079265,-2.203232401328246,-1.0457303278636998,-0.8921568528260291,0.4559974441342017,0.6805613158795981,0.9697556666677294,-0.07511359109978573,10.614608840171545
validation,V0030,3.078534892308719,0.7233770685903167,0.5776070741731673,1.0770187095875028,-1.0055125963113674,1.1903146264695115,-1.1365713593153934,-0.8584153194040773,0.2262149745841504,0.9994479500399007,-0.10285202714049611,-1.0444770740224536,0.08976704627039851,-0.9815064639700661,-0.5338420647412394,0.8688838918443742,2.666967469113349,-0.29808030311164285,-0.579918707064768,-1.373038022816847,8.421445316515872
validation,V0031,2.940285692872255,-2.547593254084225,0.6220822747669452,0.5638209638172279,0.14650231608912037,0.44859992462081705,-1.5736559556466825,0.05444634914907288,-0.8065628289909427,0.16474750131138216,-0.42811887468460114,0.7827259679776238,0.04719439822699175,-0.36131080793291315,-0.6824983853732067,0.1622947856016473,-0.14361100629431542,0.5521528965617216,-0.2072156814727147,-0.37613627592364807,9.978671586308035
validation,V0032,3.6944590489626243,5.979178216996264,0.5200140370550679,-0.019377789298447967,-0.027232999541760474,0.9170629701529631,1.7555260110776558,-0.4258727686898335,-0.45822753747888906,-1.6242801027307259,0.4255614955021918,-0.799290049922002,2.110197377864703,0.9010864146472525,1.2945310559196739,0.3974409782843238,0.7524623859494571,0.42504414784816236,0.6864105413096049,-1.5482415554834377,10.129423148753807
validation,V0033,4.13313790982852,6.331251879352061,0.6244727474453942,1.2549100297205786,0.058795708501766526,1.4406984042964908,0.5446851647858209,-0.4995462832573322,-0.7554379903753952,0.937025812033657,1.8441214244270787,-0.5675000330430674,-0.2756125779126036,1.4000495013439582,-0.5484841079272458,-1.5458611520230428,-2.096850366311055,0.8153013712604925,0.2840291617344954,-0.15894701225116223,12.110169549324755
validation,V0034,2.311279955853787,-17.03248047300326,0.48240367092042097,-0.09173795946324936,-0.25875573718835226,0.6269413751042796,-1.585327023124001,0.07161860672603401,1.0103828534774073,0.41647942481380584,-1.733225183646452,0.7535343751174592,0.5217799156546925,-1.0961833848629372,0.4707598605827441,-0.6298052844089314,1.320712668083507,0.6472971284590554,0.5588535453593244,0.6803081111538624,8.894800497847687
validation,V0035,4.780772493622392,7.964839667725345,0.41651972967700046,-0.6040864975230924,-0.5300386096596515,-0.6111184795530247,0.9945964407089368,1.1475067331621447,1.1922841120814471,0.8722315480091549,-0.44952129819629544,0.2861965210545714,1.518841049218235,-1.0092274343408814,1.2347116649146588,0.05272540819269889,-0.0628977994178671,-0.12362394945980508,0.012723073787595969,-1.3737974796172248,11.163464496505979
validation,V0036,2.210086183767289,-12.520138021270828,0.6303588053698871,0.9747563991536848,0.31600803579149744,0.1341507836726018,-0.06956618381152357,-0.8212162366145885,-1.4069161730284414,-2.001479937475499,-1.1504301446743515,0.8117266549072624,-0.35799529613103614,-0.7230585405209073,-0.5564625264518794,1.3951593553755584,1.8506209569854657,-0.40864622488045005,-0.22380308935585763,-1.055475388937118,9.3054146169395
validation,V0037,2.884386904114317,-6.766090467012012,0.5920530284962521,0.7365939137241678,2.161194960931138,-1.5550404161586535,0.5028540366744936,0.049459074519833286,0.6894027505703547,1.139595266391642,1.3848873170574543,-0.24874621396544275,-0.33607579317277086,-0.9475874371934454,-0.2930793326129267,-1.8991957293016095,0.9275300731127608,-1.6659235135832016,0.3906791659086808,-0.9915438324471431,13.260968053821582
validation,V0038,2.4392426019714017,-11.089944520263742,0.5401237186429708,0.23402685180408492,1.1760798384557711,-0.19420991117563585,1.5855185793328266,0.8249376605403528,-0.5268807455027886,0.6000221738126101,0.2457635037547942,0.36291875387560063,-0.06682709767227464,-1.5147940545743777,0.17731437619100018,0.13052559495365226,0.00576672426979433,-0.46586546018897995,-2.038939075720203,0.5440519229300589,11.083991492193492
validation,V0039,2.727230761351454,-7.03062642492513,0.496891074550332,0.09095279164766776,-0.8800283282846862,-0.5243634383662602,1.0146933634798865,0.12739573150499706,-1.5754506363856982,0.6228648979556602,-0.04946871021303532,-0.8716083846309812,-0.10128929163670275,0.36245066515998303,-1.9820191258606419,-0.5964913098412994,1.777391692497738,0.7007371021216807,-0.35255554713088105,0.2427754890070979,8.30351383523575
validation,V0040,3.3547312648823184,-5.049902386750938,0.46931107183819337,-0.04287905244654813,1.291078254742831,0.5845216909229806,0.34344439263032595,1.0790576372508744,1.1328811735030255,1.33468150617178,-0.06711354269069514,0.2016347148223723,-0.42214198980832157,1.9732787219567156,-1.2474224555487434,-0.9974868485731565,-0.7446119054083589,-1.5791650036326739,-0.6114856605996302,1.3565235989559088,13.969328211804338
validation,V0041,2.7640161270400267,-9.240218986105496,0.5980637064302176,0.9652784348279363,1.5330567042605687,-1.51779236145153,-0.5284430465099349,-0.8077538887506194,0.6476786773475935,0.3705964377515074,1.5001004118705215,-0.35473693777368936,0.15179299694544685,-0.014336200422801922,0.1082909387113591,1.5272266166269874,-0.06167411328764235,0.20965799619973577,-0.8485749674404163,-0.18341466776220847,12.467002877283713
validation,V0042,3.9838684856217914,2.8832466228923668,0.427020252549546,-0.6394834222422333,0.07338272233705297,0.8568679653062281,0.12264059264400395,-2.0154603223634084,0.6531976776597092,-1.2842879932874365,-1.5548499864894718,2.1148608727228533,-0.2108845586131854,-0.04248683462392461,0.020260388832875023,0.09079112456683874,0.6261431326678564,-1.303982814224024,-0.6229670530165256,-0.19261396632321684,10.662581340967707
validation,V0043,2.7402829187701516,-8.90845320679409,0.29429521829970096,-1.981739981910323,-0.20121893599446394,0.30398787747859013,0.252615214208707,1.0861341405471125,1.2172836073036957,-0.2694819935660374,-0.37813441850967605,-0.2890495060106073,-0.11149575887395577,0.19282151888174756,-0.06108529080700215,0.11734091055774504,0.6250628981117651,-1.416903017673919,-0.9932958380012605,-0.4079591593509022,7.099539014093013
validation,V0044,1.885568144626044,-21.771646098530777,0.5565944551093385,0.6899579652748322,0.057367373455004596,0.13183459747683354,0.6665461839682089,-0.16907704330171247,-2.0006952245855563,0.24579513956946633,-0.45486441021576923,0.3417126728127825,-0.2930668925212897,0.08470973055381335,1.7204653939501768,0.20599964158288006,0.7493987416078312,-0.3241418693867611,-0.47373409408686384,1.4328162220603795,9.02178764079146
validation,V0045,2.5926158535615733,-12.515131591530663,0.39784322656339066,-0.8968861166525292,-0.6124934873251493,1.970849777500054,-1.5448169912254472,-0.8288303044429897,-0.7331934612316927,0.2539752090695437,1.819219356078254,0.7999634783442978,-1.4549200489885137,1.5972933217490202,-0.8066534927634409,1.0673914223854162,-0.8046909462896961,0.5661766505977511,1.1447825402763034,-0.72964144029106,9.306133584588398
validation,V0046,4.523303064649313,12.474091852729117,0.5108633253761781,0.5190272486462895,-1.3493436485279342,-0.5270057318233017,0.5055967639046498,-1.117774722652344,-0.48494375365573045,-1.3236858171974812,-0.4188240176188901,-0.41349121618316254,0.6477488204212669,1.07945392920081,0.6317100232437113,1.8909177647031474,1.4026709070897199,1.7509035289677315,-1.3589941547466404,-0.5122012488304144,7.61337707412593
validation,V0047,4.69211098755607,5.4573471745322095,0.5143715265223767,0.13792095166611548,-1.4418325449976284,-1.630361521042472,0.09387396791965973,1.2800488341494682,0.5067759496971819,0.24090690454550917,-0.4596880269309116,0.4743087450869519,-1.090917788118292,-0.21945986055937394,0.3803983650231464,-0.2380833850353966,1.9745913841161784,0.383614570498274,-0.06572885555890606,-0.9106596826698059,11.95930909863441
validation,V0048,3.0300716913520453,-8.832236447225641,0.3854103952233969,-0.9277809833982805,0.482373202374616,-0.09403434944523803,0.006450442778645005,0.49482226299256643,-0.5437220688711573,-1.680374705029937,-1.6133084040152128,-2.1014624284062484,0.11001170844200545,-0.012048037623342887,-0.5843989427817748,2.0298833712992552,-0.43541136989700097,-0.6268253365985649,-0.5181043459457867,0.39824350178768947,9.535218435113853
validation,V0049,3.157567573345338,-3.4873801920784784,0.46725792243250414,-0.1848831216046573,-0.33545391934191593,-0.9544074378364124,-1.8027338392122136,0.6399538310226234,0.03508116436315441,-0.4633863795981772,-2.287371902469036,0.007294603463552898,-0.4378565725859995,1.629262092200248,-0.04185383538615391,-1.5194636467739722,-0.7295283936779688,-0.17812438639884698,1.9417995428166124,0.9857641249776489,10.546157879994317
validation,V0050,3.6474483705078695,3.221833485412157,0.40856237204215134,-0.674405267693939,0.38400631774230226,-2.0671119767124755,-1.1782060881293304,-0.45242908164263795,0.9644240222767595,-0.7573784406850391,-0.15546887835354337,0.10631911388933739,0.2620066847472268,-2.064937562229714,0.1774037401792647,1.0766773658996436,0.9887455500895073,0.6067318331820336,-1.710196927607424,0.14832088863687268,11.217703118929524
validation,V0051,5.360481979010979,16.662161415731646,0.4373704974114522,-0.32431324675081946,0.3528715483611881,-1.2592579992283865,0.3036559518652631,-0.5052642048067673,-0.10995701701290998,-0.042033455111057945,1.626625048661332,0.8500506223267663,-1.0364055831694423,-0.12060055777096468,0.31035468686216783,0.6464559890903059,0.8527109362785212,-0.850888468387432,0.7001563677453619,1.5662949922092906,12.970056989283512
validation,V0052,4.89436914815697,12.765148389233975,0.4692214464309483,-0.5101712603498865,-0.7005263108131797,-0.4623735720536146,0.7610174404844781,-0.9029292696139664,0.3069886023665626,1.1366644974324565,-1.573903598399673,0.05473037057445908,0.2265417601598671,0.4193002317041087,1.4333340342831828,2.0426386154872858,-1.3564171698064815,-0.7724294430089715,-1.1310312666178686,0.02245789987010988,12.115092571116918
validation,V0053,2.7872983163575764,-11.307857313412683,0.45067502550309807,-0.5795738910020607,1.0508996332392917,0.9480995614963474,0.00926342413284176,-0.7997661494716619,1.454679392053867,-0.6782232354866834,-0.6008263870872596,0.15986154569940908,-2.2265540849429137,-0.2570001051038975,-0.3403801712346982,-1.3245582561961953,1.1361815848874786,0.11362284445607647,-0.5508638395244807,-0.5999643953412922,11.301460922075275
validation,V0054,3.931868544138191,4.375786964853539,0.5830141032832441,0.4732974844776913,-0.22699126678519208,0.737700024289728,0.09834228369823404,-0.2690009459780012,0.5017515603863792,0.3350398888694352,-1.3866125099577977,-0.39803921834038847,-0.16550955020915065,-0.3660547675503136,1.162586442167052,0.0818714877582289,0.17970131219549215,-1.352744183552658,0.43433251407924406,0.20350675931833598,11.938724052557673
validation,V0055,2.5482279548360927,-2.225197244078486,0.4748439126013021,-0.6229154846275535,-0.6298450999067017,0.9838800349125412,-0.559166885249943,1.0670077954327433,-1.4184478765705386,-0.6761397599069787,0.32392955144943936,1.25971941110577,0.9480830260034216,0.11826651310814955,-1.500859401026831,-1.0215087219931758,1.2603943626149334,0.5376983857103653,-0.4725868438693343,1.384188347549424,9.267392195974615
validation,V0056,2.3435260961701867,-3.886990506758293,0.6243921758046718,1.400382966263665,0.8474547411174399,-1.0064326317495118,-0.5305685780902804,0.09768688249537384,-0.6444061316130966,1.0719430518316517,-1.6077920755971575,-0.020117442558919202,1.6790740607721997,0.3871450402845253,-0.3396807804606408,-1.913361552221197,0.6014499481699219,0.3704048724303397,-0.28013146829528907,-0.07883800639078857,11.140198394161798
validation,V0057,5.116209904973608,12.85846772907152,0.3690483117448391,-1.5563173990864194,-0.09124350016292952,0.24739942744367777,0.49963574997266785,0.21021730786162832,-0.8929082639284163,0.32628959257812035,1.8606427847111193,0.05879736792404609,-1.0584216660637744,0.6264401279961975,-1.1413881971600766,-0.5009692121470285,0.7066761157166456,-0.04580296605619063,0.6657920233513648,0.5357112975104918,11.513203414885831
validation,V0058,1.9430638214653835,-11.794208057858132,0.4254543126948322,-0.6293795935503924,-0.22144545270282767,1.1204977960047404,0.6393261591144374,-0.7905139180363141,-0.10444958846178748,0.9134187907157756,0.7265553960801004,0.577625194788723,2.757130466706729,1.615527200572614,-1.3890697163610954,0.8566797572455491,-1.31088859514795,-0.07214511137042133,0.3694119149649884,1.288292844858198,8.081464485906986
validation,V0059,3.0349508236631495,-0.008461667309619614,0.5287954249235858,0.6830731461912831,-0.9701109750313337,-1.3303149957079046,-1.3432960721270664,-1.05188416529247,1.3209658396491706,0.3678426794507788,0.41119447287811056,-1.7129462407355156,-1.6342467552663025,-0.6777505751465791,-1.3156779567273877,-0.9974390747053459,0.3682594414767414,-0.7231064050244136,0.7153120290476433,-0.5992553026912049,8.757538914708949
validation,V0060,1.710366195500248,-7.163805392168332,0.5117307704312442,0.2192848433617443,-0.6581633250017056,-1.8285034398543671,1.5242047547132596,-0.20760560125821517,-0.6700644571495361,0.45724131229236264,-1.6820405745134381,-0.3074397034630131,0.7457925983179654,2.245594798416243,-0.5831724370373436,0.6728000792828694,-1.4168524773124482,-0.967997261643206,-0.061591610384277184,0.49405343933157353,6.601175261731749
test,E0001,3.9249818666430762,7.990160528866518,0.46555045102359793,-0.24889470496658,0.8054613487017774,1.1430014963187916,1.0800447963631408,-0.13484709195322048,0.787833383076816,0.7212721204582558,2.442116015301833,0.9880058509355217,0.4887964316701488,-0.5987230844115259,1.3467321415737585,0.6306223775578549,1.3471998105695437,-0.20856394652628402,0.3329030573374563,0.4790439489678767,13.233179224373977
test,E0002,2.684558112976867,-6.117589270199776,0.48669034659845156,-0.1182742505668345,-1.2354883424061711,0.5290864424852776,-0.02851551880320958,-0.30532974282537056,-0.15449412416989836,0.018681673765053836,0.7660915289671995,1.5515623567040662,-0.03253343551322428,1.483838797373475,0.275950857605855,-0.46766335666610953,-0.021987116612760597,0.08177042279112298,-0.40001498407018626,0.6752380681750579,10.17778088519873
test,E0003,3.868806125628291,4.93355201850925,0.42926394310862886,-0.6464830812254987,0.8682393536796292,-0.7465997444479967,0.317588680304974,-1.0833913008034046,0.2942919846029562,-0.2983791882983833,1.2645321546481372,-0.3543743916582921,-1.02360158296601,2.422287131469867,-0.7265120384316055,-0.7512338995005476,-0.517594917878044,-0.6189853801996241,1.1012841562306923,1.44020590194276,13.00744323885586
test,E0004,3.002559134112157,-3.886275418465742,0.5457140751243116,0.007847661177758591,1.368601126594605,-0.7146613903628668,1.0668143466293898,1.9736926306929423,-0.28173791419631894,0.43608105999972957,0.061508776612952294,-0.16494060079118916,1.311060886669952,2.01669549105583,0.9793162179611944,1.9311339385198554,-0.36314270669368975,-1.6936457546899386,1.54269658692703,-0.17385121397412978,13.85905130487149
test,E0005,3.238340515230887,-0.4847139392998576,0.46604656623192176,-0.34349761376404564,-0.8178474634017865,0.36688745298959125,0.771160800978046,0.6824380818603578,1.0800126832741797,-2.6164095190167043,-1.9626160879633578,-0.8088721607384295,-1.0094521381121002,-0.4745655908865295,0.9365668657963505,0.7744268392146689,0.41805279740880597,0.4456253257468132,1.246928157330761,2.5194691310161077,8.439734365878184
test,E0006,2.576262897889588,-6.905345874893846,0.47868943183620233,0.20707336549163077,0.8445103990559744,0.5250893145810751,-0.2091384693598564,-1.1274201064576943,1.333189564654136,1.5422853539512071,-1.209715650432927,-0.2602168804670204,0.7746696163250494,-0.07309983662881332,-1.111360772583533,-0.2895178037222578,-0.5960582642202825,0.24934936284826859,-0.31959096937443454,0.04518495636069543,9.243638256175585
test,E0007,3.8582620981504046,8.16082644933687,0.3727858148907176,-1.2211688319086447,1.032384881094208,-0.030781897394021318,-0.21606103143732433,1.427177908405849,0.8900610174010054,0.33495610335364895,-0.11065112608576656,-0.1277981114661947,1.2503815440567665,0.6418377151597926,0.9617076078018836,1.0583060176557828,-0.7720389994250252,-0.29249451084496575,-0.9391617396068436,0.8203229025305044,12.555640826378985
test,E0008,1.6992483624234542,-15.045983475691736,0.5428702824816942,0.10861161996202984,0.38070144401784717,-1.1107215583766223,1.296519808324121,0.46942092885256836,-0.1386538524889838,-0.8581314892974163,-0.4321099572891627,0.503166900053987,-0.0957729768668103,-0.346989814081344,0.2247945378941881,-0.43496790448207234,-0.8383389622559537,-0.11363675502425902,-0.3968823729515342,0.5416215629106552,10.24954694462273
test,E0009,1.612022069909497,-17.16440163804334,0.40425646918200514,-0.47529623706612556,1.7843973170089606,0.520353654714222,-0.0039089429562516615,0.9778701450008795,1.2168926674591118,0.24922276432217477,0.8505376295290197,0.31363823622827375,-0.19323026844656502,-1.4135308782913478,-0.3698195909064353,1.098071507731724,-1.564474478314245,-0.7607536133488207,1.1733110784969338,-0.7427021990252404,10.842644471459709
test,E0010,2.3389754341399414,-12.386705356544688,0.4571431118281367,-0.08212803947475811,-1.6897667384821273,-0.22399048438372723,0.4134553935505224,-0.6650364190472258,1.4751827026129596,-1.5915211882717173,-0.8844932092710662,0.5243347914133284,-2.203374537794575,0.2147483669566924,0.49307623886246577,-1.8463591656215297,0.055082872772424955,0.8476854864442345,-1.648313878998308,-0.515975362253132,7.239016863155415
test,E0011,3.944790208486377,9.876882064033724,0.49718696609241614,0.573926299671525,0.011203437739817532,-0.5161490733370164,0.21256540972825114,1.1496671719750344,-1.5613983198016885,1.5734570496801992,-1.0037691845517676,-0.5727150573315486,-0.7981491600389272,-0.0698730700788692,1.6925911548898709,-0.47227126810834774,-0.49298429794417276,-0.4602780079656053,-0.5605644363263805,-1.2255261474927073,9.96445148788106
test,E0012,2.1129570769996375,-2.486811179229022,0.5217413201818395,-0.0624653894691824,-2.440219650388489,0.10568328452269042,-0.1561910319254941,0.9152158106578935,-0.4178340554016093,1.1926303103700924,1.6380623196387178,-1.1588763397923036,-0.4611695464089431,1.1939451322063852,0.9539682092197093,0.5706150243971889,0.3136277101575907,-1.5131882689078735,-0.61813366433956,-1.5599693708919238,4.219577914388136
test,E0013,4.549764839570844,10.695531948581422,0.45194034025715074,-0.6816087403026049,-2.3367093063660036,-0.600233395886543,-0.5392813651605777,-1.0566352823149077,-0.5757931676266331,1.4262915875940627,-1.3810189639790553,-1.544130794138032,-1.9518831276790165,-0.8025330609099475,0.04935861834870291,-2.0770367689931017,1.183906921647794,0.5559093265677302,-0.6947563623440555,-0.1802587186280647,7.831458342459583
test,E0014,2.238522484925981,-10.672479466207852,0.5029401856767446,0.44130706983786483,-0.5463923053895376,-1.1842124228989197,0.07000009529191847,-0.4251601637046277,1.5786068284327361,-1.4186692285353062,0.9907769440291765,-0.13313416734250116,-0.9358234787623901,0.7291647508914353,-0.5172611089183635,-0.07012277571239697,-0.41890093806653056,-0.061657849934644834,-1.2716593525886555,0.5275931734143552,7.249909643764004
test,E0015,1.9800318045202925,-13.815546491454727,0.5629268313961122,0.9059681486196789,-0.64159445768373,1.5548163085970645,0.526053514975765,-0.5298448974563751,-1.657235320550345,0.18357097962458432,0.31732911517719775,-1.0017353384501684,-0.8938812535868426,-0.9050738886939144,1.6735801268762902,0.0625966491127862,0.357730388996721,1.7702070666052567,-0.4770609187070147,-0.35172170436728795,8.372639379470522
test,E0016,4.942594770799466,19.650365897711755,0.5122291578461448,0.031236042526783345,0.6927542355295688,-0.675654309857317,-0.36019988545193427,0.13658176290898041,-0.3006072054500492,0.6915614569526387,-0.3565917241761725,1.0114175877914013,-0.33805787927081965,-1.9903291520427009,0.8140359788652817,0.7468152735275374,0.49572461609065854,-0.4059912543626239,1.044733377618605,1.4592714428232494,11.686151835667209
test,E0017,1.3969219350682904,-20.21022529339058,0.6894903110742638,1.8329733364306833,-2.476647334582246,0.9350002208020731,-0.740616601329666,-1.4426321698427864,0.05617402788635022,0.9737063584411921,2.1009882135343174,-1.7915567797633887,-0.5185247913784985,0.16295458079601513,-1.0599912174281347,0.5997896231802181,-1.681236589987447,0.8646162075219794,0.018848747945406575,0.6315286796649988,7.045755802059771
test,E0018,4.314956941315955,12.959284697967213,0.49445078615998705,0.3264480690483884,1.648144319969297,0.7214956077638467,-1.796439509878157,-0.280703136334504,-0.37310080478691976,-0.22022236787811733,-0.05136164241846575,-0.8202922108426369,-1.3913649211359287,-0.4997594815243278,0.6483031385177532,0.12316754159324396,-1.5390026182666146,-1.9349376308989013,0.7165716379689562,-0.21484813910724784,13.604385740132479
test,E0019,2.5515013442743175,-12.54883245841025,0.46109129067370147,-0.15707011419164227,-1.7830078642757459,0.49620997197289557,1.4019176536855402,-0.2674291345828121,-0.07030622463875254,1.2658825561107394,0.35597403645369746,0.14718134827143506,0.3585815172470671,-0.942829857219382,0.4232979282614157,-0.27206671432938817,0.2617218052812186,0.3373544118223617,1.9472972740974495,-2.1788725384270666,7.067102744863012
test,E0020,2.5524254753887416,-14.666295006110918,0.6203887203119329,0.9677120379362115,-0.7834912661142107,-0.09259245232580478,-1.575202968905066,-0.4467536683831371,-0.4070810103413033,-0.1551685883079174,-0.10454280940351268,-0.0015790977159775908,2.8148576098849967,-0.11000731868230891,-0.6685695039226267,-1.2161657354765205,-2.2523355957197526,-0.9526790755899498,-0.665278669161007,0.9672642110441555,8.852704172038464
test,E0021,3.581549233338398,-0.2467420884868199,0.5074828608920998,-0.24600162931389363,0.22770685552024758,0.5171232795661586,-0.18353309314168656,0.14981224928745118,0.9780027792464737,-0.9252388548666229,0.3537504600232692,-1.792704635604774,1.6258636969354687,-0.3831442637517615,-1.066173402023469,0.501702959150442,-0.16001601505823068,-0.913670231627886,1.4070817496118055,-2.325838429721897,11.964789240978293
test,E0022,5.720309135376394,25.354002497769656,0.4204753062093121,-0.680951900406365,-0.41034178769097684,0.7579350829722482,-0.9184028757936117,-0.5789970764928936,0.04173647718855383,0.2351806976383233,0.030826625699238937,-0.6006805661584276,1.59989171821173,1.2104085084179672,0.8239832709672895,-0.5198355213890862,-0.22688754611814585,-0.5646912172381566,0.7494391886121375,0.7408444194626839,9.026257700184313
test,E0023,3.7853250946302763,2.52596157817535,0.5429865598033949,-0.01357287983595401,-0.3247498925830743,-0.3727590662840384,2.745615488723737,0.6884069312068802,0.9964802291364107,1.4983737597588431,0.34602859810470016,-2.085374521092122,-0.49585577280527576,-0.1368306876536228,-0.5056887625125965,-0.5403221834471822,-1.1821870909418997,-1.7722472966353513,0.17087073106843137,1.3397490991505046,11.588889644163004
test,E0024,1.9113834804150713,-11.883174518911424,0.7224249251296927,1.7820637939043473,0.2283261426309215,-1.0566702783993476,-1.5744841943414223,0.9952702001695833,-0.5155173097334367,0.4962971988072972,-0.46260449078723215,0.8122671291000416,-0.07204426591234767,0.9871429235666896,-1.4186429659181732,-2.607767594601671,0.6588147637276887,-1.4703851343040384,-0.036572156595847255,-1.04733542768563,10.543675617249772
test,E0025,3.3663899794568084,1.423295731947242,0.3243721381006233,-0.8205347923225627,-1.3739798937382597,-0.2685033914017231,2.429067852363374,0.07326031569609066,-0.1330199234651832,-1.253765268028567,-1.5252551552550524,-0.3829308776195604,-0.6125294146410071,0.10308660100179283,0.47280973631438694,0.8919053358121016,0.3242845858530903,1.1902155183549077,0.4084209558790631,0.10912974166533096,8.618367959720434
test,E0026,2.099402599684012,-13.91901204329886,0.3938577860338801,-1.5231040578057948,1.1273081037381996,1.1816044653222253,0.35300804121085705,0.2741785484809509,-0.6278735080998482,1.3531647749267695,-0.332681167644902,-0.050719991234697136,-0.8929296163077328,-1.3841382107353448,0.9608170690764389,-0.6715763731449312,-0.5937236834543576,-0.9059342718559485,1.0741680912712588,-2.1870973033620205,11.250165955665436
test,E0027,2.394814054417829,-16.472200541013386,0.6893048463955932,2.0646181975193945,1.7863742296282865,-0.36435904686069565,-0.2832896497126694,0.16505889854632277,-0.20779270655476367,-0.05305360853392215,-0.23660762739468247,0.8718599230582718,1.6056369913288493,-1.4261910229385468,-0.30382352250030326,-0.4202503720457658,-0.2907612770737449,0.23552339642489623,0.2652303503856738,-1.8227184313375129,13.51665162980135
test,E0028,4.422851209740706,12.169982829737222,0.5039856885996763,0.677827240819952,0.3899954004167805,-2.046063661858093,-0.6584526955107212,0.005300106977710659,-0.2031061046241713,-0.0701259071076667,-0.3005215893953024,-1.0646098891930103,-0.36958120748474815,0.05399540067297926,-0.5407258398568145,0.9112462151076223,0.1262883578078874,0.6482329214356253,-0.13815743185379123,1.0288464432126871,11.869380009925628
test,E0029,2.599006717235701,-4.821149688734122,0.6119543861323884,1.0307233185742517,0.44196717795919754,1.2876644057358164,0.8722245811067822,0.3299863826014021,-1.2833498130332355,0.28379085517457747,-0.18137040209109717,0.07853095433032686,1.2759981053115539,-0.3092547203360048,0.00830992786662367,0.31787896509611824,0.24153995237172818,0.18249226602151905,0.16938188239106422,-0.9619246228895894,10.7454275896768
test,E0030,1.7028421081663754,-12.707226008390663,0.6014425804463166,1.0457367829483644,-2.191697299228239,-0.6913853101017237,0.5094387734436339,0.7011356763596485,-0.8753691351345106,-0.6123879430770875,0.6884679622976473,0.48985619393292473,-0.3696917229001225,-0.8124538987670971,-1.7515110916199628,-0.4221344360749204,-0.7239935675488658,0.7065356213580959,1.869102337865502,-0.4635866638098214,4.368142180421275
test,E0031,4.582925274304324,14.405516801864785,0.503404847092807,0.3121763592255376,-0.8161984711210768,-1.7649799929410845,0.4985239090163656,-0.6817958129284154,-1.7832310019799198,-1.8978951291025823,0.16648703028559747,1.308257194423051,-0.9871213988424022,0.42892857074427343,0.9657040403101137,0.24683333447967987,0.19138320541436454,0.7198646746068933,-1.0566165540198755,0.3012047828336656,11.285594003507738
test,E0032,1.930707908720535,-11.613417126585148,0.43823512370566914,-0.5005218316829806,0.8608186373333511,-0.22188949843590838,0.8402254189924159,0.3469009565726193,-1.8175153484362485,-0.049257135641323765,0.2834782460067941,-2.876795159640322,1.0007897462966509,0.678278183130631,0.5821441562047173,-1.1654577633787202,-0.17463038839820375,1.3130869997337318,-1.8068541664319877,-0.32888535473677566,10.065043748295691
test,E0033,2.7339522217113794,-1.9347367600598657,0.3615078213372501,-1.246046971166999,0.055562745709527205,-1.3559667479198985,1.3960702139098626,-1.0055745585717404,0.7452346692451854,1.1251324762076127,-0.0011368803380555077,1.6914929770314011,-1.7410022401503953,1.0094095527611613,-2.0137919243094538,0.15482441302898103,-0.07162903113114737,-0.8043453004288891,0.6672555716375962,-1.2231969302097723,9.21146662761602
test,E0034,4.046163611399089,12.319290795510518,0.3843029727555439,-1.2134284629810237,1.0172645038043215,-0.5869224567772955,-0.6949282391925459,-1.751224548982837,-0.3144199577199556,1.1809567203830038,-0.028796094180884614,0.7937461782394204,-0.5108024492581612,1.3448455166363324,2.232266254209133,-0.42794114063651234,0.8811038053517104,1.7568282563499042,-0.7811318469101276,1.8308834801951046,11.073812183002381
test,E0035,2.2793903685424675,-9.66306647517144,0.4756725028181721,-0.5377136330923892,1.4085108988252384,-1.9150664798782708,0.457404461483248,1.3811115793606328,1.2609243417883933,1.3241044226181518,-1.2438245949212992,1.5316240040884002,1.0848805520227038,-0.6529165169875724,1.169894189519153,-1.0304740258783645,0.6960701096726043,-1.0338926806096091,-1.536003091123031,-0.03747530074645373,11.257338145461556
test,E0036,1.8666503331126933,-14.185654791138885,0.36252139511315473,-1.3278427811416569,0.6197407323295798,1.366537354319579,0.9163379629402467,-0.4609957412804309,0.22779547019777135,-0.43243545744348744,-0.10841395031782071,-0.47111376447721276,-0.6926771729233744,1.081819588343381,-1.0174034925217548,0.9988694068753345,-0.5957021553513806,1.0861757296394248,-0.2865410971548651,-0.9204258548252873,8.92323516836653
test,E0037,4.030386569754074,8.14123507976733,0.36165768842363144,-1.1805336162047164,-1.5553352858702694,0.5785233961922207,-0.824329141596061,0.32617692630763284,-0.2920812442522014,0.4691984040724132,1.6625127662093886,0.4828077498878398,-1.1160818428732802,-0.0664581364179196,-0.6982678182788497,-0.6788845026320294,-0.9099950202499063,-1.001228144471734,-1.2134417287631614,1.2130455239565798,8.402765788397
test,E0038,1.3691773460766627,-20.984285127961105,0.4062076228104182,-1.344258314018819,0.2160508212882553,0.9257256156601376,-1.2819114245349568,-0.982445125680612,-0.4208495725550221,0.350742061454135,0.9706062796513295,-1.666222113992511,-0.7632341611651878,1.1289940630156525,-0.5237295774793743,0.7673520502672954,0.7311495195602186,-1.2074759650380869,1.7434556811688908,0.4103501188861952,8.271372202935913
test,E0039,3.4357466991518586,-1.5903357839660472,0.44865461277103924,-0.31888360302547464,-0.09237189150040312,0.7892422416750404,0.4356502607693282,-1.4953063840063288,0.2505783269002218,0.9571496212420147,-0.3228706445451999,1.2882970715876947,0.5799265866042755,0.2422675507680371,1.5550656264721014,0.7697684807645898,0.012669441390864053,1.1940806628077456,1.8994274045827282,1.6594016400946858,10.849095953258281
test,E0040,1.7196849082280512,-12.242071265020638,0.37596583333429007,-0.9524298945517967,1.1247348925637513,0.09428302679118084,-0.9968300184525684,0.41783652823765277,-1.4305563655694926,0.4399993009124259,-0.030539172461094714,1.0359537644099446,0.14175366868919115,-1.353881884464334,1.0169645278206976,-2.1269050496637663,1.4789499017040875,0.4032668384367326,-1.698679741946492,-0.2511021145710188,9.975542735535111
test,E0041,1.9772644739065561,-14.307509599490132,0.36267998050300776,-1.1751536732059729,0.5300034617276467,1.0267070172799753,-0.5283061372165638,0.08028894879562443,-0.4085946522779206,0.28447820968141696,0.10198480390515725,0.6516296624882453,-0.008687410489598332,1.162421860263116,0.012251806908643678,0.8779690663952053,0.39076866232560764,-0.3975071005150789,1.9799438575669046,0.9931601059610528,8.923273440235732
test,E0042,3.350970158810276,-1.270451163237884,0.5269812435912125,0.3883351873041276,-0.8414500092670748,0.7622736119343451,-1.7507518743770656,-0.17737101583438905,-0.5862626130275922,-0.5659436881686866,0.4444491883945109,-0.3012611803980896,0.1143743358987522,-0.08873021784536843,3.5993168692062385,1.0369740800292406,-0.5617578400597906,0.7686850098299869,-0.21600162337397766,-1.130685495772872,9.645485855199048
test,E0043,2.7209739570019456,-5.348770718424153,0.367550817282544,-1.3954627694182915,1.6707247192385324,0.6150446771091941,0.3752621392899105,1.1879183650034961,0.2260393376669602,0.01904331413484449,-0.6606523005351314,-1.0303813955038568,0.8554795699480557,0.9049519121974454,-0.40688495662895197,-0.19879245120453498,2.246633325100191,0.7818478343548922,0.16709715165318945,1.655738886636283,11.985158988382414
test,E0044,1.4186247822157834,-23.404636851424296,0.4179168379013324,-1.2035002002157698,-0.19531802714186855,0.8306449151899759,-0.22026055921921775,-0.21964424236294355,-0.6495750375008977,-0.0028661134229440335,0.17989811248566887,1.087114284877392,0.7690136088241359,1.2741456328838532,-0.06442361272765486,-0.5000653213190288,-0.7126529691974043,0.8996544364593769,0.6405977363297974,-0.37421866746765087,7.855119675651836
test,E0045,3.335175302126318,2.0134978994844177,0.3876298074313257,-0.8160333279583296,-0.042280908997959436,1.02550742448996,1.0676323708461963,0.7161468913561075,-0.4369849665085868,-1.483333981065048,-0.19098425947630707,0.18609545437933855,1.0748664650515487,-0.31564266281725467,-1.6259342109264503,-0.1439266828965546,0.2053138832900007,0.25843357948273965,0.2350442739385825,0.8390130441621171,10.750912013294194
test,E0046,4.732677067956485,14.70193403776237,0.46551603004733366,-0.9620942625127809,-1.969050962236454,0.8879725917092022,-1.4866839534580165,-1.459081951298528,1.9074115214624905,-0.544194670735298,-1.2280443037933586,-0.6647818578425815,0.8963481984423199,-0.36239628489619985,0.09540756014138874,1.2628842187349476,-0.7711194608022361,2.257903892053652,-0.6750803365621929,1.2508725409518398,10.170113376909839
test,E0047,3.2310034037789435,-1.4421173681807904,0.6892157286406554,2.3850693306368163,-0.4335667612014513,2.2056427175133066,-1.2637020804049564,-0.221882660755796,-1.0867335568851728,-0.09401110809446254,-0.5236444212096897,1.2795502697019232,-1.4875115136308432,-1.7755077679478164,0.29101265404210286,0.7059163640805299,-0.5331120208362959,-0.07851591448845084,1.2231426972641049,0.2613748946657835,9.44409741835445
test,E0048,3.747489965169575,-2.162345010578261,0.5888542631892715,1.1162798930021072,-0.04542727598662249,1.1802144344487142,1.6194210193639282,-0.36757094571088245,-0.8755323229204859,-1.297721041942758,0.9371167370299791,-0.6895454416966748,-0.08980308810813434,-1.4352912287946975,1.4478039782410737,-1.345818932881533,0.6011106899378706,0.8664623377950781,-0.383833533822202,0.2415178386804182,12.307028762946354
test,E0049,2.363698803429667,-7.473897854757563,0.40986418571662664,-0.4296248279654669,0.8400927843045426,-0.001129335214503692,1.3776496497681108,-0.9543568382354612,0.6919607219641292,0.7117880835483553,-0.48273533757538445,0.23895270592283027,0.5569441997532083,1.7438221261938065,-0.215748138138553,0.7473980603858152,0.36976872961347723,-0.6393748106352998,0.25525997040701076,1.1304021181942094,9.07311346449818
test,E0050,3.2693167834378616,3.058913727956,0.41788693117851805,-0.5355440476775409,2.741556785570321,-0.13218031511453737,0.43517710152402866,0.33878323731165594,0.7912298988180066,-0.8148987513159988,-0.402191815744085,0.305559229831423,-0.3361767894630591,-0.14664136714610418,0.07166113140293083,-0.37142592058545215,-0.05849832209477915,-1.5101636005840853,1.0059218683308553,0.02853539394936891,15.449290311481528
test,E0051,2.14407817762357,-7.441889828659894,0.5526787695802419,0.3634194169723527,-0.16656235016620285,2.5854954260097323,0.14760847393233767,-2.255354550117743,-0.579608312748003,0.1988333370117182,-0.09606010235971768,-0.7064494237513572,0.23525168580310968,-0.15737259687127295,0.8423201156316614,0.10014569713530266,0.19301367036714215,0.30386763738744454,1.0508845303364502,0.21784633343500692,10.474384702758647
test,E0052,3.4039217126290264,7.19544552859082,0.4345494643351414,-0.23967403152379207,0.9177359830361551,-1.3707618457131208,-2.5610551634658143,-1.077762113062946,0.3263756101684959,-2.0110108478278224,-1.2640731418117424,0.7084484162941502,-1.3001881422163997,-0.6481132797367084,-0.8409732710138135,-0.07789337815300676,0.13061219504933125,-0.04604548434421774,-1.0770000569081026,-0.152411868879884,10.195645349341463
test,E0053,2.4169624646066192,-12.95500734748159,0.4152332986520285,-0.9728199653098244,-1.8167541980974347,0.5000677020830664,-1.9357353196174603,0.03883235900190249,0.3269363216558837,-0.2103737808235572,-0.7699865689327947,-2.115881191999544,0.6205673420851415,1.0886564627396895,0.5978938303658092,1.0536698415851797,0.6582496192219575,0.4598615850065415,1.2851450662536599,0.13593220220087243,6.125154648749945
test,E0054,3.630362428125578,0.5751420640349609,0.4496464442778247,-0.5736954283624377,0.7474450155942571,-0.831092566724279,-0.15045130198463477,-0.1313217332205015,-0.550153344401806,0.06265913137162517,-0.859001833246921,0.018261492582854713,-0.7707733506793779,1.0384137681253762,-0.3923548339924066,-1.4167771370785027,-0.882175349044389,-0.9718629195821183,-0.9924696202293565,1.0453311267999117,13.109565912484285
test,E0055,3.429759873120401,-0.9265594445424785,0.6020475624071695,0.9096183886717039,-0.9225693544254203,0.9864179052324337,-1.6631341124408594,-0.321436803071006,-2.138866937643042,0.15658249208028374,-1.6488893206226478,0.6099683646501779,-0.21993858631342236,-0.36972948864173244,-0.5225338178094248,-0.07801544989704637,0.7992447830306149,1.6720956049568072,0.28871096678655755,0.584362779203103,10.153024602016552
test,E0056,4.422639888472065,10.61083823309491,0.5420111835458448,0.7858320373434757,-0.4206076370524597,-0.9784251724670467,-0.9294945552677643,1.2382036324407524,1.7242176744621414,0.0019060531851962494,0.21076404546526248,-0.5468738914007099,0.5783505600324661,0.83800291055455,-0.35278808848398624,-0.48719577330563413,-0.09137942222437785,-1.0038566156891204,-0.6219676708693025,0.20325928000100174,12.540952213481185
test,E0057,2.761558576907105,-8.36522256443989,0.6810140216654176,1.74383946962296,0.6944315449331558,0.620546517566632,-0.8213863445964824,-0.625757030107583,0.5202190298196149,-3.315529084964664,0.8894019079634763,0.8360933878919081,-0.29741456846952163,-1.2916412107033928,0.14549069005298787,-1.426155821129355,-0.5301299777067146,-0.45244397855943497,-0.2814281551832134,-1.1428460189049525,14.486489907260225
test,E0058,3.9636083535385547,5.800160731023942,0.5110030368523434,0.9204955927436118,0.0770751212556249,0.6063378792286329,-0.5384084614324997,2.4172708099029467,-0.9621850415141574,-1.6506892303158087,-0.17907314621738848,2.673982974342341,1.1463020835346338,1.6916070228055249,-0.9186675358655904,0.06539957224919589,0.18260964374922298,0.9794316804764596,0.49506625236683305,0.21960444415339705,10.206209288584267
test,E0059,3.931587963562077,6.171998481303927,0.42419149375565324,-0.8918826636225679,0.4742020493001274,-0.5696517494375918,0.15959428202724793,-0.47156025863541157,1.2868164546691516,0.9559604648672019,-0.34128967716837355,3.2367793806370235,-0.05778215099502147,-0.8773027815206358,-1.083279682231647,1.5254896031354503,0.8175315979252349,-0.7664016443558009,1.5219891179296836,-0.44384015084519307,9.563785426704914
test,E0060,2.4066440631248756,-9.268091712150845,0.5917231149937671,1.2702805736707994,0.8330420572239327,0.3661513309258058,1.2889298393247826,0.6915846821665546,-1.9315675391326825,-0.6392645191391089,0.5843915594301043,-0.25932874478677354,-0.5482553023467218,-2.115994758327215,0.16042311362371992,0.6941138444508794,1.7678641216319122,-1.5100547687105712,-0.4005364477138726,-0.9412573701017634,10.338188597032367
test,E0061,3.193803805799654,-4.487693265383918,0.5778081683033245,0.5391347347834867,-0.11787792953012168,0.6103184909255245,-1.1604903895723693,-0.5065672377103247,0.11582800336655302,-1.0375544109902408,-0.33554758593181383,-0.10978240382505924,0.44929757985794694,-0.4813775940934148,-0.06494455624101785,0.36663823637668486,1.527671588445194,-0.7008245434772833,-0.5480685026463167,1.7353841528734553,9.022715557986825
test,E0062,3.9747974108860076,6.344925021406688,0.4221998752245907,-0.0941702865351467,-0.028076146461879368,0.6228579155616216,-1.9560958070161785,-0.4825430308399109,-0.06719923524142364,0.19544493852086378,-0.9130912947334175,1.0340258599712657,-1.631504479527694,0.9868272710033144,1.1921909845180743,0.8911039781009565,-0.5927372428502133,-1.8226270616805,0.02236762674159444,0.1809249194696601,10.011397648185781
test,E0063,3.4642251839181433,3.5458972464213296,0.464381290460738,0.010325840441783862,0.6036633739990844,0.4852422635715325,1.2953950342416836,-0.2713833530287967,-0.4324753736590962,1.8711881877803584,-1.4488424352101223,-0.16861558924173461,0.6013137844324539,-1.4301515939415947,0.8382587018477704,1.4169682986044891,0.7217119664959247,0.18681235407858918,3.6505716869666496,0.19431051712471942,10.860071298144396
test,E0064,2.7970002067434385,-5.329095380067578,0.5588406898636105,0.9377802396328854,0.3470401330615065,0.7752220079463169,0.7364607526636722,0.20836068201423644,0.2594679578129757,-0.8117233290046122,0.21236262540093012,0.5882851669171828,1.1150968107890333,-0.6281723532702801,-0.464006530146445,1.2878097087419802,0.11121966642971343,0.20319690868402268,1.2236316094836235,-1.2225382308018975,10.587482021912729
test,E0065,2.271942808260312,-13.385871152538805,0.39587214970182455,-1.0423382422778604,-0.09548860104015262,-1.1518702749761962,0.030809172315777802,0.9508420026392959,-0.04111812507240136,-0.8532323633877698,0.39474475187529584,-0.2204799471729626,-0.41755020905725576,-0.47258657162863577,-1.133235911360813,-1.6865150003566598,1.0294269915625003,-0.8099511838979332,0.1922433420023731,0.48891563385365927,8.106963292482058
test,E0066,2.2906036886856787,-8.385177923166331,0.5925640171478717,1.5069878230242626,-0.7010502392639739,-0.3358484343386746,-0.7350746141721665,0.005781483401759898,-1.0238351893049455,-0.4859519026496628,-0.21184888458985812,0.12296813671455722,-0.2780478189080244,1.19919388653945,-0.43827562108021384,0.47724261997996265,-0.9894580827719108,0.024077734607872124,1.2965918432542638,1.1173438390054375,9.26080826120658
test,E0067,4.522533393599135,6.1333870731824724,0.306176682577883,-1.65837637167204,-1.0478735671748785,0.26806346219267363,-1.4374755452188268,0.5514819026775509,-0.3454240931622063,-0.6318741990736726,1.299832584387956,1.3024141733564938,-2.3403381553702216,0.8611473318579046,-0.08148125251653143,1.0827879942318426,1.2840327445519457,1.0840056151331956,0.8537823145854977,0.8042747194762562,9.55039830628098
test,E0068,2.7333044173466874,-10.514598073500604,0.4168724990145016,-1.0323441053895739,0.49865931260152396,-0.7723267918711363,-1.2876852580485125,0.6534061084981331,-1.0286979296182062,-1.415294143391116,-0.05450831168266467,-0.045610387640084245,0.3507506751274943,0.8745203675898899,1.06502736857654,0.622016676119002,0.7345437886303345,-0.4262379360945009,-1.4092026694581223,-0.4338925742271315,9.33617300040671
test,E0069,2.871910734744591,-10.378355136341279,0.5644174908862675,0.4630479111367016,1.083074770958347,0.21218080901364156,-0.21357679298309448,0.3425618348098696,0.10800716700440638,-1.733260988048196,-0.9781556658411257,-0.26363929122378843,-0.30594264198933596,0.1844398564320157,1.2051273935833964,0.13583538260583952,0.011768970881720544,0.5269426588093018,-1.3090412274331151,-0.8897489482830759,10.815155276051406
test,E0070,3.1246284824550203,-3.2365251185433306,0.6581837758791244,0.9322655914902158,-1.2615254979691497,2.9772505524170865,1.8706914293268215,-0.6166296503395584,1.033701046389238,-1.3480124686089825,0.6353552068938124,-0.10821739053009241,-0.810045310817426,-1.9286883100552892,-1.5883426348356724,0.0691760292738436,0.9641837059376158,0.34096871132040024,0.8794378442200333,0.1343322612728006,7.946903508199213
test,E0071,2.578629556987,-7.293102942994814,0.4152165859319471,-1.2599347744868874,-1.0523909974119563,-1.2018945837833066,0.29462402199555376,0.8008411752326533,0.6627575181028178,-0.3176639577043839,0.013462696483284239,-0.8874615704201537,-1.366311652987854,0.554781663987502,-0.2819514200529708,1.2651523157038156,0.7783822862689693,-1.8135473744832493,0.2584203923679215,2.718540929075812,8.409321704038607
test,E0072,3.572702428329835,-2.2201743596553363,0.593057163046576,0.5127868681908186,1.2300803088103622,0.005270279167078178,1.014521645285707,-0.5496581698849126,-1.7137839468333271,-0.6867969297631149,0.036089865938311184,-1.26830926202973,0.6744978073566152,-0.20171338333532432,1.5595600872318018,1.023772623974646,0.46229192626943083,0.894389977643756,1.9791661058568888,-2.160856238970358,14.048187757996399
test,E0073,3.305495674252918,-3.4087130196289595,0.5748280554483826,0.8383870407202485,0.5118776318745023,0.5840817695925793,-2.6139051902953363,0.5168155883729394,-0.9456420619213415,0.5817480086294855,0.21743902753742542,0.3178147620254147,0.16567445957629598,0.13134365734741069,-0.6814461882101399,-1.411928660719017,-0.6257299115435778,-0.005615168240119828,1.0156286167686832,0.5380201594869437,11.341388504148348
test,E0074,1.8834740963928085,-13.143110869481024,0.3603701980836508,-1.221300602213407,-0.043188711673653,1.0819742577307077,-0.007095959671732817,1.5615343493225076,0.9194189666940642,1.3735897925969798,1.6536338119071936,1.4486601227788305,-0.8141196726498569,-0.5773439002048095,0.6021587728521299,-0.5674272495477583,0.6752496207524535,-0.7716533037139391,0.6605037301268499,0.8875811722727006,7.5030572648589215
test,E0075,4.271316695943845,2.5186530912906715,0.5966768608131928,0.7197907445054442,-0.654007881112805,-0.14818917088701392,-0.5720245740259754,0.5667367175940551,0.1414066316434247,-2.8647406323696,0.4785220287253676,1.204876827731545,-1.4344332961575958,0.9366378532140979,0.8929377638044212,0.66550933209961,-0.08704601689312262,0.04003650687089964,-0.9176656521732202,0.7440257056483598,11.035270301103493
test,E0076,2.2248808366909927,-7.923209826013762,0.5655922242925211,0.29993329300514276,-0.9897675096049157,-2.4845952357938876,0.590336172211422,0.6214839896820685,-0.5844835000797042,0.6768229264698363,-1.5516696880353351,-0.6046177444532008,-0.8531986445430636,0.00460675309238293,-0.7410892082938659,0.21068906312085306,-1.0772785637640208,0.4573605015450029,0.3616351225826001,-1.9278143221273467,8.160920547578176
test,E0077,3.3857902671369513,-0.3890913544649579,0.6217296370664482,0.9250230131176118,0.8085981777641243,-0.5021458063168145,-0.27795674771766954,-1.2733769774893051,-1.583570261306472,0.20979667040808778,-1.1612079946618905,-1.289358726221054,1.128306042889408,-1.2738626853914767,-0.9588541183746152,1.2901316712229858,1.3066987833578854,-0.6639160936226638,1.0626916824392127,-0.2952126861561326,11.869658410045183
test,E0078,1.7144699042806129,-17.00324207092533,0.5854199374189244,0.819234598908958,-1.3696390888773473,-1.124616029795054,0.8019495825744061,-1.562559582112032,-0.2461135415102196,-0.25199072869842815,0.8929743466211711,-0.7447691832614117,-0.06505400884030622,-0.15820302543858988,0.6565512306597507,0.23140199438720052,1.8652616645566766,0.4602697101199324,-1.0112492872501968,0.07190484098898456,7.923507439647058
test,E0079,2.3183351260802625,-10.776434884370794,0.5073996061519522,-0.2505309219065981,-0.7024630989348446,-0.26837657677414894,2.23241618235434,-0.7926206346840087,0.6675884626374724,0.2575140634510844,-0.06614757375369446,-1.1270529151382092,-1.4077799252950522,-0.33455182523567145,0.13161699208161803,1.1056908410012325,-1.0590588140294888,0.589429895891821,-0.6406611037055795,-0.3423864652456844,8.87964271063564
test,E0080,2.593740568872682,-4.990307637100224,0.5799734224218169,0.9967267543365768,-1.2785329021618168,1.6191449634102273,1.535392249388656,-0.14734781765239638,2.310198639861799,0.8227702291496862,-0.8935174228553574,0.3077593147952351,1.4397994555321152,-0.08319393230198065,-0.977151997618818,1.7282418385715055,-0.5952767639101908,-0.271316684743722,2.4479023167717604,-0.045229752402335406,9.14312122384553
test,E0081,1.7635434458669754,-10.366809412868177,0.44128788140813047,-0.6176249732465952,0.6249134049269166,0.7376153300032773,1.7134035019239413,-0.5311788750198647,-0.242231614346326,2.0794291577665276,-0.13040063106960956,-0.16445483088507717,-1.521668878165812,0.8836613958307378,1.3246008585228612,0.951331332800734,0.39617458258638233,0.3716332287745939,-1.005231682242891,0.2999006833070916,9.48184225152949
test,E0082,3.0035119694584567,-6.757614235187814,0.4929241283890957,0.03676484924376851,-1.9832559546154405,0.1912674849922174,-0.3980274790188946,0.9852066503598768,0.9904075661063158,0.6012274905428316,-0.254611002474488,-0.46874065002077586,-1.957731011168695,0.5851164985887133,-0.556275129135794,0.26357706196882363,0.48122802363110817,-1.1607124417438028,0.7487836390115347,-0.05358715456093327,7.7428345869693915
test,E0083,3.3519244949338476,0.20434196242793767,0.44724996265286027,-0.05314997262996257,1.3917837100033927,-1.0992360811395707,1.1135813448942358,1.779918329046725,0.17406012486342923,2.018140140694315,0.30699680571130916,1.3214677439744473,-0.8754527973514444,-0.3602517803817439,1.764721913897903,0.4346490837572047,0.2084578945515588,1.2986643801363256,-0.5439584836302501,-0.35287435398361816,13.393888946619727
test,E0084,2.6204863901465236,-0.8500680763891841,0.7221038193947024,2.0556235393686833,-0.881543974252401,-0.03147725488608381,-2.043103417033855,0.10937651580076756,0.13807356275952673,-0.24720620245587605,1.8659759771398179,-0.9976193241841819,1.245436900182843,-0.032181182865882396,0.06309181091805013,-0.020175104381632922,-1.0076694755919091,-1.467298596682578,-0.21473906610210444,0.08395549284994454,8.523479242988481
test,E0085,3.078199502470755,0.26128881343497756,0.4844870351332855,-0.2887967434158664,-0.6941892185759122,-0.6375906449864913,1.6250837338225257,0.20823003614765195,0.09823407356547555,-0.2851727793481733,-0.0871946299410949,0.09708859583851553,-1.0124333255283398,-0.4538303302500188,0.6887907267629128,-0.9839214536750837,-2.471293889238125,-0.04368351253315728,-0.43872016197420005,-0.06822851647699213,9.092308284443803
test,E0086,1.656783297479431,-17.045329681841253,0.3172735300161498,-1.5110044672186735,0.47909815821995066,0.4910524264950323,-1.2970674111170688,1.737165658902031,1.3397297203579583,-0.19162845291262376,-0.4449503737306071,2.1254910008379637,0.03309749933897356,-0.8038832241508463,0.5324107403352146,-1.2157823022365486,1.1571137770207969,-1.8544854833485263,-0.547167698160383,-0.47751842786844206,6.469723004289853
test,E0087,1.681499590126361,-18.128731448552266,0.6331788941274368,1.4004619266668212,1.9609362115315472,0.7192887514291848,1.3483195318864003,-0.7938031793489304,0.09346677330664889,1.9103117790384516,0.5062242124299999,-2.1215642753446264,-1.3920582209157384,-0.4469393960010292,-0.2043514816335218,0.12744144196443025,-0.2948630300399119,0.2038885232675059,-0.8437304641488471,-0.9508760700952072,13.803847410832752
test,E0088,3.595138311294381,4.1179384885594335,0.4039887258838066,-0.6067776904229798,0.024173905411042904,-0.8065362078765088,1.4539289548877181,-0.17586057673371283,-1.2429158619713008,1.2957953947624055,-0.7877023456197054,2.135449152314096,0.6782832248464657,0.921093367437328,1.0570391380167559,-1.074685826132904,-0.21892807115648458,-0.23858009658321527,-0.5140854417489656,0.4421967776394692,9.387146689962377
test,E0089,3.7898846592166056,1.6220578268702077,0.40004527396528733,-1.4134894991478295,-0.9785280706694961,-1.0109116806687524,0.2031940382114325,0.9497186702704874,0.46725638869910674,-1.1746289515736585,-1.1135844435595967,-0.5662128490664894,-1.4640610276712371,0.6187638031953345,0.6268254811463674,-0.6415537698750254,-1.0919186980605329,0.5279212296682256,-0.49690247836014323,-0.19516015897169262,8.913860786677798
test,E0090,3.01019444346571,-0.8111630580664686,0.47256112151751495,0.30525562826019476,-0.18818550530784178,0.2227104489680534,-0.187685571300668,0.44648003015963866,0.11167992610779608,1.1719722853217565,-0.03330767668962234,0.12265186705113629,1.608046341295981,-1.1248359032060504,-0.6939373871976878,0.08308679680102962,-0.8521635564517253,-0.18789994124458667,-0.8206135864887305,0.6322118696987467,10.313976528606425
test,E0091,1.5398766955048406,-22.337126700927943,0.5973437268355701,1.255709251384144,0.5966980963372093,0.14086742620538564,-1.1082863378917718,1.2522030280823815,-1.5378766295083952,-1.5682842257710983,-0.6756698727472659,-0.4690607751379623,0.019520436357706623,0.16256927281268194,1.3241636335401465,2.3551181475778376,-1.6563851629110944,-0.6155860265947022,-1.4997455328769607,2.5667964421340854,11.59975165925058
test,E0092,2.1984604214994556,-13.319988192992088,0.47613520665439896,-0.0331804901774308,-0.645171049612406,-0.24578048393255944,1.0758332569413709,0.45480150998487645,-1.1905101186929181,-0.5557222313718921,-0.4436590118776723,-0.8370276333827374,1.4102033870224315,0.8325086580978052,-0.8962322734829801,1.2522196266390933,-0.3600937049911245,-0.30362121076811216,0.15944633468773103,-1.4999158184517811,9.05609441853074
test,E0093,2.3689153206741422,-4.977704512643989,0.3812926792240653,-1.007065268511597,-0.0032263079050722015,0.585955239644873,0.4515315053180348,-0.5045040239896036,0.41532153780352804,0.17616079611450172,-0.3159171420046133,-0.637079954325279,-0.6837478079492875,-0.5386403905127889,-0.015564578100462242,0.269691116813051,-0.30085208656372514,1.3046354428957811,-0.29374161599376797,0.045711859282045304,8.964724153259105
test,E0094,3.7248557008546768,-2.4103052050939873,0.43132855833625483,-0.508202995553926,-0.43510786603053503,-0.003876312143005531,2.5989979668632617,2.782884717932654,1.1006781140621338,1.1967854699419398,-0.1859068644514922,1.7560659099992162,0.7400132409319949,1.0539916424513223,0.5785163799089341,-0.11497191032920173,-0.4516220256220743,0.2829263944315553,-0.019355606599550594,-1.3211724927372877,11.57907818208568
test,E0095,4.406923216461693,4.680133053944646,0.2942989147590892,-1.4331048695781474,-1.01047428802089,-0.05853951641388579,0.1677327502816918,-0.494086981830985,0.7880583538079052,-1.3061103712248778,-0.4174251105272822,-2.9869283769276582,-0.9174374533641906,-2.5348154412076047,-0.20483700375583744,1.166428498498627,0.5528370210190157,-1.2276368531081607,-0.7992940625855182,1.2107814975346811,9.215671306600083
test,E0096,2.353597732322034,-6.7003400631383006,0.6161239153413428,1.2345795995536357,0.3292975739975318,0.8397519227895941,1.1423397011813199,0.9451495494573575,-0.35132745005246613,0.9948366683276421,-0.9500503846222983,0.3052768213368186,-0.20877396932326445,0.16410406503085578,0.6775033015913794,0.4368035033571317,-0.004425172826465914,-2.3277327468964533,0.03879756174693376,-0.13237691939919974,11.658109816609292
test,E0097,2.6448776084762704,-4.782661057103043,0.5127708912299779,0.5103599327025398,-0.5228035351541889,-0.16088679675702716,-0.16381986058253237,-0.10154256669540444,-1.589002960309064,0.21696421515311995,1.3781528047736267,-0.7200460366837674,0.15213815677234901,1.4324021801126858,1.3574944553717077,-1.7158818679656893,0.08678229148936875,1.415583162728339,0.6263723601321024,0.3962420992117982,8.496059491709833
test,E0098,7.424073521880995,38.05397548211554,0.4533966931796181,-0.3564051268817485,0.058714677886756515,0.4063018355785566,0.24199739778868684,1.0990614812969486,0.7728440088067925,1.7581407564714369,0.4353319718044251,-0.043845874519439824,-0.21045896409952533,1.4217892665910363,-0.39947604147195587,0.06921834045818137,-0.7058710469144602,-0.6185350798433724,-2.005568241032872,-0.2893704274233073,15.961429585375987
test,E0099,1.4203095430096873,-17.5909993079471,0.39378648456439996,-1.0452786778927332,-0.8871856648152823,-0.8849785277423494,2.67708914179688,-0.5905041173459843,-1.3211863499476988,-0.44821137979126235,1.239710654687041,1.2598614128809809,-0.5572331637908939,0.961609532853642,-2.1286730468632857,-0.8343411130515971,1.0210939292887307,-0.4516328761240749,-0.9118446039280693,-0.08243752094251962,4.365241694870768
test,E0100,2.9036774902900975,-3.7703690812955193,0.33179450844817215,-1.4570240746785754,-1.0333775365600992,0.6386479490952235,0.5966881121881457,0.19858991874349588,1.2068019024249934,1.4745396069548957,0.5853884184678949,0.21517776056880836,1.1262249931031638,0.8263934149364606,-1.9430365241517016,1.4114974012210832,0.7818452540249725,-1.4042874106763403,1.0231875822672627,0.8122007460943017,8.517161958446561
test,E0101,5.4827680972310695,27.540871992160913,0.286878451613639,-2.384788474009401,-0.13811626259593732,-0.24591680470422528,-0.03504529943314132,-0.02641887860035536,0.18416582111162436,-1.371629135284766,-0.609405508480706,0.06324795068455852,-1.8385423223103485,0.40540751737965414,1.7499486352158604,-0.3581789483325997,-0.6631010708259036,-0.8913181269694134,-1.0813458995196166,0.889539751689744,12.464304155121011
test,E0102,3.400678257448537,0.12709083531093235,0.51385438698639,-0.5336953056546198,-0.5361604908774407,-0.9855185544407427,0.2429853188593168,0.8869421953099305,-0.36868515791836337,0.6468985032432489,-0.03012503758632458,-0.7619017461493569,0.15425588751592745,-0.36890560279276224,-0.7250235207276954,-0.7750568256855812,-0.2098530505900375,0.5613699006928229,-2.8451233251412806,-0.21037151197334436,9.171308825156087
test,E0103,1.8953251259476962,-15.33155825850249,0.6369687153538097,1.8938353091637503,0.002251878218075671,-0.18316410189366072,0.23403749526295514,-1.2392112400044133,1.7824699180051342,-0.3823209507362851,-0.7662928516765087,0.44729757211783977,1.4914020967036516,-1.4098267911360678,0.4182662136499031,0.07421127954882123,-1.5997782840020431,-0.15049724818047916,0.4116512702714292,2.338127262624643,8.673704737177136
test,E0104,3.9965720228204145,2.2574854781167213,0.500647149523813,-0.254620230518175,0.5947468548115595,0.8761935868018638,2.3686700182514677,0.2623182327527996,-1.6425091635931788,0.69974756619456,0.38209344206138235,0.918201513311438,0.7992158466549636,0.4124920210478998,0.413070722273825,0.37831889818838416,-1.2740986080332104,-1.1037013094183992,1.308867126670558,0.23744667310591752,10.904974806996854
test,E0105,4.895286930593011,16.269928461274986,0.44197376375124026,-0.7441315851427773,1.1843930483246083,-2.0569634174762013,-0.07454908154642517,0.9965903954574619,-0.5466651974266533,0.28347584096285805,1.0721172328945585,0.8623339164537401,0.25384012410082646,0.6727650427028374,-1.639366379297139,-1.3401091776573935,-0.04505365161550999,-0.8654080888307393,-0.6649330987660244,0.21361233088592133,13.006312008244489
test,E0106,5.037967376270808,17.2624874565469,0.5783287163817021,0.45378247980140013,0.1637280101078461,0.36562770076942713,0.35901321979371736,0.4862784934061034,-0.1146921852745254,-2.0407817784378173,-1.4605324913559676,-1.2739877717131738,-0.0793963894411166,1.3501068145951072,-0.28954019242276224,0.4646709418683802,-0.9065561443815391,0.17204568287287156,-0.3518798287407627,1.1859392949670395,12.602613900497008
test,E0107,2.178808031464044,-14.728471458382483,0.38394566808878106,-0.1282497019370542,0.3600170934007768,-0.28584285489341005,0.3135495470544476,-0.3882966900641339,0.7587834311789412,-0.07629989019790062,0.7269771420283696,-0.35607191889489187,0.15133801086756293,1.2339084438401469,0.33489420008353155,-0.6580488897578215,1.4991778918653227,0.5091416710297648,-0.5283205253408271,-0.4684999041496774,9.087590558803365
test,E0108,4.584448714919508,11.092431624787894,0.5676865366510764,0.9729476700715469,-1.3510192246146775,1.0782642104305746,0.3006926209020067,-1.283567975759345,0.22889280668024387,-0.6104351923667468,-1.3948974961126932,0.3143303915931158,-0.258822467313051,-0.1029540390462291,0.3661696453851429,1.196154884442978,-0.7360015366938732,1.270302971022348,-1.2144679126679327,1.282937181199623,13.911037270927093
test,E0109,2.916444295202456,-5.675268866485506,0.5976748938636444,1.166227346256043,0.07320737682656481,0.6647701846184246,2.211696903121831,-0.2574444844881006,-0.13960768276652247,-1.315165198881595,0.9268983582891314,1.4586653848564775,0.2211278958329172,-1.3932788939637777,-0.4516898101457863,0.35962630500379666,-0.5005922672942728,2.061006609934593,-2.0754603708443375,0.9197299905012436,10.535018893542908
test,E0110,3.9517711619749107,5.100498897712615,0.33701982178861667,-1.649185713690412,2.810579598829448,-0.2170203448517173,-1.0494764520972015,1.1000692829100926,-1.5829409311395524,0.13428276259756738,0.4868449276071826,-1.2049319380984256,1.5119059619343092,-0.27686261587999506,1.3897878058773625,0.30521697053649566,1.5075368663855746,-0.11456674360419467,-0.07811263397998797,-0.18911883928778583,14.894346434612734
test,E0111,1.408679309678065,-16.37817019852251,0.4731604934026045,-0.23234196843456173,-0.4410818636861735,-0.6079112592027728,-0.2870247411506084,-0.6131544048194796,0.4552829759076725,-1.3684403755193193,0.42296461979981476,0.01958031069394757,1.593647154112257,1.0590534338774993,-0.4893474385636067,1.0615500179604422,1.0851660306657946,-0.5640492665021954,-1.9032802075953463,1.15935605809958,6.027276114530738
test,E0112,4.439605066734136,5.539424635237101,0.4696388652165381,-0.4642380092562325,1.3136128246859713,-0.4815181681080305,1.6373111072064155,0.9860222211120252,0.7671731353613233,0.10123009612399397,-0.02610653354249156,1.2392362983354983,-0.06839702075660675,1.0301577877442574,0.25022542819057836,2.1647633390647023,-1.3010185364969393,-2.0942625105903616,-1.0292264752693465,1.7548719199154748,12.76983860149713
test,E0113,4.296151480678879,3.8558101874624144,0.24788442415239637,-2.472299143645283,1.8004288431937716,-1.445669133334447,-0.7102555930254791,-0.46114309506604056,-0.9587531223564901,0.9135585899751603,0.5175858398821025,-0.8351239189129173,0.8709866873750147,-1.238365563265126,-0.6848216027003475,1.1335908604896903,-0.15957492394146333,0.17057358092367964,0.024735532242485783,-0.5243905220151095,14.490387710246754
test,E0114,3.7087320840087266,3.6044437143899346,0.6281749771398342,1.4204334677590462,-0.3012117856115626,0.5305205115895982,0.7743756621836227,-1.0126052333538438,-1.5165762783737007,-1.127206221373381,-0.3195373070491006,0.7188469313156466,1.8777875040513248,-1.2233559503335483,-0.6371628824381863,-1.120423714003074,1.2917163497791866,0.6042188477338669,0.9097419275688123,-0.10611123208782826,11.269185448939783
test,E0115,3.7590564556504584,3.0906435895240723,0.5447699287753264,0.29725964931582827,0.08106301500307232,-0.8218226205672522,0.7197804316127947,-0.08675361203799149,-0.5881257487725279,-0.673543698576903,0.5765341251953642,1.3997501445361826,0.313714581201608,-0.6218793434375124,-0.08708310250985206,0.5437438842707282,0.3847960171232651,2.8289783022187676,0.2202345060664415,1.1537203778305631,10.486032713211497
test,E0116,3.270915891530903,1.6024592534542155,0.3031487307605836,-1.4304715284250655,-1.0357635844100976,-0.6808064456366839,-2.423216693635935,0.6893925543899719,0.48033290512907767,0.5603804618090028,1.5876796395711066,-0.6531956479395082,1.4958284964391795,0.34965743138936145,-0.7870796987576705,-0.9713762967057828,-0.6510892912796195,-0.09756456392297985,0.23179651699973355,-1.5585653423542818,8.35381880538917
test,E0117,4.656615409859094,10.407846917030007,0.43068811774638804,-0.8466930784336786,0.10060671991517381,-0.6656143564416304,1.3403058988635517,1.6801130394391142,-0.7417277292273616,0.7407305460641809,0.680075415058939,-1.24926179321152,0.11833336852467292,0.3744196878017672,-1.0564284733550457,-0.07432280171859243,-1.0051098586789387,0.547756466468312,0.19469593578482283,-1.0167132451174625,12.874743848288928
test,E0118,3.760974688084174,0.7131059404607276,0.5025309954310991,-0.12551013389424642,0.7163727253158868,-1.1574372174966687,0.7397369116451633,0.27905023416407,-0.28673442079681977,2.1108927353136067,0.2667771670258794,0.18940955980345983,-0.3006942033616032,1.4273554002385211,-0.23687137034025296,0.011896966136552509,2.5082750827171476,-0.8440497055283104,0.0641382363378832,1.434081274058694,13.4153010015563
test,E0119,2.086985576566504,-12.949728944314652,0.6166984725395201,0.7443784983153734,0.6447312282052049,0.2468974756310974,-0.2200974836193056,0.08809149616414258,1.7299585926459813,1.6279809008030723,1.4883321043850555,-0.00579931914156213,-0.7747698852906167,0.2705244277509071,0.4881117072644293,1.2902743589299386,-0.008478539790988723,0.36548304309752316,0.4599324907991425,-0.4570456553797878,11.054941406449538
test,E0120,3.6224685145990843,4.914490863332983,0.41007448997732543,-0.6264249803032835,0.38621020970028497,0.6963016606928212,-0.9455087578564262,1.2360713261681626,-1.4652424535248825,1.4407728727653553,0.434745523481189,-0.334449795731758,-0.4708957920149244,-1.211785375230708,-0.6946766447495483,1.8885015538320442,-0.9839758715833051,0.9918452069505458,1.3171503024663247,-1.477137572456755,9.86402304055932
test,E0121,2.992747141377555,-4.913253651207832,0.38038979384918137,-0.7272502809045653,-0.7165734218887416,0.3332150207077815,-0.5650873374531542,0.8258009793028075,0.32098449701240417,-0.5176597839082286,0.48884455241238933,1.0106006044816092,0.9323041988807322,2.06243588939633,-0.6806258053352614,0.5610354717284196,-0.8818305766353549,1.3701283777090458,-0.7346803237593573,-0.08995544723622505,7.313228022149155
test,E0122,3.2203253851377998,-1.9907899614524016,0.45410546842432786,-0.8438758588990107,0.7064108732645725,-1.0180862283444665,-0.6403227543802743,-0.10008434316447909,-0.8382536946662857,-0.2293719202909728,0.5856642100172677,-0.6669892537545302,-0.19380398245940114,1.8113111481845374,-0.6159165328365,0.44110005564831806,1.0252581174710025,-0.6096024056688459,-0.2857341079670753,0.6061038861117274,11.366625985251634
test,E0123,2.574047118849206,-7.210523206736191,0.3929641739996298,-1.3201087691685298,0.08657166098573242,-1.1436000518510485,0.9507075704570381,0.2538978762455357,0.6304240318457337,0.06828682205084066,-1.642089129328039,0.009402366819788493,0.0005261571789708448,1.9046763816586225,1.2135021189021464,0.6276376830338338,0.7992026932959355,-1.2283847111439277,0.2487999616908664,-0.6171910096912621,9.672224137916189
test,E0124,3.195611610952266,-1.818716745388961,0.5231668226174805,0.17426236385828497,1.3027289935832882,0.16934370177080732,-0.5057584097831794,-1.2519534916023924,0.7717027690597293,-0.020195344979640862,-1.048999486362347,-0.6210133549808077,-1.8766911542037719,-0.3623061008585767,1.277072680677699,1.2058349593081115,-1.2426486780714954,0.984926201286046,1.062020328100417,-0.039463757414666116,12.00198807325878
test,E0125,3.3018223521061385,1.2036986857705783,0.5444044308997289,0.6063668301273265,-0.33168899909227506,1.018429498011873,1.0747719682905679,0.01781451936928621,0.34846481267053936,-0.5317424311265343,0.8969151329942668,-1.1624088188974915,-1.3048936175735883,-0.26259962357271366,1.56189021091911,0.5613113540102268,-0.5830243201790308,1.1980446281401544,-1.713891586445834,-0.46513801203551436,10.640632261973995
test,E0126,1.712701971484104,-18.216558859559136,0.5291709309532944,-0.07558065606459247,-0.890527889772749,-0.5203400664129731,-1.131291690319257,-0.2854259193347668,0.15929958285856308,0.973424578116143,-1.102549698916503,0.513223502922575,-1.5872495864457712,-0.9441390331352556,0.1429253112320967,0.5084723222102041,1.229441221576421,0.5033923474126103,1.443619355371484,2.1483813912004415,7.792705777402429
test,E0127,4.350994846962078,6.289716179436388,0.43810025332691543,-0.22642236428660223,1.5556762146965528,0.7883555298213468,1.4749739132800253,-0.6957095720962476,0.5667467474281396,0.9716598639739092,-2.7519164271962255,1.0000794171583929,1.6039905776404377,0.19532691499296842,-0.4565351342479293,-0.38037682944646445,0.3244593348338775,-1.8618943225122717,1.4336595669082695,-0.03262787319634859,12.320997267027625
test,E0128,3.260348788942613,1.5763996626425447,0.5835284520819624,0.6999934745188329,-0.4779154102524719,-0.356194837817561,-0.5806632941118333,0.4295490351610635,0.32913455370411887,1.0373999801199167,-0.42928193279815674,-0.8187042472119166,0.5164097862924762,-1.689040335620839,0.9633787820167772,-1.0200650889126885,0.6893342929781718,1.1728954144498147,1.0875215801494114,-0.09216393273960698,10.359327545451412
test,E0129,3.4489896271798846,-0.454852850782959,0.42520057543993717,-0.9807301630927152,-1.609952125033469,0.14810128663460528,0.3782516720724594,1.1012516486770436,0.9014919577464592,-0.9861887778714459,0.7311569685026444,-1.4377288438606297,1.4878394296658355,0.596645292722776,-1.2177144144030414,0.519588404456046,-0.5955512115819366,1.060781502324502,-0.6773683564830837,-0.6647437287313087,7.389866647729455
test,E0130,2.1022259721881804,-9.04050742456596,0.4783535468715927,-0.04127028253108819,-0.03672517441583873,-1.2619975195815605,0.4200894063288906,0.4678927105791619,-0.07391685388472782,-1.0089907850489883,1.1142399207916058,0.7672306692354862,0.16619025370025667,-0.8158091975089667,-0.6850814886062935,1.4231861544648983,0.4129111415503135,1.2741520500430685,-0.25250174370711037,1.1881457648003504,8.526904594943689
test,E0131,2.0787965848625083,-11.97511079930377,0.44740367458988545,-0.43825731269298784,0.5383662103134872,0.9577849419526898,-0.4026574594872672,-0.6381496185420076,-0.01949837366387497,-0.95935735710069,0.5867845781548434,1.2400981259570691,0.4183222511914124,0.3917531154475054,-1.9672562460015393,0.399923748974034,-0.7404252978109067,-2.0078663156376537,1.5171188757926857,1.1030853069001445,9.39594162465189
test,E0132,1.821152096193045,-14.111587983702062,0.4167053696644723,-1.204663576020319,-0.24454923166117298,0.7398674914164488,-0.9987892735499764,1.1524417407058076,-0.37436187378856617,0.19850061631133972,-0.6907665780744966,-0.5113265271386987,0.9099622453935421,0.9690004642825305,0.46402612549622907,-0.8465538372798063,-1.7002671404433987,-1.9560832581867498,0.2228832060411907,0.6750946865404853,7.5089373027320985
test,E0133,2.9254599710627662,-0.9077638915576003,0.46418058545854246,-0.15020086803849125,-0.833201246298756,-0.650308231300156,-0.8852049506683447,-3.1764133471013687,0.4235683458521929,-0.8833954651533138,0.8485752541783964,0.21263642673999814,-0.11558135482200953,0.03695103590205847,1.2119022733092024,-1.1600654371245678,1.0699800310367806,0.12771145084541924,1.0668802266906912,-1.5056785169762261,7.19648605192652
test,E0134,4.948553294285688,13.480352069623851,0.386981737308971,-1.0065470533459397,-0.162366882861975,-1.918570312521695,-0.7330670151514791,-0.10337725648483156,-0.41936476764931174,-0.6306207179564157,-1.0560211602387517,-1.1569865192455635,1.0501653932345676,0.19467963681638464,0.0970628753185217,-0.5209089770866152,-0.71291654535567,0.8550055596401425,0.06444522988275553,1.2205819730720489,11.147817753365034
test,E0135,3.8709061667626035,-3.151234320575127,0.6397719996455757,1.4199175166116955,0.93629243603708,-0.5979895567232201,4.010776282159025,1.3187960411917519,-0.5230206463727031,-0.5784932615185558,-1.350472912023478,1.2181508477439407,-0.3133851566407039,0.5535918919653208,-0.666376870355879,-1.4949199084189446,-0.23437889164660927,0.4591356821235748,1.3296624138754243,0.5361578145153342,15.231755578585657
test,E0136,2.6626830657215774,-9.658146254851907,0.523575989877528,0.8455172371554263,-0.892996656722102,0.38905522083809446,-0.14176408408229738,-0.06901274818696108,-1.9764058592450833,-0.6073996948084164,0.4257949375697062,-1.737842112666032,-0.5155125397123407,1.774210993356191,-0.9470374427673084,-0.6234952740500245,-0.02799751509521051,0.2139767399555231,0.32492703806556905,-0.2131429493782335,8.738666788791159
test,E0137,2.1000239546160095,-11.372611921154787,0.4524749803147956,-0.434871674648328,1.309231154111899,0.6619907568360516,-0.6274226610698364,-0.7519043780546358,-0.624421228236617,0.519614822057277,0.5194707392263298,-0.6752731126465067,-0.7598382642618903,0.06871228619247229,1.0776509298402717,1.837582033762884,0.3735256549083429,0.48790817259900865,-0.3353932564257784,-1.0446210248727519,11.106692007482973
test,E0138,2.7957785111111844,-8.255025133682835,0.4695516730675604,-0.06643189435482538,-0.30679539316394916,-1.290947344335362,0.0711410438305453,-0.019959817990728858,-0.9652226292733923,0.5173674258042701,-0.3731810573217986,-0.6707543468359114,-0.6578371219853646,1.640983547603184,0.3987384303045457,-0.19240417169987292,0.4454293879375776,-1.2772143967428053,1.2684481674845058,-0.173366855510254,10.332732423528787
test,E0139,2.854768420404497,-1.9882712293386273,0.4970648319111375,-0.7873796272647735,0.848462127738438,-0.7739559602357345,-1.3559140526629332,-0.7181634412552135,-0.3601302139787426,-1.1405874906115383,-0.6527332312058722,0.6709787312687997,-0.23794939446427046,0.050452036926332565,0.348562595779985,-1.851568880869545,-0.49109285086677656,2.230282564082007,1.3139506818618432,0.6892593384131446,10.692376669265919
test,E0140,3.24418282950268,-5.8756945341503295,0.4654907414528269,-0.340803188608864,-0.36066195798436856,0.5140806971603693,-0.01323966534600129,-0.6301296814408727,-0.05284733359967515,0.7038467899710803,1.2148678954742433,-0.18010758086849077,-0.4876337520452246,-1.0980504913061881,-0.09016276574870151,2.8554778166410406,-0.13520486824241618,-0.4170644746305051,0.6743075950601624,-1.3127100499656639,9.967421799116314
test,E0141,4.791195638820805,7.967536803011303,0.5593466347303133,0.91564173685702,2.1621223122549433,-1.1199999743127214,-1.549073769683892,-0.015943511051643603,2.6445402686302493,-1.7084486410835291,1.0173692764025142,1.4592692155983213,-0.5043295821378488,-0.5484693674275283,0.19102562050749072,0.2010223720224467,-0.1289372294345778,-0.7645877088185703,0.9040697107599497,-1.5953685203506438,14.789480336251156
test,E0142,2.571940801552753,-3.58023377063335,0.6866490373175961,1.6246044227881289,-1.149295388967553,-0.8021748333792469,-1.1014990708549692,0.3443703121445679,0.7077898996800899,-0.7584022291521705,0.47464838489719346,0.7649319141625364,-1.1040188322704476,0.08864013928987899,-1.89189525511568,-0.3885327338103207,0.31977974592173164,1.5786727642056106,-0.11668401927201733,1.3621633863928588,9.270079689019393
test,E0143,2.1170732296099755,-8.529607113559006,0.4493645752454254,-0.24039148161313598,-0.2654448133639835,-0.8367200211135275,-2.417296775084757,-1.378234343211479,0.3949321497666522,1.4797867604328052,0.8146356789850814,1.2485897657300946,0.7370997296534623,0.2682381301210647,-2.082693421257693,-1.1155088014379209,-1.0843936573141473,-0.28510297539277923,0.6041749639562685,1.026985639813986,8.664673885351778
test,E0144,3.726113976687218,3.4245229058412123,0.5361476929295831,0.94005181049189,-0.14722098365665412,0.17647007125296657,-0.3112918438634688,0.4868921105821141,0.5162846333072475,1.074758329918334,2.1990456523070936,1.6767466640290436,0.5714902120323648,-0.43707646062507544,-1.1300763646643772,-1.76712874091726,-0.32513989172635427,-0.2895097187869859,1.0056200961644983,-0.2798536488352122,10.20188518706874
test,E0145,2.8400912739640853,-9.871932529290486,0.590428709509177,0.9613775176424728,-0.9591410815715117,1.098555025542677,1.411169344760369,0.34392683695102794,1.1991717830658184,-1.0026854301752328,0.5943430048945665,0.9533276799726081,-0.01779554726702349,-0.5049714594512108,-1.5636885582690445,-0.403547843243082,0.4184474181484806,0.15249393367347483,-0.8000794584094901,-0.8460259240552422,7.510191269928159
test,E0146,1.9989954187965324,-11.861558102467477,0.4445200032157137,-0.8490830075134874,-1.0763297500752673,0.027399333766304792,-1.2611760334340456,1.1632172082293952,0.5582847356359176,0.5091069271853887,-1.0084905030320868,0.18915461543951853,0.5424418269211438,-0.651857561280345,-0.3356911116921032,0.5514625980758436,-0.21357769949105154,0.05788046264973722,-0.1212191410929864,0.912281612303646,10.485944891014622
test,E0147,3.161164131154486,-1.3955331928628656,0.5235360670458921,0.4997627086389983,1.422791861519852,-0.4466246448745795,-0.13724068115463944,-1.01102855317471,-1.0534136866738253,-1.4316024928569917,-1.0742374279181148,-0.09771595831200067,0.31510189308640907,0.020611609709215557,0.7881850117319286,-0.16584743074145022,-0.7724266985166366,0.7176661435280105,-1.308672186980745,-1.4407866548621626,11.179977717243634
test,E0148,2.2965609869917007,-7.065912019945478,0.3115856365337555,-1.6707650679385762,-0.608329700301795,0.6222437053035994,2.4175369076829583,-1.341608174364683,-1.0016170217758487,-1.3254148862540005,0.7222183763394624,-0.8026268144677376,1.1298952910893758,0.9932517358866589,0.2688766939512242,0.5098617130380619,-0.7033538814869257,-1.5190870179066585,-1.2809582843325995,-0.8985862563932655,6.311644773314818
test,E0149,4.103659465140914,4.553810742909105,0.41090561370025175,-1.0530640756263843,-1.6719884013857893,2.2428056052671135,-0.3400871824448358,0.5258774189295745,0.09941318311393355,-1.4501426417548504,2.1406244284037466,1.1430966198189578,1.5172404485181827,1.4130129840271703,0.5221521903275165,-1.5124895465562351,-0.8016565199324558,2.0413578821516145,-0.2684440737458392,3.17660141979449,9.694007284522293
test,E0150,2.6748442463926185,1.9242218449706474,0.554573596253962,0.5557238335106599,-0.19115857879936282,-0.07767283489552143,1.825784469284587,-0.034115890224644,-1.8180419651001394,-0.092787517539353,0.891858931352576,-0.4001558509678344,-1.015612881407862,2.1264661393867903,0.3271216252558023,-0.6919676566213354,-0.9748231278251899,-2.1233856823222412,0.8960678191878766,0.00902170797962547,8.93378283888278
test,E0151,3.1349501230635286,0.2803090424732968,0.5391922875528514,0.11884528007937928,-1.3970565009757494,-1.1612584659266547,-1.5702092000984846,0.36121960349227517,1.4107337018687511,-0.5288237000685995,-1.885382874334253,-1.0528793749077952,-0.08507806007127469,0.2980094720568445,-1.9046367340590982,1.6455571385405234,0.9542980859034754,-0.2885018716697365,-1.2769233158053241,-2.202703447387547,8.533728354330085
test,E0152,2.5968622997774364,-7.569199381177031,0.45539391497777104,-0.605608951107901,-2.318884219417457,-1.062152080128396,1.5327014390889624,-0.3948992880634748,-0.3236710425579946,2.428787756164239,-0.4579863595848053,0.4261203274512606,-0.28026654229571046,1.2784306898452247,-1.3133614840143457,1.5365791884511013,-0.24147357523931356,-0.06315719512242254,-0.4513446318183268,0.02525198230027197,7.031235543234557
test,E0153,4.791208841478145,7.8868637745088375,0.36289752019292415,-1.5951450075521234,0.3596630143714982,-0.22410405594751975,1.229853026466432,-0.19529045447000642,-1.5783498506907394,1.241679973598201,-0.4408356349024465,-0.6916281359346664,1.8708216180103592,-0.07015459837976518,1.24878759079537,-1.4483557447263355,-1.5376334053394567,-0.770715087667901,-1.1268950822301498,-0.679002137547963,11.526827461201274
test,E0154,2.7876934027050355,-10.242736634877135,0.3920550206532204,-0.716601972897636,-0.30244048998177475,0.9129758910130444,0.4665272190974638,-0.8957640936161739,0.22239681145034276,-0.5162353697692902,-0.5711867350055174,0.6137403599086879,-1.2801248442007043,0.9018427981083553,0.42605013456808705,-0.4978358827844875,0.1894634425565913,0.0834142049188934,0.6599050260208782,-0.37653945631248537,9.861651800291323
test,E0155,0.8314624795594292,-21.55010646884379,0.4820124262252489,-0.6613531825205174,0.11453239862128549,-0.23350846138735698,0.48440635294730344,0.13712487558003766,-1.2030000282009745,0.20531803984238048,0.4803168262223677,-1.1774557282152784,-2.000997507681588,-0.0897643449747859,0.03859359956736819,0.42306145110654303,0.633701318395137,-0.29746898226832197,-0.04074900492511497,0.3799184727329905,7.2968482645512065
test,E0156,2.740664253418665,-4.414179776210291,0.5415103349880022,0.5151276060491375,-0.010100657537356257,0.18493874587821602,-0.7440497593038645,0.5114641393913222,0.8009256761059339,0.011329739096939094,1.0563818361234165,1.942791138313532,-1.5723652261700234,1.3623303317283257,0.15881190868464826,0.2813910382542792,-0.7260080336557239,0.40734172100612526,-2.0080487765702273,1.7909475499765366,10.292884013498298
test,E0157,1.134510972087268,-25.87153561422919,0.4648263394603124,0.037372342985903806,0.785827797723732,0.6542676098308737,-0.6951512778711183,0.7660215964157202,-0.1989388118637349,-0.36731804700455384,-0.16614550277769258,0.4115647427559198,0.978210443790621,0.47427679682457347,0.21992391866704517,-0.9677012257659822,-1.2012474686290864,0.7305082628872852,-0.6930380662954979,-0.5936224092351267,9.36002334618687
test,E0158,4.1954895351986465,7.5340204822827825,0.7280199646218823,1.3281856192372468,-0.1550096364515235,-0.9247778808808825,0.12477573509976404,-0.8563952711092859,-1.3621209395477327,-0.7218333318804179,-0.03244305875869094,-0.062226243151381345,-1.2671059219023217,0.3611402485066916,0.2338986922623952,-0.3850948367177392,0.09703240971853172,-1.8966819098568828,-0.4365628873018868,0.16596489415248053,11.429350318794018
test,E0159,3.162444714194864,0.2526277994903463,0.44669642105150925,-0.3197096666909132,-1.6435907426653837,0.3039538522715788,0.09293310632412843,-1.1411441591706994,-0.12676491867873405,-0.732180834746937,-0.9598457697427989,-0.7262956317949516,-0.10224755494897984,0.34042176730330054,0.9986253448901221,0.4004329924884946,0.7925954395937136,0.13797917690445946,3.2953541735106184,0.806586094389852,7.4024665983000935
test,E0160,3.6294402951991716,5.195240054047904,0.458157826474958,-0.5264754022013527,-0.5139215470827402,-1.1640114305685987,-1.1424992186264302,0.6142545420640777,0.46290416846691546,-0.4710852555656487,-0.6195989003799015,1.0188441408438627,0.02016018517598176,2.287236491051844,0.17286290223492115,1.263816403293842,0.7224040835206873,-0.5719903638475121,-0.5259213509886662,0.3123045350266597,9.483826754691528
test,E0161,1.5999278307975144,-17.27400710104367,0.3517129616972072,-0.8306935662673889,0.04767911948690895,-2.26708442731121,0.36699773048329687,-0.2331788396041499,-1.4513922810986046,0.8820044708781298,-2.1062544550263653,-0.2201764608649976,-0.6083249677607834,-1.1269773029356787,1.0736766579038342,1.1306544709925732,0.49495783383715236,0.10464722700463275,0.2866948610788828,-0.867199628927617,9.190729110527984
test,E0162,4.174891438067452,11.068788130576113,0.6242247479729737,1.3581578941685872,-0.2607917671061685,-1.0493257034363326,-1.33404038901969,-0.687710342406005,0.6979981975866562,-0.4017365578976498,-0.44443673740325235,1.0969811243685372,-1.0022111974102546,0.24617509105566265,-0.42163471710408196,-0.677623146662088,0.4712581242038753,0.0637250824881686,-1.1402176247270615,0.5560556856568912,11.442693217465882
test,E0163,4.463797245388963,12.7121033074902,0.4463852923329511,-0.573994769009285,-0.4154924813639705,0.9004913063479335,-0.7724787220534057,-0.8383441190716504,-1.1328144105874558,0.7389238533144249,-0.19120063308037977,-0.7051767587879251,-1.4375953020792829,1.0601223269413649,-0.6535813767992372,0.9154294275677418,0.7051233355340172,-0.49022390586601655,-0.3590153507107688,0.6831325116430653,11.156880521147741
test,E0164,2.206477864676138,-13.037991280696925,0.31232370575280166,-1.8242759667796358,-0.7943613123217013,1.1163670564163424,-0.9725386143206327,0.5047058469902314,0.42931755874050165,-0.38808311096589254,-0.07593742771858808,1.1637223485825385,1.9991631733915733,-0.2818739508918306,0.6184145654388624,-1.0346489787785698,-1.4294080225401278,-0.34285668556428484,-0.47118671998967543,-1.4498318505969827,8.572549068945316
test,E0165,2.491520070299064,-2.3487741949843035,0.6572741459991228,1.564803230936137,-0.7776043949357828,-1.8608132340273735,0.6836350663826459,-0.046640903816358256,-0.15213243839649424,-2.061242596913173,0.1691322512175585,-2.431531310254594,-2.3662574986983285,-0.89673292726247,-0.043533161327112616,1.075645287769226,-0.15803535662023518,-0.1009600594059929,2.0022348432309425,-0.5908076513507796,9.368862881496115
test,E0166,1.4400172186069817,-21.810657262232702,0.5100949673049251,0.09116852266083032,-1.2898164109983004,-0.7781469361005717,-1.0207658135786775,-2.1346673366112805,-1.6397100324456793,1.488922032949563,-0.7794803902323219,0.34987442189771767,-1.2011673423583171,0.6284975754544205,-0.568502215854009,-0.2650352372404726,0.5614486444659987,-0.5265254025809506,1.153332378744712,-0.12001782240107897,5.44109137254881
test,E0167,1.102108812889038,-19.993498543178656,0.3655483797497,-1.1436938948160897,0.47803529818713864,0.3663431627995941,1.4162775032112689,0.4747821596008771,-0.09508951748520846,1.6498527417100242,1.1701684912647894,-0.2680783002852691,-0.32737391448337355,-0.1149395815423802,1.3014917574029254,0.28844940073240055,-0.7859292466835843,-3.5623356745773673,1.16689792306622,0.9518819996532263,8.12615877961065
test,E0168,4.865845270177454,15.270015387157976,0.47908806541343174,0.19911818735386677,-0.5012795977189706,-1.949702620261561,2.1287441594575314,0.3742548696412698,0.6989103942809589,0.45720958080096313,0.8179424652317379,-0.6266459615927686,-0.42776709338330804,-1.325601631886497,-0.6840241037418792,-0.9566877431080166,-1.1191123102382647,0.753735154403417,-0.8696796647483533,0.11775205888540269,11.872419964016167
test,E0169,2.2554828067910777,-18.62783078611977,0.43653934247298304,-0.8469041874286928,-2.3038892074914212,2.4613721838207057,-0.51039436618855,-1.55904697470567,0.3362299015969498,-2.054185917432266,0.26151451361351413,1.1625370560335362,0.021786423206676706,-0.7820469470311139,-1.097743165141013,-0.41896531341750776,-1.3885524472282782,0.2963863019966605,-1.0313134492975629,1.59554802153155,6.585471850837303
test,E0170,2.620480426032482,-5.301804818411356,0.31497647046427796,-1.9527346478775494,-1.591435529991278,0.02863878279670026,0.346829063369488,0.11204294428236207,-0.03509787046621486,0.5015929306603648,0.09868891281135937,-0.1520142483271014,-1.3802922230334866,-0.22309402963182234,-0.3605157098556638,-0.8099426068713073,-1.0434922950271448,-0.7811477565409058,-0.585975456836824,1.843729350141011,7.035163030649278
test,E0171,1.4287570313189417,-25.72244519566823,0.3669290276211513,-1.2556980880791726,-0.8936073106453849,-0.42028477716480017,0.7367190378395283,-1.1350615196680012,0.4108906962944982,-0.3466681050577971,0.45755533300047896,-0.8552424593260523,-1.9546269664456697,0.8772959291020964,-0.8462893411377661,-1.0044389036397714,-1.5473447333604915,0.8386114904684785,-0.14399892976303455,0.5515016939619239,6.608807367852599
test,E0172,3.021954519173613,-0.9505149779429742,0.6576050427658091,0.9595873213287022,1.5190593546525404,0.7976348177700384,2.268010478597062,-0.8506822911866593,-0.15528823032400213,0.11108567334925402,0.5804279026867093,-0.8372533286787103,0.2973801679768066,1.4708597620433606,0.6070047061740245,0.7926128474450174,0.392959299195254,-1.5665769089052906,0.8501480975704154,0.4374985025660615,13.282883082465588
test,E0173,3.310753176844495,-7.787632105015771,0.5505962331657461,0.556256021392716,2.4211315690311848,0.7044564936886597,-0.7714540854993739,1.8811040373878538,0.28782708378442884,1.8760301795162824,-0.19689815116917184,1.6473343306512964,0.8981067048280977,0.8148783620715815,-0.6540643665655486,0.3868961771211798,-1.7194237594232347,-1.90975688021736,-0.5764339920017251,0.29405872325299354,15.483416876717728
test,E0174,5.056693214843772,15.747784453280197,0.41807502282651327,-0.389815436355082,-1.336801990107031,1.0856731405614262,-0.47150178451523483,0.929449060945059,-0.2533726056577853,0.9294265243073528,-0.2181356476375176,-1.1060608373693173,0.24337959024762576,-0.8572909105784691,-1.0108604937737544,0.8790202114534337,0.25634186885226273,0.5907000729862412,0.2835549497947607,1.1641204848884263,9.177840596452008
test,E0175,3.060081967465408,1.2359466346690642,0.6351461700130778,1.1148786319702586,-0.7983943919491617,-0.4565786929911372,2.122135311288898,-0.7512240828191367,0.219004318500005,0.06662884469435681,0.9468751224920444,-0.5806374730738383,-1.436264008220224,0.7537045858607224,0.017941924413169476,-0.8748005809886241,-0.6550947709552047,0.8292764943704809,-1.0576108724962043,-1.3111638641258867,9.88919058551118
test,E0176,4.607741425059038,6.7899372040086305,0.3584731612064447,-1.1498463067969238,-0.7363114284814752,0.8716143443248312,0.4476167955105063,-1.564007109617593,1.917124793570171,1.1506926923308975,1.0981379984165178,0.3193643639405506,-1.5598826684870464,0.09158126442651844,0.45083519238972986,-0.643572433935061,0.37162106665237526,0.8403407416387935,0.9219611372551894,-1.4082273380677979,12.013185690808374
test,E0177,3.245214255975733,-3.6886015610009375,0.4209050371640597,-0.644982871538983,0.33399988381293233,-0.20240961603655092,0.8620403118007274,0.8514707066151057,-0.26258289042151073,0.11527155062556532,-1.150737690290416,0.27966129403513507,-1.4424713346507032,-1.3274749751484956,0.9349810937760422,1.227072117251877,1.4177069183874718,1.3605690866278086,-0.14365641480157892,1.0741928565098622,9.91816250472094
test,E0178,3.44361460010913,-1.2787828466380389,0.6515996364097361,1.5861437024398022,0.9450463828896128,-0.3705419567147676,-0.03995890300424529,-0.42934098671099236,0.19468891841674502,0.11819481924431827,0.4190122549470643,1.0498647149000295,-0.2809702147644506,0.4763288983733408,-0.9613184311385615,0.2689377653585135,-0.4071322198060916,-0.26031676414253635,0.08235041797141632,1.4284416520627847,12.219135865911538
test,E0179,5.035511153767123,14.701806607687296,0.32560570186253796,-1.4229613938194003,-2.140002886949696,-0.960620613313142,0.29425470702868467,0.011505804983151149,-1.5955082140699697,1.1991378805154511,-0.2893930144892228,1.1228780540722978,0.8613573255792573,2.6222474189720084,1.0925084632759368,1.8675904111985964,0.12305681205980636,-0.4182944805570139,1.3184517564981906,1.624477257584637,7.614164305232683
test,E0180,3.945398472028884,6.4709271271939635,0.41320497925438193,-0.9474451085985527,-0.46835967971108877,0.882136483747812,1.2226761908757826,1.1937395320162791,1.267895900399614,-1.0641517427207203,-1.2279927080945428,-0.5542736142683033,-1.6163332327648376,0.2823239298083674,1.0102927939921296,-0.011335804984570128,1.2053879254579258,-1.4206096957563104,0.20955379600966811,-0.2901330813289756,9.287668184291615
test,E0181,5.099032271638283,15.345863205493028,0.5496799765470692,0.33693095265359274,0.41027139707584226,1.2744479070972567,-0.10645377561402378,0.7419914042230004,-0.880793236570876,0.42979939502548775,0.7827852356302878,-0.16000242354832697,0.04892904186599719,1.5922759643490652,0.5759724643594332,1.077830277514419,0.4841992328263136,0.27093617675270576,0.6266498732540703,-0.10505066091701304,14.455466494074876
test,E0182,3.756594292680248,4.228365732974316,0.5001715647261543,-0.5886710053780446,-0.23579146945707788,0.5546257236213602,-0.4526199217933627,-0.2677945005307746,0.14402986801494372,1.0611916303640079,0.6526491260282631,1.1173097089543074,1.042848879573356,0.6509712268518204,-0.05149524122217367,-2.018600567105238,-0.7807216511046426,-0.8448112653796144,-1.4164900555910263,-1.1125339681693251,10.853266019321964
test,E0183,5.915669722983278,23.523862979199198,0.44326967903417647,-0.23682173076724078,0.6246676699532735,1.1983335330008624,-1.610750691760594,0.10165513459578886,0.4585046965517173,0.4777087188063825,0.7802873346408405,-0.9316655626936394,1.1881936697598294,0.17393840491826326,0.7177844038972683,-1.0621106537837377,1.3023129552819008,-0.09657647318921622,0.41151819818347946,0.7224851919231144,13.438288377450728
test,E0184,4.351592020964508,5.657541347422907,0.4641447305105509,-0.89720398307864,0.9627361184908175,-0.6408098851096127,0.9269021000161892,0.4793207785115952,-1.000108202947862,-1.686757805052143,-1.3055529566903545,-0.16272890746949348,-0.2963489923949975,1.4620472445332613,1.650957826550645,-1.8438141187116694,0.016543612249714606,0.4702590485231117,-0.5757288891074401,0.1385613105519808,13.901878495300917
test,E0185,3.744625120612501,6.9320039649936405,0.39692405198237085,-1.0074308740917461,-1.0906835251413018,0.3490129021964693,1.3083770574256979,-0.8253078481999002,-0.5024773996185867,-0.17787360492410512,0.6082190559592721,-0.028456888029952866,1.6073365169286637,0.6938687928801861,-0.35670411464772034,-0.6547319690895741,-0.24903355607267905,-1.0738854262981317,1.2508933020363728,-0.5012122430433391,8.96865073695396
test,E0186,4.83448549958414,10.336120570676378,0.550009034109013,0.22974396281329865,-1.4519326094110605,2.1629598787405837,-0.22575743731902242,0.20004914846457786,1.082428918006777,0.3252940517349077,0.545290450486244,-1.5654339919114144,1.2071438513515362,0.5845675329320621,1.6527688634972955,0.7379213132654437,-0.006115084511814792,0.2531970593824516,-0.04095067799386016,-0.5509760784636202,11.901021082008775
test,E0187,2.2326911529051663,-13.926555658176458,0.46199927008574493,-0.7044973853560665,-0.09963312170733102,-1.6590253587437458,-1.8344764544817678,-0.6387562527403514,-0.28913820962220477,-0.1845637401963151,0.5363249987889707,-0.9321033163162078,-0.19907168323506685,0.3189543788872273,-0.4142859703745197,0.17691939287437386,-0.24691626136734848,-0.5342466343910081,0.7662966233492209,0.2043589975402799,8.167407520517195
test,E0188,1.3942383089366284,-21.722161692772204,0.5037840487756897,-0.43437185102875103,0.45453184358006193,1.4924567321405382,-0.2150437298568957,-1.762456256141792,-1.3422944905153054,-0.518369644263475,1.0354154427518896,0.19540515241657958,0.5050499090108028,-0.4849673770221762,0.2725954621809613,-0.16668536169457715,2.728956146549657,-0.17507481554306467,-0.010662713078045064,-1.0891076826341455,10.237427849961731
test,E0189,1.4047132823764308,-15.72760476651187,0.6197095175080537,0.6979741892699292,-1.0000026077869608,0.10520051355067882,0.4385449817399461,2.171874494984974,0.9709432975336515,-1.6258828224795652,-0.707042739545763,-1.68734453740204,-1.3941840976601898,2.1674427305129407,-0.5301236515083669,-0.5630546298605369,-0.33225647498515737,0.8393929681904417,0.6973413650310367,-0.24502185382890926,7.3711834055234275
test,E0190,0.8475846154949704,-22.541635609151804,0.6735029053763999,1.628422746589193,-0.08086823420304326,1.2974211226934207,-0.37914475969457256,-0.10457965262086037,1.0587714908876287,-2.46139885021039,-1.2471594839889426,0.12854876396231624,0.663178950815913,0.2800673062087229,0.3893393886650333,0.15033442261778612,-0.8475029316421506,-0.38007392348347885,0.6701043035783687,-0.13758248047400107,7.012345754571205
test,E0191,1.9807495176634426,-13.38271453320005,0.5554209254944545,0.8557567400143797,0.0676965497724722,1.4888884173013135,0.5875964441465356,-0.29910628720604343,0.07940404957803265,-0.9596689344883045,-0.2826723790962592,0.5316495034200474,0.06583751372968953,0.3126310360690316,-0.533174919159012,0.24771038405224982,1.2597998106353374,0.5815311576691781,-0.4949112398935489,-0.21491670428914322,9.54237074662143
test,E0192,5.496321439328334,20.97120850232512,0.5195062198766235,-0.23079181975893706,1.7368910274235756,1.0003250612027759,-1.0194830327211502,1.2111774823105943,-1.0646415477166258,-0.09342581537651908,0.5946849516631614,-1.3943052540713599,1.7814493197295915,-0.1271744453643742,-0.952819717031871,-0.8963630790319483,1.133238552703735,1.8472127073390283,-0.09805468474591299,-0.37129114117811857,13.81787575082513
test,E0193,2.9980674054557714,3.754514779127991,0.499129153854378,-0.006776240307119074,0.6873304201514043,1.1090194597073166,-0.13150936122668633,1.2406509032392026,-0.010381888330309747,0.027482636091179614,0.6846059117185267,-1.2499297960957787,-1.5681285351003853,0.7596423950135288,-1.1157283839348124,-1.3961773464075564,-2.603051620245802,-0.6872620928777002,0.6426732637111235,0.0977322253525824,11.660683403104905
test,E0194,3.346244038309091,1.8392387094305782,0.4866705164244152,-0.9282479894877709,-0.6690709423084904,-1.486846209551379,-0.6314763978776192,-0.1240590347525137,-0.8171638195068697,2.1488474005500837,2.054121467183939,0.011370830814551959,-0.2670291512575659,1.5306535194318218,-2.021924576155953,1.152262175148994,0.31059897984388984,-0.5036036291764137,-0.03771898544195262,-0.22907840293979934,9.952435088435765
test,E0195,3.0598499090983915,-3.073424221141874,0.44498501163273696,-0.6502619714263633,-1.4204874390982156,0.2835816536500181,-0.05307499040052747,-1.386672486147499,-0.9585876797183973,-0.3825337624301608,-0.19039580530711794,0.9462687033640723,-1.4138360018214802,-0.07426846758346266,-0.02073035096282106,-1.8090737547997635,-0.15780461665827367,-0.7921348897290806,0.5530491416200682,-1.0960358791707256,8.101970997992192
test,E0196,2.706139556308206,-6.0909315837103115,0.5573465851132162,1.0090870710600026,-0.5934149989711553,-0.3395393739745946,-1.0789240497160406,-0.23454424169324267,-0.7649547481406793,-0.5819284992813735,0.33157530245582556,-0.2784747653949376,0.7004098546660754,-1.3862321589398285,1.2573956585021515,-0.49374091357583655,-0.14708518650594998,-0.33146650015757917,-0.8334708253722941,-3.1205198917408525,8.96628712939592
test,E0197,2.7082191871825065,-6.593846543485325,0.5153556355804179,-0.014336738505878244,-0.63667218280859,0.6545556549492075,-0.3215305933186965,-0.33858048125655726,0.7532119565877601,0.09341476434010847,0.25041142262363614,-0.35900063508533336,0.6439310495265546,0.24636708032919546,-0.3793311185305041,0.6561530686714792,0.6937441225261193,-2.527438883258179,-0.4179259120969428,0.1311165652512792,9.519865684325431
test,E0198,4.754090627918568,12.923405444931195,0.4541046779952698,-0.362592122696406,-2.65701408513833,1.4955099076179417,0.5867010802744228,0.27353884775004966,0.3703092408116423,0.2376736411691332,-1.7294697652137438,-1.9323789918133563,1.4402722848066531,-0.15174583117108015,-0.5111310532541529,0.5602441162603443,-0.7614558065141646,-0.5552114205253433,0.7240750880085235,-0.8834815434220421,8.113992257135692
test,E0199,1.3713132248090896,-13.82844131791721,0.5129415984633283,0.4039910534258099,1.1641192990203286,0.542498228504639,0.3923809904209261,1.359952056541852,-0.6202902419749762,0.6534865090628391,0.6475222754772373,-1.7679495492624473,1.1799193732987385,0.8692434763359151,0.08582947840041773,-0.9989047165892759,-1.168016688886312,-1.5124183109397924,1.7548429883556855,0.5547941368250919,8.58829128445686
test,E0200,5.3798730177187535,17.684746459025305,0.5620683039322063,0.7586966879184575,0.8303136892009204,1.5641230963887933,0.32582235596121817,0.9195429279138048,-0.6164358543455345,1.0022882828100166,-1.0790724489747663,1.7879551810870558,-1.2761758221986348,-0.8596940558952271,-0.5842272712189922,1.8789695182267592,-1.4902740004875026,-0.08044689140544538,-0.9435585330729338,1.2039600210391048,16.036653370369457
